event_id,timestamp,user_id,role,department_or_vendor,resource,auth_method,outcome,location,is_anomalous
IA003459,2026-06-01T00:11:00,VND2023,vendor,SkyLink Ground Services,Staff-VPN,vpn_password,success,airport-terminal,1
IA005594,2026-06-01T00:15:32,VND2021,vendor,Falcon Cargo Handling,Staff-VPN,sso_password,success,vendor-remote-site,0
IA003808,2026-06-01T00:57:11,VND2004,vendor,Falcon Cargo Handling,Gate-Management-System,vpn_certificate,success,airport-terminal,0
IA004796,2026-06-01T00:57:38,STF1045,staff,Baggage Handling,Maintenance-Ticketing,vpn_password,success,airport-terminal,0
IA002066,2026-06-01T01:28:06,STF1110,staff,Security,Airfield-Ops-Portal,vpn_certificate,fail,airport-terminal,0
IA003972,2026-06-01T01:46:25,STF1018,staff,Engineering & Maintenance,Baggage-Handling-System,sso_password,fail,airport-terminal,1
IA003954,2026-06-01T01:52:45,VND2024,vendor,AeroFuel Solutions,Gate-Management-System,sso_password,success,vendor-remote-site,0
IA005664,2026-06-01T01:53:20,STF1012,staff,IT,HR-Self-Service,badge+pin,success,airport-terminal,0
IA006071,2026-06-01T02:40:41,STF1104,staff,Gate Services,HR-Self-Service,vpn_certificate,success,airport-terminal,0
IA005799,2026-06-01T04:11:19,STF1122,staff,Gate Services,HR-Self-Service,vpn_certificate,success,airport-terminal,0
IA003871,2026-06-01T04:22:01,VND2007,vendor,SkyLink Ground Services,Retail-POS-Backend,sso_mfa,success,airport-terminal,0
IA003579,2026-06-01T04:49:44,VND2034,vendor,SkyLink Ground Services,Retail-POS-Backend,sso_password,fail,airport-terminal,0
IA000629,2026-06-01T06:01:53,VND2034,vendor,SkyLink Ground Services,Retail-POS-Backend,vpn_certificate,success,vendor-remote-site,0
IA000203,2026-06-01T06:07:15,VND2031,vendor,Meridian Aircraft Maintenance,Baggage-Handling-System,sso_password,fail,vendor-remote-site,0
IA000458,2026-06-01T06:16:41,STF1004,staff,IT,Baggage-Handling-System,vpn_certificate,success,airport-terminal,0
IA002611,2026-06-01T06:19:51,STF1169,staff,Ground Operations,Retail-POS-Backend,sso_password,success,airport-terminal,0
IA004294,2026-06-01T06:46:40,STF1097,staff,Retail Concessions,Cargo-Manifest-System,sso_mfa,success,airport-terminal,0
IA000621,2026-06-01T06:56:59,STF1177,staff,IT,Departure-Control-System,badge+pin,success,airport-terminal,0
IA003137,2026-06-01T06:57:47,STF1116,staff,IT,HR-Self-Service,badge+pin,success,airport-terminal,0
IA005249,2026-06-01T07:02:06,VND2011,vendor,Falcon Cargo Handling,Airfield-Ops-Portal,badge+pin,success,airport-terminal,0
IA002223,2026-06-01T07:20:26,STF1112,staff,Cargo,HR-Self-Service,sso_mfa,success,airport-terminal,0
IA001427,2026-06-01T07:22:47,STF1066,staff,Retail Concessions,Gate-Management-System,sso_password,success,airport-terminal,0
IA001713,2026-06-01T07:35:07,STF1152,staff,Ground Operations,Maintenance-Ticketing,vpn_certificate,success,airport-terminal,0
IA001232,2026-06-01T07:42:19,STF1172,staff,Ground Operations,Gate-Management-System,badge+pin,success,airport-terminal,0
IA005000,2026-06-01T07:54:10,VND2034,vendor,SkyLink Ground Services,Airfield-Ops-Portal,sso_mfa,success,airport-terminal,0
IA005023,2026-06-01T07:56:46,STF1011,staff,Retail Concessions,HR-Self-Service,badge+pin,success,airport-terminal,0
IA000033,2026-06-01T08:10:24,STF1046,staff,Cargo,Staff-VPN,sso_password,success,airport-terminal,0
IA000671,2026-06-01T08:10:55,VND2013,vendor,Falcon Cargo Handling,Retail-POS-Backend,sso_password,success,vendor-remote-site,0
IA001401,2026-06-01T08:12:46,VND2020,vendor,Coastal Catering Co,HR-Self-Service,sso_password,success,vendor-remote-site,0
IA003864,2026-06-01T08:13:20,VND2010,vendor,SkyLink Ground Services,Cargo-Manifest-System,vpn_certificate,success,vendor-remote-site,0
IA000312,2026-06-01T08:21:54,STF1092,staff,Baggage Handling,Staff-VPN,vpn_certificate,success,airport-terminal,0
IA000904,2026-06-01T08:49:17,STF1102,staff,IT,Maintenance-Ticketing,vpn_certificate,success,airport-terminal,0
IA000521,2026-06-01T09:50:47,STF1089,staff,Retail Concessions,Departure-Control-System,sso_password,success,airport-terminal,0
IA004689,2026-06-01T09:54:50,STF1117,staff,IT,Maintenance-Ticketing,sso_password,success,airport-terminal,0
IA005245,2026-06-01T09:56:03,VND2009,vendor,Falcon Cargo Handling,Cargo-Manifest-System,badge+pin,success,airport-terminal,0
IA005987,2026-06-01T10:03:50,STF1115,staff,Engineering & Maintenance,Airfield-Ops-Portal,sso_mfa,success,airport-terminal,0
IA002879,2026-06-01T10:07:58,STF1113,staff,IT,Cargo-Manifest-System,sso_password,success,airport-terminal,0
IA001325,2026-06-01T10:09:21,STF1120,staff,Engineering & Maintenance,Cargo-Manifest-System,badge+pin,success,airport-terminal,0
IA006075,2026-06-01T10:14:09,STF1019,staff,Cargo,HR-Self-Service,sso_mfa,success,airport-terminal,0
IA005841,2026-06-01T10:21:10,STF1106,staff,Retail Concessions,Gate-Management-System,badge+pin,fail,airport-terminal,0
IA003741,2026-06-01T10:32:47,STF1038,staff,Retail Concessions,Staff-VPN,sso_password,success,airport-terminal,0
IA005866,2026-06-01T10:33:31,STF1105,staff,Baggage Handling,Baggage-Handling-System,vpn_password,success,airport-terminal,0
IA005654,2026-06-01T10:42:28,STF1053,staff,Ground Operations,Maintenance-Ticketing,vpn_certificate,success,airport-terminal,0
IA000115,2026-06-01T10:46:10,STF1067,staff,IT,Airfield-Ops-Portal,vpn_password,success,airport-terminal,0
IA000156,2026-06-01T10:49:36,STF1066,staff,Retail Concessions,Departure-Control-System,badge+pin,success,airport-terminal,0
IA001182,2026-06-01T11:05:37,STF1127,staff,Baggage Handling,Baggage-Handling-System,badge+pin,success,airport-terminal,0
IA004675,2026-06-01T11:08:14,STF1178,staff,Engineering & Maintenance,Staff-VPN,sso_password,fail,airport-terminal,0
IA004160,2026-06-01T11:15:56,STF1024,staff,Retail Concessions,Departure-Control-System,sso_password,success,airport-terminal,0
IA002560,2026-06-01T11:22:06,VND2031,vendor,Meridian Aircraft Maintenance,Maintenance-Ticketing,vpn_certificate,success,airport-terminal,0
IA003812,2026-06-01T11:34:58,STF1073,staff,Gate Services,Cargo-Manifest-System,vpn_certificate,success,airport-terminal,0
IA005268,2026-06-01T11:54:43,STF1124,staff,Gate Services,Airfield-Ops-Portal,badge+pin,fail,airport-terminal,0
IA004273,2026-06-01T11:54:56,STF1004,staff,IT,Airfield-Ops-Portal,vpn_password,success,airport-terminal,0
IA001193,2026-06-01T12:14:56,VND2030,vendor,Meridian Aircraft Maintenance,Departure-Control-System,vpn_certificate,success,airport-terminal,0
IA001052,2026-06-01T12:19:09,VND2014,vendor,AeroFuel Solutions,Baggage-Handling-System,badge+pin,success,airport-terminal,0
IA004658,2026-06-01T12:25:36,VND2011,vendor,Falcon Cargo Handling,Cargo-Manifest-System,badge+pin,success,airport-terminal,0
IA002536,2026-06-01T12:26:12,STF1096,staff,Security,Baggage-Handling-System,sso_password,success,airport-terminal,0
IA001095,2026-06-01T12:29:46,STF1050,staff,Ground Operations,Staff-VPN,sso_mfa,success,airport-terminal,0
IA003424,2026-06-01T12:31:55,STF1012,staff,IT,Retail-POS-Backend,sso_mfa,success,airport-terminal,0
IA001580,2026-06-01T12:34:14,STF1168,staff,Gate Services,Baggage-Handling-System,sso_mfa,success,airport-terminal,0
IA001231,2026-06-01T12:34:42,STF1028,staff,IT,Departure-Control-System,badge+pin,fail,airport-terminal,0
IA003613,2026-06-01T12:37:52,STF1034,staff,Ground Operations,Baggage-Handling-System,sso_password,success,airport-terminal,0
IA000981,2026-06-01T12:43:43,STF1094,staff,IT,Gate-Management-System,sso_mfa,success,airport-terminal,0
IA004931,2026-06-01T12:43:53,STF1091,staff,IT,Gate-Management-System,vpn_certificate,success,airport-terminal,0
IA004375,2026-06-01T12:58:42,VND2004,vendor,Falcon Cargo Handling,Baggage-Handling-System,badge+pin,success,airport-terminal,0
IA002552,2026-06-01T13:00:27,STF1020,staff,Ground Operations,Baggage-Handling-System,sso_mfa,success,airport-terminal,0
IA006010,2026-06-01T13:05:57,STF1024,staff,Retail Concessions,Retail-POS-Backend,sso_mfa,success,airport-terminal,0
IA004411,2026-06-01T13:20:20,STF1143,staff,Engineering & Maintenance,Maintenance-Ticketing,vpn_password,success,airport-terminal,0
IA002953,2026-06-01T13:31:11,STF1111,staff,Ground Operations,HR-Self-Service,badge+pin,success,airport-terminal,0
IA000091,2026-06-01T13:36:03,VND2025,vendor,SkyLink Ground Services,Baggage-Handling-System,sso_password,success,vendor-remote-site,0
IA001218,2026-06-01T13:36:10,STF1019,staff,Cargo,Staff-VPN,sso_password,success,airport-terminal,0
IA001679,2026-06-01T13:39:12,VND2003,vendor,Falcon Cargo Handling,Staff-VPN,sso_password,success,vendor-remote-site,0
IA006127,2026-06-01T13:56:47,STF1028,staff,IT,Maintenance-Ticketing,badge+pin,success,airport-terminal,0
IA003019,2026-06-01T14:02:47,STF1078,staff,Baggage Handling,HR-Self-Service,vpn_password,fail,airport-terminal,0
IA005323,2026-06-01T14:05:56,VND2006,vendor,Coastal Catering Co,Gate-Management-System,badge+pin,success,vendor-remote-site,0
IA002708,2026-06-01T14:09:00,STF1176,staff,Engineering & Maintenance,Cargo-Manifest-System,sso_password,success,airport-terminal,0
IA000509,2026-06-01T14:10:04,STF1018,staff,Engineering & Maintenance,Cargo-Manifest-System,sso_password,success,airport-terminal,0
IA003411,2026-06-01T14:23:55,STF1105,staff,Baggage Handling,Retail-POS-Backend,sso_mfa,success,airport-terminal,0
IA003988,2026-06-01T14:36:33,STF1174,staff,Ground Operations,HR-Self-Service,sso_mfa,success,airport-terminal,0
IA000716,2026-06-01T14:44:00,STF1128,staff,Retail Concessions,Retail-POS-Backend,sso_password,success,airport-terminal,0
IA004863,2026-06-01T14:46:59,STF1106,staff,Retail Concessions,Staff-VPN,sso_mfa,success,airport-terminal,0
IA001129,2026-06-01T15:06:50,STF1120,staff,Engineering & Maintenance,Retail-POS-Backend,badge+pin,success,airport-terminal,0
IA004308,2026-06-01T15:14:05,STF1000,staff,Ground Operations,Baggage-Handling-System,sso_password,success,airport-terminal,0
IA005439,2026-06-01T15:23:06,STF1008,staff,Ground Operations,Maintenance-Ticketing,sso_mfa,success,airport-terminal,0
IA001089,2026-06-01T15:31:19,STF1063,staff,Retail Concessions,Airfield-Ops-Portal,sso_mfa,success,airport-terminal,0
IA001993,2026-06-01T16:08:14,VND2004,vendor,Falcon Cargo Handling,Maintenance-Ticketing,sso_mfa,success,airport-terminal,0
IA003446,2026-06-01T16:30:33,VND2023,vendor,SkyLink Ground Services,Baggage-Handling-System,sso_password,success,vendor-remote-site,1
IA001448,2026-06-01T16:33:30,VND2015,vendor,AeroFuel Solutions,Departure-Control-System,badge+pin,success,vendor-remote-site,0
IA003007,2026-06-01T16:38:22,STF1165,staff,Cargo,HR-Self-Service,sso_password,success,airport-terminal,0
IA004818,2026-06-01T16:45:39,VND2007,vendor,SkyLink Ground Services,Gate-Management-System,badge+pin,success,vendor-remote-site,0
IA002197,2026-06-01T16:56:27,VND2002,vendor,Horizon Cleaning Services,Departure-Control-System,vpn_password,success,airport-terminal,0
IA002374,2026-06-01T16:59:43,STF1007,staff,Baggage Handling,Airfield-Ops-Portal,vpn_certificate,success,airport-terminal,0
IA002811,2026-06-01T17:05:13,STF1084,staff,IT,Airfield-Ops-Portal,sso_mfa,success,airport-terminal,0
IA000524,2026-06-01T17:14:57,STF1157,staff,Gate Services,Gate-Management-System,sso_mfa,success,airport-terminal,0
IA003322,2026-06-01T17:25:32,STF1081,staff,Cargo,Baggage-Handling-System,vpn_certificate,success,airport-terminal,0
IA002728,2026-06-01T17:29:05,STF1139,staff,Gate Services,Retail-POS-Backend,badge+pin,success,airport-terminal,0
IA000898,2026-06-01T17:32:35,STF1108,staff,Security,Departure-Control-System,sso_password,success,airport-terminal,0
IA005518,2026-06-01T17:45:08,VND2006,vendor,Coastal Catering Co,Departure-Control-System,badge+pin,success,vendor-remote-site,0
IA001016,2026-06-01T17:46:05,STF1037,staff,Engineering & Maintenance,Airfield-Ops-Portal,vpn_certificate,success,airport-terminal,0
IA005301,2026-06-01T17:48:44,STF1072,staff,Retail Concessions,Departure-Control-System,sso_password,success,airport-terminal,0
IA003931,2026-06-01T18:03:58,STF1020,staff,Ground Operations,Cargo-Manifest-System,vpn_certificate,success,airport-terminal,0
IA004891,2026-06-01T18:16:46,STF1130,staff,Engineering & Maintenance,Departure-Control-System,vpn_password,fail,airport-terminal,0
IA000713,2026-06-01T18:16:51,STF1072,staff,Retail Concessions,Cargo-Manifest-System,sso_mfa,success,airport-terminal,0
IA005911,2026-06-01T18:21:11,STF1116,staff,IT,Gate-Management-System,vpn_password,success,airport-terminal,0
IA003833,2026-06-01T18:30:14,STF1009,staff,Retail Concessions,Airfield-Ops-Portal,vpn_certificate,success,airport-terminal,0
IA005277,2026-06-01T18:38:03,STF1114,staff,Gate Services,Baggage-Handling-System,sso_password,success,airport-terminal,0
IA002676,2026-06-01T18:39:07,VND2030,vendor,Meridian Aircraft Maintenance,Departure-Control-System,badge+pin,success,vendor-remote-site,0
IA001550,2026-06-01T18:42:02,STF1177,staff,IT,Cargo-Manifest-System,badge+pin,success,airport-terminal,0
IA005703,2026-06-01T18:43:14,STF1040,staff,Cargo,Airfield-Ops-Portal,sso_password,success,airport-terminal,0
IA002997,2026-06-01T18:44:13,VND2002,vendor,Horizon Cleaning Services,Retail-POS-Backend,sso_mfa,success,airport-terminal,0
IA004146,2026-06-01T18:56:10,STF1153,staff,Ground Operations,Baggage-Handling-System,sso_mfa,success,airport-terminal,0
IA001606,2026-06-01T19:03:14,STF1020,staff,Ground Operations,Departure-Control-System,sso_mfa,success,airport-terminal,0
IA005317,2026-06-01T19:04:07,STF1007,staff,Baggage Handling,Airfield-Ops-Portal,sso_password,fail,airport-terminal,0
IA002873,2026-06-01T19:08:03,STF1141,staff,Retail Concessions,Departure-Control-System,sso_password,success,airport-terminal,0
IA002385,2026-06-01T19:21:55,STF1094,staff,IT,Maintenance-Ticketing,vpn_certificate,success,airport-terminal,0
IA005681,2026-06-01T19:30:03,STF1140,staff,Engineering & Maintenance,Gate-Management-System,sso_password,success,airport-terminal,0
IA003354,2026-06-01T19:31:44,STF1078,staff,Baggage Handling,Staff-VPN,sso_password,success,airport-terminal,0
IA005563,2026-06-01T19:40:01,STF1127,staff,Baggage Handling,HR-Self-Service,sso_password,success,airport-terminal,0
IA004558,2026-06-01T19:56:28,VND2013,vendor,Falcon Cargo Handling,Airfield-Ops-Portal,vpn_password,success,vendor-remote-site,0
IA004517,2026-06-01T20:08:00,STF1026,staff,Gate Services,Gate-Management-System,vpn_password,success,airport-terminal,0
IA001839,2026-06-01T20:12:42,STF1027,staff,Baggage Handling,Departure-Control-System,badge+pin,success,airport-terminal,0
IA005537,2026-06-01T20:15:59,STF1101,staff,Retail Concessions,Baggage-Handling-System,badge+pin,success,airport-terminal,0
IA002217,2026-06-01T20:21:25,STF1069,staff,Baggage Handling,Airfield-Ops-Portal,sso_mfa,success,airport-terminal,0
IA000614,2026-06-01T20:35:15,STF1045,staff,Baggage Handling,Cargo-Manifest-System,badge+pin,success,airport-terminal,0
IA005075,2026-06-01T20:42:02,STF1060,staff,Retail Concessions,Gate-Management-System,badge+pin,success,airport-terminal,0
IA002384,2026-06-01T20:43:52,STF1155,staff,Cargo,Departure-Control-System,sso_password,success,airport-terminal,0
IA004638,2026-06-01T21:18:58,STF1022,staff,Ground Operations,Baggage-Handling-System,sso_mfa,success,airport-terminal,0
IA000102,2026-06-01T21:19:24,STF1000,staff,Ground Operations,Cargo-Manifest-System,badge+pin,success,airport-terminal,0
IA001689,2026-06-01T21:22:44,VND2010,vendor,SkyLink Ground Services,Airfield-Ops-Portal,vpn_password,success,airport-terminal,0
IA005188,2026-06-01T21:25:05,VND2011,vendor,Falcon Cargo Handling,Gate-Management-System,sso_password,success,airport-terminal,0
IA001989,2026-06-01T21:44:29,STF1074,staff,Baggage Handling,HR-Self-Service,badge+pin,success,airport-terminal,0
IA000752,2026-06-01T21:53:02,STF1141,staff,Retail Concessions,HR-Self-Service,badge+pin,success,airport-terminal,0
IA003291,2026-06-01T23:38:43,VND2002,vendor,Horizon Cleaning Services,Staff-VPN,vpn_certificate,success,vendor-remote-site,0
IA001740,2026-06-01T23:48:16,STF1060,staff,Retail Concessions,Departure-Control-System,badge+pin,success,airport-terminal,0
IA005803,2026-06-02T00:45:06,VND2034,vendor,SkyLink Ground Services,Maintenance-Ticketing,vpn_password,success,airport-terminal,0
IA002365,2026-06-02T00:51:50,STF1094,staff,IT,Departure-Control-System,badge+pin,success,airport-terminal,0
IA004855,2026-06-02T01:04:20,STF1154,staff,Ground Operations,Airfield-Ops-Portal,sso_password,fail,airport-terminal,0
IA005899,2026-06-02T01:48:29,VND2011,vendor,Falcon Cargo Handling,Airfield-Ops-Portal,vpn_certificate,success,vendor-remote-site,0
IA000653,2026-06-02T03:37:03,STF1023,staff,Baggage Handling,Departure-Control-System,vpn_password,fail,airport-terminal,0
IA000012,2026-06-02T03:53:39,VND2013,vendor,Falcon Cargo Handling,Airfield-Ops-Portal,badge+pin,success,airport-terminal,0
IA000907,2026-06-02T04:06:13,STF1109,staff,IT,HR-Self-Service,sso_password,success,airport-terminal,0
IA005212,2026-06-02T04:41:32,VND2014,vendor,AeroFuel Solutions,Cargo-Manifest-System,badge+pin,success,vendor-remote-site,0
IA003739,2026-06-02T06:03:20,STF1080,staff,Cargo,Maintenance-Ticketing,sso_mfa,success,airport-terminal,0
IA005884,2026-06-02T06:07:09,STF1022,staff,Ground Operations,Staff-VPN,vpn_password,success,airport-terminal,0
IA003232,2026-06-02T06:12:00,STF1017,staff,Gate Services,Staff-VPN,badge+pin,success,airport-terminal,0
IA000701,2026-06-02T06:12:36,STF1147,staff,Ground Operations,Gate-Management-System,badge+pin,success,airport-terminal,0
IA005895,2026-06-02T06:14:31,STF1087,staff,Ground Operations,Airfield-Ops-Portal,badge+pin,success,airport-terminal,0
IA002245,2026-06-02T06:15:21,STF1119,staff,Baggage Handling,Departure-Control-System,badge+pin,success,airport-terminal,0
IA006159,2026-06-02T06:20:08,VND2031,vendor,Meridian Aircraft Maintenance,Baggage-Handling-System,vpn_password,success,airport-terminal,0
IA004314,2026-06-02T06:23:03,VND2014,vendor,AeroFuel Solutions,Gate-Management-System,sso_password,success,airport-terminal,0
IA003719,2026-06-02T06:34:17,STF1127,staff,Baggage Handling,Baggage-Handling-System,badge+pin,success,airport-terminal,0
IA005195,2026-06-02T06:45:08,STF1102,staff,IT,Baggage-Handling-System,sso_password,success,airport-terminal,0
IA000631,2026-06-02T07:03:03,STF1152,staff,Ground Operations,Departure-Control-System,vpn_certificate,success,airport-terminal,0
IA005134,2026-06-02T07:11:57,STF1142,staff,Gate Services,Maintenance-Ticketing,sso_mfa,success,airport-terminal,0
IA000702,2026-06-02T07:32:32,VND2027,vendor,Meridian Aircraft Maintenance,Baggage-Handling-System,sso_mfa,success,airport-terminal,0
IA001265,2026-06-02T07:32:43,STF1169,staff,Ground Operations,Departure-Control-System,sso_password,success,airport-terminal,0
IA002034,2026-06-02T08:05:15,STF1119,staff,Baggage Handling,HR-Self-Service,badge+pin,success,airport-terminal,0
IA004731,2026-06-02T08:29:43,VND2026,vendor,Horizon Cleaning Services,Airfield-Ops-Portal,badge+pin,success,vendor-remote-site,0
IA001500,2026-06-02T08:31:10,STF1174,staff,Ground Operations,Maintenance-Ticketing,sso_password,success,airport-terminal,0
IA001673,2026-06-02T08:39:36,STF1111,staff,Ground Operations,Retail-POS-Backend,badge+pin,success,airport-terminal,0
IA004483,2026-06-02T08:45:14,VND2015,vendor,AeroFuel Solutions,Maintenance-Ticketing,vpn_certificate,success,airport-terminal,0
IA002114,2026-06-02T08:51:27,STF1075,staff,Gate Services,Baggage-Handling-System,badge+pin,success,airport-terminal,0
IA002414,2026-06-02T09:00:27,STF1149,staff,Cargo,Gate-Management-System,sso_password,success,airport-terminal,0
IA005666,2026-06-02T09:00:38,VND2004,vendor,Falcon Cargo Handling,Airfield-Ops-Portal,vpn_password,success,vendor-remote-site,0
IA002139,2026-06-02T09:12:34,VND2009,vendor,Falcon Cargo Handling,Gate-Management-System,vpn_certificate,success,airport-terminal,0
IA004536,2026-06-02T09:14:53,STF1137,staff,Retail Concessions,Maintenance-Ticketing,sso_mfa,success,airport-terminal,0
IA001024,2026-06-02T09:18:19,STF1163,staff,Retail Concessions,Staff-VPN,vpn_certificate,success,airport-terminal,0
IA002095,2026-06-02T09:22:25,STF1117,staff,IT,Departure-Control-System,sso_mfa,success,airport-terminal,0
IA001450,2026-06-02T09:22:57,STF1044,staff,Ground Operations,Staff-VPN,badge+pin,success,airport-terminal,0
IA004458,2026-06-02T09:29:27,VND2033,vendor,Meridian Aircraft Maintenance,HR-Self-Service,sso_password,success,vendor-remote-site,0
IA000324,2026-06-02T09:36:49,STF1007,staff,Baggage Handling,Retail-POS-Backend,vpn_certificate,success,airport-terminal,0
IA003661,2026-06-02T09:40:17,STF1024,staff,Retail Concessions,Airfield-Ops-Portal,vpn_certificate,success,airport-terminal,0
IA005393,2026-06-02T09:48:43,STF1176,staff,Engineering & Maintenance,Gate-Management-System,badge+pin,success,airport-terminal,0
IA003636,2026-06-02T09:50:16,VND2005,vendor,AeroFuel Solutions,Retail-POS-Backend,sso_password,success,airport-terminal,0
IA003197,2026-06-02T09:59:25,STF1115,staff,Engineering & Maintenance,Cargo-Manifest-System,badge+pin,success,airport-terminal,0
IA003347,2026-06-02T10:06:55,STF1006,staff,Retail Concessions,Cargo-Manifest-System,vpn_certificate,success,airport-terminal,0
IA001195,2026-06-02T10:13:28,STF1026,staff,Gate Services,HR-Self-Service,sso_mfa,success,airport-terminal,0
IA005208,2026-06-02T10:24:53,STF1117,staff,IT,Departure-Control-System,sso_password,success,airport-terminal,0
IA002030,2026-06-02T10:29:23,STF1015,staff,Gate Services,Retail-POS-Backend,badge+pin,success,airport-terminal,0
IA004674,2026-06-02T10:32:52,STF1090,staff,Engineering & Maintenance,Staff-VPN,vpn_password,success,airport-terminal,0
IA000594,2026-06-02T10:37:46,STF1095,staff,Retail Concessions,Retail-POS-Backend,vpn_password,success,airport-terminal,0
IA001108,2026-06-02T10:39:05,VND2008,vendor,SkyLink Ground Services,Baggage-Handling-System,badge+pin,success,vendor-remote-site,0
IA005759,2026-06-02T10:51:32,VND2007,vendor,SkyLink Ground Services,Airfield-Ops-Portal,vpn_password,success,airport-terminal,0
IA001613,2026-06-02T10:52:48,STF1165,staff,Cargo,Departure-Control-System,sso_mfa,success,airport-terminal,0
IA000734,2026-06-02T10:53:40,STF1128,staff,Retail Concessions,Airfield-Ops-Portal,badge+pin,success,airport-terminal,0
IA005870,2026-06-02T11:21:01,STF1104,staff,Gate Services,Maintenance-Ticketing,sso_mfa,success,airport-terminal,0
IA004199,2026-06-02T11:24:19,STF1124,staff,Gate Services,Staff-VPN,sso_password,success,airport-terminal,0
IA002924,2026-06-02T11:36:24,STF1115,staff,Engineering & Maintenance,Cargo-Manifest-System,vpn_password,success,airport-terminal,0
IA000563,2026-06-02T11:47:58,VND2034,vendor,SkyLink Ground Services,Airfield-Ops-Portal,badge+pin,success,vendor-remote-site,0
IA002659,2026-06-02T12:00:30,VND2011,vendor,Falcon Cargo Handling,HR-Self-Service,vpn_password,success,vendor-remote-site,0
IA001971,2026-06-02T12:10:05,STF1034,staff,Ground Operations,HR-Self-Service,badge+pin,success,airport-terminal,0
IA002299,2026-06-02T12:10:34,STF1139,staff,Gate Services,Retail-POS-Backend,badge+pin,success,airport-terminal,0
IA005560,2026-06-02T12:16:12,STF1002,staff,Ground Operations,Departure-Control-System,sso_password,success,airport-terminal,0
IA000914,2026-06-02T12:35:55,STF1159,staff,Engineering & Maintenance,HR-Self-Service,sso_mfa,success,airport-terminal,0
IA002196,2026-06-02T12:57:12,STF1063,staff,Retail Concessions,Departure-Control-System,sso_mfa,success,airport-terminal,0
IA001496,2026-06-02T13:09:27,STF1173,staff,Baggage Handling,Staff-VPN,sso_mfa,success,airport-terminal,0
IA002421,2026-06-02T13:20:53,STF1084,staff,IT,Maintenance-Ticketing,vpn_password,success,airport-terminal,0
IA003261,2026-06-02T13:29:58,STF1106,staff,Retail Concessions,Maintenance-Ticketing,vpn_password,success,airport-terminal,0
IA004520,2026-06-02T13:35:47,STF1085,staff,Gate Services,Staff-VPN,sso_password,success,airport-terminal,0
IA002944,2026-06-02T13:36:07,VND2020,vendor,Coastal Catering Co,Retail-POS-Backend,badge+pin,success,vendor-remote-site,0
IA001777,2026-06-02T13:37:42,STF1020,staff,Ground Operations,Departure-Control-System,sso_password,success,airport-terminal,0
IA003612,2026-06-02T13:45:29,STF1107,staff,Baggage Handling,Gate-Management-System,sso_mfa,success,airport-terminal,0
IA001132,2026-06-02T13:48:01,STF1114,staff,Gate Services,Staff-VPN,sso_mfa,success,airport-terminal,0
IA003356,2026-06-02T14:13:20,VND2007,vendor,SkyLink Ground Services,Cargo-Manifest-System,sso_password,fail,vendor-remote-site,0
IA005021,2026-06-02T14:15:57,STF1025,staff,Security,Departure-Control-System,sso_mfa,success,airport-terminal,0
IA005639,2026-06-02T14:26:27,STF1020,staff,Ground Operations,Baggage-Handling-System,badge+pin,success,airport-terminal,0
IA002474,2026-06-02T14:35:23,STF1110,staff,Security,HR-Self-Service,sso_password,success,airport-terminal,0
IA000511,2026-06-02T14:35:27,VND2000,vendor,SkyLink Ground Services,Cargo-Manifest-System,sso_password,success,airport-terminal,0
IA000006,2026-06-02T14:45:21,STF1005,staff,Retail Concessions,Departure-Control-System,sso_mfa,fail,airport-terminal,0
IA001269,2026-06-02T15:01:33,STF1126,staff,IT,Cargo-Manifest-System,badge+pin,success,airport-terminal,0
IA002730,2026-06-02T15:01:43,STF1072,staff,Retail Concessions,Maintenance-Ticketing,vpn_password,success,airport-terminal,0
IA005814,2026-06-02T15:20:36,STF1039,staff,Engineering & Maintenance,Gate-Management-System,badge+pin,success,airport-terminal,0
IA003819,2026-06-02T15:23:22,VND2032,vendor,AeroFuel Solutions,Airfield-Ops-Portal,badge+pin,success,airport-terminal,0
IA001834,2026-06-02T15:25:05,STF1167,staff,Retail Concessions,Baggage-Handling-System,vpn_password,success,airport-terminal,1
IA003367,2026-06-02T15:27:08,STF1056,staff,IT,Maintenance-Ticketing,badge+pin,success,airport-terminal,0
IA005680,2026-06-02T15:34:18,STF1099,staff,Baggage Handling,Airfield-Ops-Portal,badge+pin,fail,airport-terminal,0
IA001985,2026-06-02T15:46:26,STF1005,staff,Retail Concessions,Airfield-Ops-Portal,vpn_certificate,success,airport-terminal,0
IA001683,2026-06-02T15:52:09,STF1177,staff,IT,Airfield-Ops-Portal,vpn_certificate,success,airport-terminal,0
IA002102,2026-06-02T16:10:37,STF1034,staff,Ground Operations,Departure-Control-System,vpn_password,success,airport-terminal,0
IA003208,2026-06-02T16:10:39,VND2024,vendor,AeroFuel Solutions,Retail-POS-Backend,sso_mfa,success,airport-terminal,0
IA005991,2026-06-02T16:13:32,VND2007,vendor,SkyLink Ground Services,Cargo-Manifest-System,badge+pin,success,vendor-remote-site,0
IA003107,2026-06-02T16:32:17,STF1114,staff,Gate Services,Baggage-Handling-System,sso_mfa,success,airport-terminal,0
IA002849,2026-06-02T16:32:39,STF1017,staff,Gate Services,Cargo-Manifest-System,sso_password,success,airport-terminal,0
IA002031,2026-06-02T17:04:24,VND2012,vendor,AeroFuel Solutions,HR-Self-Service,vpn_password,success,vendor-remote-site,0
IA005118,2026-06-02T17:07:39,VND2004,vendor,Falcon Cargo Handling,Baggage-Handling-System,badge+pin,success,vendor-remote-site,0
IA000500,2026-06-02T17:11:41,STF1084,staff,IT,Departure-Control-System,badge+pin,success,airport-terminal,0
IA001570,2026-06-02T17:14:48,STF1101,staff,Retail Concessions,Cargo-Manifest-System,sso_mfa,success,airport-terminal,0
IA002575,2026-06-02T17:17:59,VND2002,vendor,Horizon Cleaning Services,Retail-POS-Backend,sso_mfa,success,vendor-remote-site,0
IA005688,2026-06-02T17:45:34,VND2006,vendor,Coastal Catering Co,Gate-Management-System,vpn_password,success,vendor-remote-site,0
IA002100,2026-06-02T17:51:02,STF1170,staff,Baggage Handling,Cargo-Manifest-System,badge+pin,success,airport-terminal,0
IA001039,2026-06-02T17:55:09,VND2017,vendor,Horizon Cleaning Services,HR-Self-Service,badge+pin,success,airport-terminal,0
IA003662,2026-06-02T18:21:11,STF1087,staff,Ground Operations,Baggage-Handling-System,badge+pin,success,airport-terminal,0
IA005304,2026-06-02T18:28:41,STF1043,staff,Cargo,Staff-VPN,badge+pin,success,airport-terminal,0
IA002905,2026-06-02T18:44:24,STF1053,staff,Ground Operations,Maintenance-Ticketing,badge+pin,success,airport-terminal,0
IA000721,2026-06-02T18:47:50,STF1065,staff,Security,Baggage-Handling-System,vpn_certificate,success,airport-terminal,0
IA005214,2026-06-02T18:51:21,VND2018,vendor,Falcon Cargo Handling,Cargo-Manifest-System,badge+pin,success,airport-terminal,0
IA000410,2026-06-02T19:12:02,STF1071,staff,Cargo,Baggage-Handling-System,badge+pin,success,airport-terminal,0
IA001205,2026-06-02T19:18:11,VND2008,vendor,SkyLink Ground Services,Departure-Control-System,vpn_password,success,vendor-remote-site,0
IA002998,2026-06-02T19:21:41,STF1104,staff,Gate Services,Gate-Management-System,sso_mfa,success,airport-terminal,0
IA005457,2026-06-02T19:21:42,STF1006,staff,Retail Concessions,Departure-Control-System,sso_password,success,airport-terminal,0
IA000632,2026-06-02T19:22:19,STF1158,staff,Baggage Handling,Baggage-Handling-System,sso_password,success,airport-terminal,0
IA002637,2026-06-02T19:22:21,STF1119,staff,Baggage Handling,Cargo-Manifest-System,sso_mfa,success,airport-terminal,0
IA005984,2026-06-02T19:29:08,STF1011,staff,Retail Concessions,Cargo-Manifest-System,sso_password,success,airport-terminal,0
IA002079,2026-06-02T19:35:53,VND2027,vendor,Meridian Aircraft Maintenance,Departure-Control-System,vpn_password,success,vendor-remote-site,0
IA000020,2026-06-02T19:36:00,STF1031,staff,Cargo,HR-Self-Service,sso_password,success,airport-terminal,0
IA001559,2026-06-02T19:39:56,STF1106,staff,Retail Concessions,Maintenance-Ticketing,vpn_certificate,success,airport-terminal,0
IA000908,2026-06-02T19:52:57,STF1168,staff,Gate Services,Airfield-Ops-Portal,sso_password,success,airport-terminal,0
IA005697,2026-06-02T19:55:24,STF1158,staff,Baggage Handling,Maintenance-Ticketing,sso_password,success,airport-terminal,0
IA002289,2026-06-02T20:03:07,VND2021,vendor,Falcon Cargo Handling,HR-Self-Service,sso_mfa,success,vendor-remote-site,0
IA001249,2026-06-02T20:03:52,VND2014,vendor,AeroFuel Solutions,Maintenance-Ticketing,sso_mfa,success,airport-terminal,0
IA005138,2026-06-02T20:11:52,VND2013,vendor,Falcon Cargo Handling,Baggage-Handling-System,badge+pin,success,airport-terminal,0
IA003353,2026-06-02T20:13:50,STF1086,staff,Baggage Handling,Airfield-Ops-Portal,badge+pin,success,airport-terminal,0
IA004332,2026-06-02T20:17:37,STF1105,staff,Baggage Handling,HR-Self-Service,vpn_certificate,success,airport-terminal,0
IA001363,2026-06-02T20:19:33,STF1017,staff,Gate Services,Maintenance-Ticketing,sso_password,fail,airport-terminal,0
IA003089,2026-06-02T20:22:02,STF1099,staff,Baggage Handling,Gate-Management-System,sso_mfa,success,airport-terminal,0
IA003693,2026-06-02T20:22:15,STF1049,staff,Retail Concessions,Staff-VPN,vpn_certificate,success,airport-terminal,0
IA002054,2026-06-02T20:40:12,STF1172,staff,Ground Operations,Baggage-Handling-System,badge+pin,success,airport-terminal,0
IA000892,2026-06-02T20:46:53,STF1159,staff,Engineering & Maintenance,Airfield-Ops-Portal,sso_mfa,success,airport-terminal,0
IA004850,2026-06-02T20:47:07,STF1157,staff,Gate Services,Departure-Control-System,badge+pin,success,airport-terminal,0
IA000540,2026-06-02T20:47:38,STF1142,staff,Gate Services,HR-Self-Service,vpn_certificate,success,airport-terminal,0
IA001566,2026-06-02T20:52:49,VND2028,vendor,Horizon Cleaning Services,Maintenance-Ticketing,sso_password,success,vendor-remote-site,0
IA000800,2026-06-02T20:53:07,STF1038,staff,Retail Concessions,Maintenance-Ticketing,vpn_password,success,airport-terminal,0
IA002882,2026-06-02T20:54:16,STF1105,staff,Baggage Handling,Departure-Control-System,badge+pin,success,airport-terminal,0
IA000522,2026-06-02T21:00:06,STF1075,staff,Gate Services,Airfield-Ops-Portal,sso_password,success,airport-terminal,0
IA005890,2026-06-02T21:01:13,STF1018,staff,Engineering & Maintenance,Departure-Control-System,badge+pin,success,airport-terminal,0
IA002655,2026-06-02T21:04:35,STF1007,staff,Baggage Handling,Staff-VPN,sso_mfa,success,airport-terminal,0
IA005011,2026-06-02T21:04:52,STF1091,staff,IT,Maintenance-Ticketing,badge+pin,success,airport-terminal,0
IA004875,2026-06-02T21:07:03,VND2004,vendor,Falcon Cargo Handling,Airfield-Ops-Portal,sso_password,success,airport-terminal,0
IA005919,2026-06-02T21:11:52,VND2017,vendor,Horizon Cleaning Services,Retail-POS-Backend,sso_password,success,airport-terminal,0
IA002851,2026-06-02T21:14:06,STF1016,staff,Gate Services,Staff-VPN,badge+pin,success,airport-terminal,0
IA003403,2026-06-02T21:15:12,STF1108,staff,Security,Cargo-Manifest-System,badge+pin,fail,airport-terminal,0
IA002579,2026-06-02T21:19:35,STF1070,staff,Ground Operations,Cargo-Manifest-System,badge+pin,success,airport-terminal,0
IA002639,2026-06-02T21:26:09,STF1035,staff,Retail Concessions,Maintenance-Ticketing,vpn_password,success,airport-terminal,0
IA003382,2026-06-02T21:28:55,STF1174,staff,Ground Operations,Retail-POS-Backend,vpn_password,success,airport-terminal,0
IA000046,2026-06-02T21:29:30,STF1170,staff,Baggage Handling,Staff-VPN,vpn_certificate,success,airport-terminal,0
IA003961,2026-06-02T21:49:17,STF1106,staff,Retail Concessions,Baggage-Handling-System,vpn_certificate,success,airport-terminal,0
IA004231,2026-06-02T21:51:02,STF1125,staff,Retail Concessions,HR-Self-Service,vpn_password,success,airport-terminal,0
IA003410,2026-06-02T21:51:59,STF1057,staff,Cargo,Cargo-Manifest-System,sso_mfa,success,airport-terminal,0
IA005892,2026-06-02T21:55:57,STF1146,staff,Ground Operations,Maintenance-Ticketing,sso_password,success,airport-terminal,0
IA004114,2026-06-02T23:11:59,STF1038,staff,Retail Concessions,Gate-Management-System,sso_mfa,success,airport-terminal,0
IA002902,2026-06-03T00:10:24,STF1146,staff,Ground Operations,Gate-Management-System,sso_password,success,airport-terminal,0
IA004076,2026-06-03T01:19:05,STF1089,staff,Retail Concessions,Airfield-Ops-Portal,badge+pin,success,airport-terminal,0
IA000244,2026-06-03T01:52:57,STF1030,staff,Baggage Handling,Airfield-Ops-Portal,sso_password,success,airport-terminal,0
IA001134,2026-06-03T03:00:53,STF1162,staff,Ground Operations,Retail-POS-Backend,sso_mfa,success,airport-terminal,0
IA004531,2026-06-03T03:09:52,STF1067,staff,IT,Maintenance-Ticketing,sso_mfa,success,airport-terminal,0
IA000730,2026-06-03T03:13:39,VND2021,vendor,Falcon Cargo Handling,Gate-Management-System,vpn_certificate,success,airport-terminal,0
IA004573,2026-06-03T04:22:49,STF1013,staff,Cargo,Staff-VPN,sso_mfa,success,airport-terminal,0
IA003226,2026-06-03T06:01:22,VND2012,vendor,AeroFuel Solutions,Baggage-Handling-System,sso_mfa,success,airport-terminal,0
IA000087,2026-06-03T06:08:42,STF1143,staff,Engineering & Maintenance,Retail-POS-Backend,vpn_certificate,success,airport-terminal,0
IA003633,2026-06-03T06:12:20,STF1081,staff,Cargo,Maintenance-Ticketing,sso_password,fail,airport-terminal,0
IA003818,2026-06-03T06:16:01,VND2008,vendor,SkyLink Ground Services,Maintenance-Ticketing,badge+pin,success,vendor-remote-site,0
IA004799,2026-06-03T06:22:10,STF1141,staff,Retail Concessions,Airfield-Ops-Portal,sso_password,success,airport-terminal,0
IA005805,2026-06-03T06:25:37,VND2034,vendor,SkyLink Ground Services,HR-Self-Service,sso_mfa,success,airport-terminal,0
IA001739,2026-06-03T06:28:34,STF1113,staff,IT,Baggage-Handling-System,vpn_password,success,airport-terminal,0
IA001975,2026-06-03T06:29:51,STF1045,staff,Baggage Handling,Cargo-Manifest-System,sso_password,success,airport-terminal,0
IA002195,2026-06-03T06:33:32,STF1167,staff,Retail Concessions,Departure-Control-System,sso_password,success,airport-terminal,1
IA004359,2026-06-03T06:51:22,STF1068,staff,Ground Operations,Departure-Control-System,vpn_certificate,success,airport-terminal,0
IA003682,2026-06-03T07:00:23,STF1045,staff,Baggage Handling,Airfield-Ops-Portal,vpn_certificate,success,airport-terminal,0
IA001463,2026-06-03T07:09:26,STF1063,staff,Retail Concessions,Gate-Management-System,vpn_certificate,success,airport-terminal,0
IA000967,2026-06-03T07:15:24,STF1150,staff,IT,Retail-POS-Backend,badge+pin,success,airport-terminal,0
IA000885,2026-06-03T07:19:52,VND2026,vendor,Horizon Cleaning Services,HR-Self-Service,sso_mfa,success,airport-terminal,0
IA001637,2026-06-03T07:27:04,STF1002,staff,Ground Operations,Cargo-Manifest-System,sso_password,success,airport-terminal,0
IA005140,2026-06-03T07:32:43,STF1049,staff,Retail Concessions,Departure-Control-System,vpn_certificate,success,airport-terminal,0
IA001380,2026-06-03T07:40:34,STF1104,staff,Gate Services,Gate-Management-System,vpn_certificate,success,airport-terminal,0
IA002129,2026-06-03T07:47:28,STF1013,staff,Cargo,Staff-VPN,badge+pin,success,airport-terminal,0
IA001081,2026-06-03T07:53:57,STF1026,staff,Gate Services,Retail-POS-Backend,sso_password,success,airport-terminal,0
IA003689,2026-06-03T08:25:07,VND2010,vendor,SkyLink Ground Services,HR-Self-Service,vpn_password,success,airport-terminal,0
IA001539,2026-06-03T08:30:23,VND2007,vendor,SkyLink Ground Services,Baggage-Handling-System,vpn_password,success,airport-terminal,0
IA004574,2026-06-03T08:33:37,STF1161,staff,Ground Operations,Departure-Control-System,sso_password,success,airport-terminal,0
IA006123,2026-06-03T08:54:45,STF1089,staff,Retail Concessions,Baggage-Handling-System,vpn_certificate,success,airport-terminal,0
IA001049,2026-06-03T09:26:19,STF1012,staff,IT,Retail-POS-Backend,vpn_certificate,success,airport-terminal,0
IA003917,2026-06-03T09:33:05,STF1023,staff,Baggage Handling,Departure-Control-System,sso_password,success,airport-terminal,0
IA003754,2026-06-03T09:37:43,STF1064,staff,Cargo,Cargo-Manifest-System,sso_mfa,success,airport-terminal,0
IA000057,2026-06-03T09:55:23,STF1010,staff,Gate Services,HR-Self-Service,sso_password,success,airport-terminal,0
IA001210,2026-06-03T10:07:55,STF1046,staff,Cargo,Retail-POS-Backend,sso_password,success,airport-terminal,0
IA005479,2026-06-03T10:17:05,STF1087,staff,Ground Operations,Departure-Control-System,vpn_certificate,fail,airport-terminal,0
IA003141,2026-06-03T10:27:12,STF1146,staff,Ground Operations,Retail-POS-Backend,sso_mfa,success,airport-terminal,0
IA005222,2026-06-03T10:46:38,STF1067,staff,IT,Airfield-Ops-Portal,vpn_certificate,success,airport-terminal,0
IA003565,2026-06-03T10:54:59,STF1022,staff,Ground Operations,Airfield-Ops-Portal,sso_password,success,airport-terminal,0
IA002820,2026-06-03T11:19:58,STF1149,staff,Cargo,Retail-POS-Backend,vpn_password,success,airport-terminal,0
IA000974,2026-06-03T11:23:31,VND2006,vendor,Coastal Catering Co,Staff-VPN,sso_mfa,success,vendor-remote-site,0
IA005528,2026-06-03T11:27:11,VND2031,vendor,Meridian Aircraft Maintenance,Retail-POS-Backend,sso_mfa,success,vendor-remote-site,0
IA003760,2026-06-03T11:34:08,STF1114,staff,Gate Services,Departure-Control-System,vpn_password,success,airport-terminal,0
IA000215,2026-06-03T11:42:29,STF1095,staff,Retail Concessions,Gate-Management-System,sso_password,success,airport-terminal,0
IA001883,2026-06-03T11:58:28,VND2029,vendor,Horizon Cleaning Services,Staff-VPN,sso_mfa,success,airport-terminal,0
IA006103,2026-06-03T11:58:59,STF1099,staff,Baggage Handling,Staff-VPN,sso_mfa,success,airport-terminal,0
IA003686,2026-06-03T12:11:02,STF1010,staff,Gate Services,Retail-POS-Backend,sso_mfa,success,airport-terminal,0
IA004223,2026-06-03T12:35:36,STF1120,staff,Engineering & Maintenance,Staff-VPN,sso_password,success,airport-terminal,0
IA002682,2026-06-03T12:39:55,STF1070,staff,Ground Operations,HR-Self-Service,sso_mfa,success,airport-terminal,0
IA000226,2026-06-03T12:42:37,STF1037,staff,Engineering & Maintenance,Departure-Control-System,sso_password,success,airport-terminal,0
IA000460,2026-06-03T13:07:09,VND2027,vendor,Meridian Aircraft Maintenance,Airfield-Ops-Portal,badge+pin,success,vendor-remote-site,0
IA001992,2026-06-03T13:14:24,STF1011,staff,Retail Concessions,Staff-VPN,badge+pin,fail,airport-terminal,0
IA002309,2026-06-03T13:24:53,STF1068,staff,Ground Operations,HR-Self-Service,vpn_certificate,success,airport-terminal,0
IA002666,2026-06-03T13:25:41,STF1022,staff,Ground Operations,Retail-POS-Backend,sso_password,success,airport-terminal,0
IA001482,2026-06-03T13:37:33,STF1143,staff,Engineering & Maintenance,Staff-VPN,badge+pin,success,airport-terminal,0
IA003409,2026-06-03T13:39:26,STF1020,staff,Ground Operations,Cargo-Manifest-System,sso_password,success,airport-terminal,0
IA005783,2026-06-03T13:44:59,STF1028,staff,IT,Airfield-Ops-Portal,badge+pin,success,airport-terminal,0
IA002112,2026-06-03T13:58:38,VND2001,vendor,Meridian Aircraft Maintenance,Airfield-Ops-Portal,sso_mfa,success,airport-terminal,0
IA002176,2026-06-03T13:58:40,STF1026,staff,Gate Services,Departure-Control-System,sso_password,success,airport-terminal,0
IA004158,2026-06-03T14:06:19,STF1134,staff,Gate Services,Cargo-Manifest-System,sso_password,success,airport-terminal,0
IA003428,2026-06-03T14:08:48,STF1103,staff,Retail Concessions,Maintenance-Ticketing,sso_mfa,success,airport-terminal,0
IA002703,2026-06-03T14:12:50,STF1110,staff,Security,Gate-Management-System,vpn_certificate,fail,airport-terminal,0
IA001789,2026-06-03T14:15:54,STF1057,staff,Cargo,Gate-Management-System,vpn_password,success,airport-terminal,0
IA002186,2026-06-03T14:26:06,STF1096,staff,Security,Retail-POS-Backend,badge+pin,success,airport-terminal,0
IA001112,2026-06-03T14:33:19,VND2022,vendor,Falcon Cargo Handling,Gate-Management-System,sso_mfa,success,airport-terminal,0
IA004779,2026-06-03T14:45:58,STF1142,staff,Gate Services,Gate-Management-System,badge+pin,success,airport-terminal,0
IA003848,2026-06-03T14:56:24,STF1077,staff,Gate Services,HR-Self-Service,badge+pin,success,airport-terminal,0
IA003151,2026-06-03T14:57:37,STF1017,staff,Gate Services,Departure-Control-System,sso_mfa,success,airport-terminal,0
IA002190,2026-06-03T14:57:41,VND2004,vendor,Falcon Cargo Handling,Staff-VPN,sso_mfa,fail,vendor-remote-site,0
IA001302,2026-06-03T15:07:35,STF1066,staff,Retail Concessions,Retail-POS-Backend,vpn_password,success,airport-terminal,0
IA000985,2026-06-03T15:10:31,STF1125,staff,Retail Concessions,HR-Self-Service,vpn_certificate,success,airport-terminal,0
IA000534,2026-06-03T15:16:43,STF1008,staff,Ground Operations,HR-Self-Service,sso_password,success,airport-terminal,0
IA001327,2026-06-03T15:17:54,STF1124,staff,Gate Services,Departure-Control-System,sso_password,success,airport-terminal,0
IA002259,2026-06-03T15:22:36,VND2017,vendor,Horizon Cleaning Services,Baggage-Handling-System,sso_password,success,vendor-remote-site,0
IA004038,2026-06-03T15:27:11,STF1032,staff,Security,Retail-POS-Backend,badge+pin,success,airport-terminal,0
IA002742,2026-06-03T15:55:38,VND2019,vendor,Falcon Cargo Handling,Cargo-Manifest-System,sso_mfa,success,airport-terminal,0
IA004283,2026-06-03T16:10:41,STF1171,staff,Retail Concessions,Gate-Management-System,badge+pin,success,airport-terminal,0
IA000870,2026-06-03T16:13:41,STF1097,staff,Retail Concessions,Cargo-Manifest-System,vpn_certificate,success,airport-terminal,0
IA006199,2026-06-03T16:17:15,STF1153,staff,Ground Operations,Departure-Control-System,badge+pin,success,airport-terminal,0
IA004912,2026-06-03T16:27:25,VND2009,vendor,Falcon Cargo Handling,Retail-POS-Backend,sso_password,success,airport-terminal,0
IA005253,2026-06-03T16:28:58,STF1061,staff,Ground Operations,Cargo-Manifest-System,sso_password,success,airport-terminal,0
IA001872,2026-06-03T16:34:00,STF1115,staff,Engineering & Maintenance,Baggage-Handling-System,badge+pin,success,airport-terminal,0
IA005932,2026-06-03T16:46:13,VND2011,vendor,Falcon Cargo Handling,Baggage-Handling-System,badge+pin,success,airport-terminal,0
IA003637,2026-06-03T16:46:25,VND2028,vendor,Horizon Cleaning Services,Airfield-Ops-Portal,vpn_password,success,vendor-remote-site,0
IA001632,2026-06-03T16:47:54,STF1084,staff,IT,Retail-POS-Backend,sso_mfa,success,airport-terminal,0
IA003643,2026-06-03T17:08:36,STF1173,staff,Baggage Handling,Gate-Management-System,sso_password,success,airport-terminal,0
IA001479,2026-06-03T17:09:21,STF1038,staff,Retail Concessions,Gate-Management-System,vpn_password,success,airport-terminal,0
IA002179,2026-06-03T17:12:33,VND2020,vendor,Coastal Catering Co,HR-Self-Service,badge+pin,success,vendor-remote-site,0
IA002001,2026-06-03T17:17:07,VND2019,vendor,Falcon Cargo Handling,Baggage-Handling-System,sso_password,success,vendor-remote-site,0
IA003321,2026-06-03T17:27:13,STF1028,staff,IT,Baggage-Handling-System,sso_password,success,airport-terminal,0
IA004463,2026-06-03T17:39:00,STF1155,staff,Cargo,Cargo-Manifest-System,vpn_password,success,airport-terminal,0
IA002033,2026-06-03T17:44:22,VND2030,vendor,Meridian Aircraft Maintenance,Airfield-Ops-Portal,badge+pin,fail,vendor-remote-site,0
IA005525,2026-06-03T17:50:15,STF1051,staff,Retail Concessions,Airfield-Ops-Portal,sso_password,success,airport-terminal,0
IA001770,2026-06-03T17:54:50,STF1107,staff,Baggage Handling,Maintenance-Ticketing,sso_mfa,fail,airport-terminal,0
IA002429,2026-06-03T17:57:36,VND2022,vendor,Falcon Cargo Handling,Gate-Management-System,badge+pin,success,vendor-remote-site,0
IA006089,2026-06-03T17:59:37,STF1142,staff,Gate Services,Maintenance-Ticketing,vpn_certificate,success,airport-terminal,0
IA001630,2026-06-03T18:08:54,STF1149,staff,Cargo,Baggage-Handling-System,badge+pin,success,airport-terminal,0
IA004817,2026-06-03T18:12:12,VND2032,vendor,AeroFuel Solutions,Staff-VPN,sso_mfa,success,vendor-remote-site,0
IA005428,2026-06-03T18:13:15,STF1075,staff,Gate Services,HR-Self-Service,vpn_certificate,success,airport-terminal,0
IA004886,2026-06-03T18:15:38,VND2001,vendor,Meridian Aircraft Maintenance,Staff-VPN,sso_password,fail,vendor-remote-site,0
IA005616,2026-06-03T18:20:50,STF1083,staff,Security,Airfield-Ops-Portal,sso_password,success,airport-terminal,0
IA003379,2026-06-03T18:32:58,VND2023,vendor,SkyLink Ground Services,Staff-VPN,vpn_password,success,airport-terminal,1
IA002038,2026-06-03T18:47:12,VND2007,vendor,SkyLink Ground Services,Retail-POS-Backend,sso_password,success,vendor-remote-site,0
IA001912,2026-06-03T18:50:35,STF1162,staff,Ground Operations,Cargo-Manifest-System,sso_password,success,airport-terminal,0
IA000696,2026-06-03T18:52:22,STF1060,staff,Retail Concessions,Retail-POS-Backend,sso_mfa,success,airport-terminal,0
IA005350,2026-06-03T19:01:37,STF1065,staff,Security,Airfield-Ops-Portal,sso_mfa,success,airport-terminal,0
IA003350,2026-06-03T19:03:09,VND2001,vendor,Meridian Aircraft Maintenance,Departure-Control-System,badge+pin,success,airport-terminal,0
IA003260,2026-06-03T19:05:20,STF1164,staff,Ground Operations,Baggage-Handling-System,vpn_password,success,airport-terminal,1
IA003560,2026-06-03T19:14:24,VND2019,vendor,Falcon Cargo Handling,Baggage-Handling-System,sso_password,success,vendor-remote-site,0
IA003372,2026-06-03T19:14:59,STF1014,staff,Baggage Handling,HR-Self-Service,badge+pin,success,airport-terminal,0
IA005406,2026-06-03T19:30:43,VND2023,vendor,SkyLink Ground Services,Airfield-Ops-Portal,sso_password,success,vendor-remote-site,0
IA001576,2026-06-03T19:32:25,STF1041,staff,Security,Baggage-Handling-System,badge+pin,success,airport-terminal,0
IA003438,2026-06-03T19:33:56,STF1143,staff,Engineering & Maintenance,Cargo-Manifest-System,sso_password,success,airport-terminal,0
IA004770,2026-06-03T19:39:18,VND2003,vendor,Falcon Cargo Handling,Gate-Management-System,badge+pin,success,vendor-remote-site,0
IA005798,2026-06-03T19:41:02,STF1140,staff,Engineering & Maintenance,Maintenance-Ticketing,badge+pin,success,airport-terminal,0
IA000184,2026-06-03T19:42:37,STF1064,staff,Cargo,Cargo-Manifest-System,sso_mfa,success,airport-terminal,0
IA003712,2026-06-03T19:45:32,STF1036,staff,Gate Services,Retail-POS-Backend,badge+pin,success,airport-terminal,0
IA003710,2026-06-03T19:54:03,VND2000,vendor,SkyLink Ground Services,Baggage-Handling-System,sso_mfa,success,vendor-remote-site,0
IA001952,2026-06-03T19:59:10,STF1028,staff,IT,Retail-POS-Backend,sso_mfa,success,airport-terminal,0
IA002678,2026-06-03T20:04:21,STF1058,staff,Gate Services,Departure-Control-System,sso_password,success,airport-terminal,0
IA005547,2026-06-03T20:19:09,STF1104,staff,Gate Services,Cargo-Manifest-System,badge+pin,success,airport-terminal,0
IA000042,2026-06-03T20:41:41,STF1069,staff,Baggage Handling,HR-Self-Service,badge+pin,fail,airport-terminal,0
IA003761,2026-06-03T20:48:00,STF1141,staff,Retail Concessions,Retail-POS-Backend,vpn_certificate,success,airport-terminal,0
IA004498,2026-06-03T20:52:37,STF1048,staff,Retail Concessions,HR-Self-Service,sso_password,success,airport-terminal,0
IA005141,2026-06-03T20:56:59,STF1128,staff,Retail Concessions,Retail-POS-Backend,sso_password,success,airport-terminal,0
IA002452,2026-06-03T21:02:35,STF1021,staff,Ground Operations,Airfield-Ops-Portal,sso_mfa,success,airport-terminal,0
IA002903,2026-06-03T21:05:26,VND2020,vendor,Coastal Catering Co,Staff-VPN,badge+pin,success,vendor-remote-site,0
IA002582,2026-06-03T21:36:41,STF1052,staff,Cargo,Staff-VPN,sso_password,success,airport-terminal,0
IA001143,2026-06-03T21:39:08,STF1157,staff,Gate Services,HR-Self-Service,sso_mfa,success,airport-terminal,0
IA001838,2026-06-03T21:42:08,STF1053,staff,Ground Operations,HR-Self-Service,vpn_certificate,success,airport-terminal,0
IA003352,2026-06-03T21:46:00,VND2017,vendor,Horizon Cleaning Services,HR-Self-Service,sso_password,success,airport-terminal,0
IA001329,2026-06-03T21:49:37,STF1105,staff,Baggage Handling,Maintenance-Ticketing,sso_mfa,success,airport-terminal,0
IA000829,2026-06-03T23:14:02,STF1169,staff,Ground Operations,Departure-Control-System,vpn_password,fail,airport-terminal,1
IA003604,2026-06-03T23:43:18,STF1178,staff,Engineering & Maintenance,Baggage-Handling-System,badge+pin,success,airport-terminal,0
IA005864,2026-06-04T00:07:51,STF1127,staff,Baggage Handling,Retail-POS-Backend,badge+pin,success,airport-terminal,0
IA003932,2026-06-04T00:14:18,STF1177,staff,IT,Maintenance-Ticketing,badge+pin,success,airport-terminal,0
IA000340,2026-06-04T01:01:46,STF1169,staff,Ground Operations,Departure-Control-System,sso_password,success,airport-terminal,1
IA002117,2026-06-04T01:08:35,STF1060,staff,Retail Concessions,Gate-Management-System,vpn_certificate,success,airport-terminal,0
IA000094,2026-06-04T01:30:08,STF1149,staff,Cargo,Baggage-Handling-System,sso_password,fail,airport-terminal,1
IA000197,2026-06-04T01:37:35,STF1149,staff,Cargo,Departure-Control-System,sso_password,fail,airport-terminal,1
IA003782,2026-06-04T01:46:34,STF1036,staff,Gate Services,Cargo-Manifest-System,vpn_certificate,success,airport-terminal,0
IA001008,2026-06-04T03:28:48,STF1098,staff,Engineering & Maintenance,Staff-VPN,sso_password,success,airport-terminal,1
IA002547,2026-06-04T04:08:33,STF1081,staff,Cargo,Gate-Management-System,badge+pin,success,airport-terminal,0
IA005327,2026-06-04T06:01:47,VND2027,vendor,Meridian Aircraft Maintenance,Baggage-Handling-System,sso_mfa,success,airport-terminal,0
IA003744,2026-06-04T06:12:21,STF1040,staff,Cargo,Airfield-Ops-Portal,sso_password,success,airport-terminal,0
IA001248,2026-06-04T06:21:42,VND2011,vendor,Falcon Cargo Handling,Baggage-Handling-System,badge+pin,success,vendor-remote-site,0
IA003295,2026-06-04T06:23:50,STF1026,staff,Gate Services,Staff-VPN,sso_password,success,airport-terminal,0
IA000062,2026-06-04T06:28:08,STF1056,staff,IT,Maintenance-Ticketing,sso_password,success,airport-terminal,0
IA004851,2026-06-04T06:36:30,STF1154,staff,Ground Operations,Departure-Control-System,badge+pin,success,airport-terminal,0
IA004201,2026-06-04T06:37:33,STF1141,staff,Retail Concessions,Airfield-Ops-Portal,badge+pin,success,airport-terminal,0
IA003351,2026-06-04T06:48:33,STF1057,staff,Cargo,HR-Self-Service,sso_password,success,airport-terminal,0
IA002604,2026-06-04T06:51:03,STF1132,staff,Cargo,Baggage-Handling-System,vpn_password,success,airport-terminal,0
IA003393,2026-06-04T06:52:58,STF1057,staff,Cargo,Maintenance-Ticketing,sso_mfa,success,airport-terminal,0
IA000586,2026-06-04T06:53:34,STF1004,staff,IT,Gate-Management-System,badge+pin,success,airport-terminal,0
IA000638,2026-06-04T07:15:25,STF1150,staff,IT,Departure-Control-System,badge+pin,success,airport-terminal,0
IA000844,2026-06-04T07:16:50,STF1130,staff,Engineering & Maintenance,Cargo-Manifest-System,sso_mfa,success,airport-terminal,0
IA000566,2026-06-04T08:01:23,STF1065,staff,Security,Gate-Management-System,sso_password,success,airport-terminal,0
IA003154,2026-06-04T08:04:08,STF1084,staff,IT,HR-Self-Service,sso_mfa,success,airport-terminal,0
IA002328,2026-06-04T08:06:04,STF1172,staff,Ground Operations,Gate-Management-System,badge+pin,success,airport-terminal,0
IA003567,2026-06-04T08:18:42,VND2013,vendor,Falcon Cargo Handling,Retail-POS-Backend,sso_password,success,vendor-remote-site,0
IA002735,2026-06-04T08:24:37,STF1026,staff,Gate Services,Maintenance-Ticketing,sso_password,success,airport-terminal,0
IA004318,2026-06-04T08:32:10,STF1120,staff,Engineering & Maintenance,Maintenance-Ticketing,vpn_certificate,success,airport-terminal,0
IA002273,2026-06-04T08:35:21,STF1109,staff,IT,Airfield-Ops-Portal,sso_password,success,airport-terminal,0
IA006112,2026-06-04T08:38:51,STF1163,staff,Retail Concessions,Maintenance-Ticketing,vpn_password,success,airport-terminal,0
IA003314,2026-06-04T08:49:48,STF1009,staff,Retail Concessions,HR-Self-Service,badge+pin,success,airport-terminal,0
IA004009,2026-06-04T08:50:45,STF1079,staff,Security,Retail-POS-Backend,sso_mfa,success,airport-terminal,0
IA000031,2026-06-04T08:59:26,STF1136,staff,Baggage Handling,Departure-Control-System,sso_password,success,airport-terminal,0
IA000386,2026-06-04T09:02:08,STF1104,staff,Gate Services,Baggage-Handling-System,sso_password,success,airport-terminal,0
IA002128,2026-06-04T09:08:19,STF1110,staff,Security,Departure-Control-System,sso_mfa,success,airport-terminal,0
IA000374,2026-06-04T09:09:32,STF1153,staff,Ground Operations,Baggage-Handling-System,sso_password,success,airport-terminal,0
IA000971,2026-06-04T09:10:39,VND2000,vendor,SkyLink Ground Services,HR-Self-Service,badge+pin,success,vendor-remote-site,0
IA001038,2026-06-04T09:11:15,VND2028,vendor,Horizon Cleaning Services,Retail-POS-Backend,sso_mfa,success,airport-terminal,0
IA002255,2026-06-04T09:11:52,STF1141,staff,Retail Concessions,Airfield-Ops-Portal,sso_password,success,airport-terminal,0
IA005602,2026-06-04T09:14:34,STF1113,staff,IT,HR-Self-Service,sso_password,success,airport-terminal,0
IA006011,2026-06-04T09:23:47,STF1069,staff,Baggage Handling,Departure-Control-System,sso_mfa,success,airport-terminal,0
IA001628,2026-06-04T09:26:21,VND2027,vendor,Meridian Aircraft Maintenance,Baggage-Handling-System,vpn_certificate,success,vendor-remote-site,0
IA000764,2026-06-04T09:35:56,VND2003,vendor,Falcon Cargo Handling,Staff-VPN,badge+pin,success,airport-terminal,0
IA005254,2026-06-04T09:37:20,STF1089,staff,Retail Concessions,Maintenance-Ticketing,sso_password,success,airport-terminal,0
IA004191,2026-06-04T10:09:39,VND2015,vendor,AeroFuel Solutions,Baggage-Handling-System,vpn_password,success,vendor-remote-site,0
IA005779,2026-06-04T10:10:21,STF1024,staff,Retail Concessions,Baggage-Handling-System,sso_password,success,airport-terminal,0
IA002736,2026-06-04T10:14:55,VND2031,vendor,Meridian Aircraft Maintenance,Baggage-Handling-System,badge+pin,success,vendor-remote-site,0
IA001737,2026-06-04T10:20:48,VND2024,vendor,AeroFuel Solutions,Retail-POS-Backend,sso_mfa,success,vendor-remote-site,0
IA003521,2026-06-04T10:20:54,STF1074,staff,Baggage Handling,Maintenance-Ticketing,vpn_certificate,success,airport-terminal,0
IA005339,2026-06-04T10:43:46,STF1128,staff,Retail Concessions,Staff-VPN,sso_password,success,airport-terminal,0
IA003084,2026-06-04T10:49:41,VND2011,vendor,Falcon Cargo Handling,Airfield-Ops-Portal,sso_password,success,airport-terminal,0
IA005780,2026-06-04T11:10:26,VND2025,vendor,SkyLink Ground Services,Retail-POS-Backend,sso_mfa,success,vendor-remote-site,0
IA005381,2026-06-04T11:11:53,STF1145,staff,Ground Operations,HR-Self-Service,sso_password,success,airport-terminal,0
IA003048,2026-06-04T11:13:53,STF1083,staff,Security,HR-Self-Service,badge+pin,success,airport-terminal,0
IA003227,2026-06-04T11:38:25,STF1093,staff,Retail Concessions,Departure-Control-System,sso_password,success,airport-terminal,0
IA001151,2026-06-04T11:49:53,STF1171,staff,Retail Concessions,Staff-VPN,sso_password,success,airport-terminal,0
IA005121,2026-06-04T11:52:16,STF1124,staff,Gate Services,Cargo-Manifest-System,badge+pin,success,airport-terminal,0
IA000079,2026-06-04T11:52:50,STF1143,staff,Engineering & Maintenance,Retail-POS-Backend,sso_password,success,airport-terminal,0
IA002517,2026-06-04T11:59:08,STF1154,staff,Ground Operations,Gate-Management-System,vpn_certificate,success,airport-terminal,0
IA005955,2026-06-04T12:12:17,VND2026,vendor,Horizon Cleaning Services,Airfield-Ops-Portal,sso_mfa,success,vendor-remote-site,0
IA005770,2026-06-04T12:12:43,STF1057,staff,Cargo,Staff-VPN,sso_mfa,success,airport-terminal,0
IA005811,2026-06-04T12:17:02,STF1163,staff,Retail Concessions,Staff-VPN,sso_mfa,success,airport-terminal,0
IA004970,2026-06-04T12:36:59,VND2023,vendor,SkyLink Ground Services,Baggage-Handling-System,vpn_password,success,vendor-remote-site,1
IA001895,2026-06-04T12:37:47,STF1022,staff,Ground Operations,Baggage-Handling-System,badge+pin,success,airport-terminal,0
IA003714,2026-06-04T12:46:29,STF1168,staff,Gate Services,Gate-Management-System,badge+pin,success,airport-terminal,0
IA004677,2026-06-04T13:01:31,VND2007,vendor,SkyLink Ground Services,Staff-VPN,vpn_certificate,success,vendor-remote-site,0
IA005637,2026-06-04T13:02:23,STF1089,staff,Retail Concessions,Cargo-Manifest-System,sso_mfa,success,airport-terminal,0
IA005821,2026-06-04T13:02:31,VND2026,vendor,Horizon Cleaning Services,HR-Self-Service,sso_password,success,vendor-remote-site,0
IA000432,2026-06-04T13:15:38,STF1143,staff,Engineering & Maintenance,Departure-Control-System,badge+pin,success,airport-terminal,0
IA002509,2026-06-04T13:19:04,STF1024,staff,Retail Concessions,Gate-Management-System,sso_password,success,airport-terminal,0
IA003495,2026-06-04T13:28:55,VND2011,vendor,Falcon Cargo Handling,Staff-VPN,sso_mfa,success,vendor-remote-site,0
IA000771,2026-06-04T13:39:14,VND2009,vendor,Falcon Cargo Handling,Departure-Control-System,badge+pin,success,airport-terminal,0
IA004045,2026-06-04T13:53:41,STF1006,staff,Retail Concessions,Baggage-Handling-System,sso_mfa,fail,airport-terminal,0
IA000703,2026-06-04T13:55:48,STF1011,staff,Retail Concessions,Cargo-Manifest-System,sso_password,success,airport-terminal,0
IA004639,2026-06-04T14:02:25,STF1124,staff,Gate Services,Departure-Control-System,vpn_certificate,success,airport-terminal,0
IA001936,2026-06-04T14:03:34,VND2033,vendor,Meridian Aircraft Maintenance,Baggage-Handling-System,vpn_password,fail,vendor-remote-site,1
IA004908,2026-06-04T14:17:41,STF1146,staff,Ground Operations,Baggage-Handling-System,badge+pin,success,airport-terminal,0
IA005544,2026-06-04T14:18:42,STF1072,staff,Retail Concessions,HR-Self-Service,sso_password,success,airport-terminal,0
IA000514,2026-06-04T14:24:37,STF1085,staff,Gate Services,Gate-Management-System,vpn_certificate,success,airport-terminal,0
IA000426,2026-06-04T14:27:46,VND2006,vendor,Coastal Catering Co,Departure-Control-System,badge+pin,success,vendor-remote-site,0
IA000193,2026-06-04T14:35:40,VND2020,vendor,Coastal Catering Co,Departure-Control-System,badge+pin,success,airport-terminal,0
IA000975,2026-06-04T14:56:05,VND2017,vendor,Horizon Cleaning Services,Airfield-Ops-Portal,sso_password,success,vendor-remote-site,0
IA001277,2026-06-04T14:58:40,STF1104,staff,Gate Services,Departure-Control-System,badge+pin,success,airport-terminal,0
IA005557,2026-06-04T15:11:18,STF1115,staff,Engineering & Maintenance,Departure-Control-System,vpn_password,success,airport-terminal,0
IA004488,2026-06-04T15:16:18,VND2025,vendor,SkyLink Ground Services,Baggage-Handling-System,vpn_certificate,success,airport-terminal,0
IA001532,2026-06-04T15:18:30,STF1161,staff,Ground Operations,HR-Self-Service,badge+pin,success,airport-terminal,0
IA000769,2026-06-04T15:19:33,STF1087,staff,Ground Operations,Baggage-Handling-System,sso_password,success,airport-terminal,0
IA005405,2026-06-04T15:21:42,STF1050,staff,Ground Operations,Gate-Management-System,vpn_certificate,success,airport-terminal,0
IA001127,2026-06-04T15:22:49,STF1087,staff,Ground Operations,Staff-VPN,sso_password,success,airport-terminal,0
IA001381,2026-06-04T15:24:29,STF1093,staff,Retail Concessions,Gate-Management-System,sso_mfa,success,airport-terminal,0
IA003804,2026-06-04T15:35:11,STF1015,staff,Gate Services,Airfield-Ops-Portal,vpn_certificate,success,airport-terminal,0
IA001138,2026-06-04T15:45:33,VND2005,vendor,AeroFuel Solutions,Staff-VPN,vpn_password,success,vendor-remote-site,0
IA000245,2026-06-04T15:58:04,STF1023,staff,Baggage Handling,Retail-POS-Backend,vpn_password,success,airport-terminal,0
IA005179,2026-06-04T15:58:41,STF1084,staff,IT,Retail-POS-Backend,badge+pin,success,airport-terminal,0
IA002501,2026-06-04T16:08:56,STF1005,staff,Retail Concessions,Departure-Control-System,vpn_certificate,success,airport-terminal,0
IA004136,2026-06-04T16:14:21,STF1097,staff,Retail Concessions,Maintenance-Ticketing,vpn_certificate,success,airport-terminal,0
IA003616,2026-06-04T16:19:13,STF1152,staff,Ground Operations,Staff-VPN,badge+pin,success,airport-terminal,0
IA005334,2026-06-04T16:21:00,STF1121,staff,Security,Gate-Management-System,vpn_certificate,success,airport-terminal,0
IA004983,2026-06-04T16:27:31,STF1111,staff,Ground Operations,Cargo-Manifest-System,badge+pin,success,airport-terminal,0
IA002866,2026-06-04T16:27:39,STF1127,staff,Baggage Handling,HR-Self-Service,sso_password,success,airport-terminal,0
IA002705,2026-06-04T16:47:27,STF1117,staff,IT,Maintenance-Ticketing,vpn_password,success,airport-terminal,0
IA002115,2026-06-04T17:07:21,STF1178,staff,Engineering & Maintenance,Maintenance-Ticketing,sso_password,success,airport-terminal,0
IA004069,2026-06-04T17:08:46,STF1129,staff,Security,Airfield-Ops-Portal,sso_mfa,success,airport-terminal,0
IA004047,2026-06-04T17:14:47,STF1047,staff,Gate Services,Staff-VPN,badge+pin,success,airport-terminal,0
IA006173,2026-06-04T17:25:19,VND2017,vendor,Horizon Cleaning Services,HR-Self-Service,vpn_certificate,success,vendor-remote-site,0
IA005534,2026-06-04T17:26:49,STF1017,staff,Gate Services,Staff-VPN,badge+pin,success,airport-terminal,0
IA001307,2026-06-04T17:30:28,STF1154,staff,Ground Operations,Baggage-Handling-System,vpn_password,success,airport-terminal,0
IA000782,2026-06-04T17:32:00,VND2007,vendor,SkyLink Ground Services,Departure-Control-System,vpn_certificate,success,vendor-remote-site,0
IA001312,2026-06-04T17:45:59,VND2020,vendor,Coastal Catering Co,HR-Self-Service,sso_mfa,success,airport-terminal,0
IA001830,2026-06-04T17:52:30,STF1068,staff,Ground Operations,Cargo-Manifest-System,sso_mfa,success,airport-terminal,0
IA002990,2026-06-04T17:52:34,STF1028,staff,IT,Departure-Control-System,sso_password,success,airport-terminal,0
IA005022,2026-06-04T17:54:25,VND2004,vendor,Falcon Cargo Handling,Baggage-Handling-System,badge+pin,success,airport-terminal,0
IA000996,2026-06-04T18:05:41,STF1127,staff,Baggage Handling,Staff-VPN,badge+pin,success,airport-terminal,0
IA002518,2026-06-04T18:15:09,STF1008,staff,Ground Operations,Departure-Control-System,badge+pin,fail,airport-terminal,0
IA001492,2026-06-04T18:22:02,STF1109,staff,IT,Airfield-Ops-Portal,sso_mfa,success,airport-terminal,0
IA000880,2026-06-04T18:26:33,STF1077,staff,Gate Services,Airfield-Ops-Portal,sso_password,success,airport-terminal,0
IA002829,2026-06-04T18:29:18,STF1020,staff,Ground Operations,Staff-VPN,vpn_certificate,success,airport-terminal,0
IA003882,2026-06-04T18:35:06,STF1179,staff,Baggage Handling,Staff-VPN,sso_mfa,success,airport-terminal,0
IA002035,2026-06-04T18:43:43,STF1146,staff,Ground Operations,Gate-Management-System,vpn_certificate,fail,airport-terminal,0
IA001126,2026-06-04T18:52:08,STF1093,staff,Retail Concessions,Airfield-Ops-Portal,sso_password,success,airport-terminal,0
IA004478,2026-06-04T19:07:00,STF1043,staff,Cargo,Cargo-Manifest-System,badge+pin,success,airport-terminal,0
IA001759,2026-06-04T19:18:31,STF1118,staff,Engineering & Maintenance,Retail-POS-Backend,vpn_password,success,airport-terminal,0
IA004179,2026-06-04T19:24:10,STF1125,staff,Retail Concessions,Maintenance-Ticketing,badge+pin,fail,airport-terminal,0
IA001899,2026-06-04T19:24:22,STF1050,staff,Ground Operations,Staff-VPN,sso_password,success,airport-terminal,0
IA004840,2026-06-04T19:38:48,STF1086,staff,Baggage Handling,Departure-Control-System,sso_mfa,success,airport-terminal,0
IA005524,2026-06-04T19:39:45,STF1102,staff,IT,Departure-Control-System,sso_password,success,airport-terminal,0
IA006027,2026-06-04T19:43:07,STF1013,staff,Cargo,Gate-Management-System,badge+pin,success,airport-terminal,0
IA001569,2026-06-04T19:43:35,STF1134,staff,Gate Services,HR-Self-Service,sso_password,success,airport-terminal,0
IA005399,2026-06-04T19:51:20,VND2007,vendor,SkyLink Ground Services,Staff-VPN,vpn_certificate,success,airport-terminal,0
IA000623,2026-06-04T19:58:56,STF1175,staff,Ground Operations,Airfield-Ops-Portal,sso_password,success,airport-terminal,0
IA003753,2026-06-04T20:10:11,STF1048,staff,Retail Concessions,Baggage-Handling-System,vpn_certificate,success,airport-terminal,0
IA005378,2026-06-04T20:21:56,STF1154,staff,Ground Operations,Departure-Control-System,badge+pin,success,airport-terminal,0
IA002211,2026-06-04T20:26:53,STF1079,staff,Security,Cargo-Manifest-System,sso_password,success,airport-terminal,0
IA000779,2026-06-04T20:31:59,STF1177,staff,IT,Staff-VPN,sso_password,success,airport-terminal,0
IA004320,2026-06-04T20:40:13,STF1060,staff,Retail Concessions,Gate-Management-System,badge+pin,success,airport-terminal,0
IA005085,2026-06-04T20:42:02,STF1051,staff,Retail Concessions,Departure-Control-System,sso_mfa,success,airport-terminal,0
IA001405,2026-06-04T20:42:59,STF1114,staff,Gate Services,Departure-Control-System,sso_password,success,airport-terminal,0
IA005663,2026-06-04T20:45:07,STF1066,staff,Retail Concessions,Retail-POS-Backend,badge+pin,success,airport-terminal,0
IA004173,2026-06-04T20:54:53,STF1010,staff,Gate Services,Gate-Management-System,sso_password,success,airport-terminal,0
IA006068,2026-06-04T20:55:04,STF1139,staff,Gate Services,Staff-VPN,sso_password,success,airport-terminal,0
IA005503,2026-06-04T21:08:00,STF1012,staff,IT,Gate-Management-System,sso_mfa,success,airport-terminal,0
IA000022,2026-06-04T21:21:10,STF1122,staff,Gate Services,Gate-Management-System,sso_password,success,airport-terminal,0
IA000930,2026-06-04T21:30:39,STF1163,staff,Retail Concessions,Departure-Control-System,sso_password,success,airport-terminal,0
IA001415,2026-06-04T21:58:34,STF1172,staff,Ground Operations,Airfield-Ops-Portal,vpn_certificate,success,airport-terminal,0
IA002261,2026-06-04T21:59:25,STF1088,staff,Ground Operations,Cargo-Manifest-System,vpn_password,success,airport-terminal,0
IA000450,2026-06-04T23:08:32,STF1071,staff,Cargo,Gate-Management-System,vpn_certificate,success,airport-terminal,0
IA000599,2026-06-04T23:15:26,STF1149,staff,Cargo,Departure-Control-System,sso_password,success,airport-terminal,1
IA001763,2026-06-04T23:50:58,VND2015,vendor,AeroFuel Solutions,Maintenance-Ticketing,badge+pin,fail,vendor-remote-site,0
IA005733,2026-06-05T00:24:04,VND2000,vendor,SkyLink Ground Services,Staff-VPN,badge+pin,success,vendor-remote-site,0
IA003430,2026-06-05T00:29:16,STF1164,staff,Ground Operations,Staff-VPN,sso_password,success,airport-terminal,1
IA001031,2026-06-05T00:43:56,STF1078,staff,Baggage Handling,Gate-Management-System,vpn_password,success,airport-terminal,0
IA002951,2026-06-05T00:51:14,STF1171,staff,Retail Concessions,Retail-POS-Backend,sso_mfa,fail,airport-terminal,0
IA003592,2026-06-05T02:02:12,STF1171,staff,Retail Concessions,Gate-Management-System,sso_password,success,airport-terminal,0
IA003555,2026-06-05T02:12:22,VND2029,vendor,Horizon Cleaning Services,Departure-Control-System,sso_mfa,success,vendor-remote-site,0
IA002573,2026-06-05T02:50:07,STF1028,staff,IT,Departure-Control-System,sso_password,success,airport-terminal,0
IA005603,2026-06-05T04:08:15,STF1011,staff,Retail Concessions,Baggage-Handling-System,sso_mfa,success,airport-terminal,0
IA003166,2026-06-05T06:16:52,STF1149,staff,Cargo,Departure-Control-System,sso_password,success,airport-terminal,1
IA002974,2026-06-05T06:25:46,STF1100,staff,Engineering & Maintenance,Maintenance-Ticketing,sso_password,fail,airport-terminal,0
IA005771,2026-06-05T06:25:51,STF1159,staff,Engineering & Maintenance,HR-Self-Service,sso_password,success,airport-terminal,0
IA000389,2026-06-05T06:30:03,VND2005,vendor,AeroFuel Solutions,HR-Self-Service,badge+pin,success,vendor-remote-site,0
IA000363,2026-06-05T07:01:17,STF1049,staff,Retail Concessions,Airfield-Ops-Portal,sso_mfa,success,airport-terminal,0
IA005065,2026-06-05T07:02:25,STF1076,staff,Baggage Handling,Airfield-Ops-Portal,sso_mfa,success,airport-terminal,0
IA005644,2026-06-05T07:08:39,VND2006,vendor,Coastal Catering Co,Cargo-Manifest-System,vpn_password,success,airport-terminal,0
IA005219,2026-06-05T07:10:29,STF1118,staff,Engineering & Maintenance,Maintenance-Ticketing,vpn_certificate,fail,airport-terminal,0
IA002427,2026-06-05T07:13:13,STF1015,staff,Gate Services,Gate-Management-System,vpn_certificate,success,airport-terminal,0
IA002435,2026-06-05T07:15:49,STF1072,staff,Retail Concessions,Airfield-Ops-Portal,badge+pin,success,airport-terminal,0
IA001144,2026-06-05T07:32:39,STF1032,staff,Security,Retail-POS-Backend,badge+pin,success,airport-terminal,0
IA000243,2026-06-05T07:49:18,STF1084,staff,IT,Maintenance-Ticketing,vpn_certificate,success,airport-terminal,0
IA005201,2026-06-05T07:51:17,STF1063,staff,Retail Concessions,Airfield-Ops-Portal,badge+pin,success,airport-terminal,0
IA002673,2026-06-05T07:52:20,STF1168,staff,Gate Services,Gate-Management-System,sso_password,success,airport-terminal,0
IA002983,2026-06-05T07:55:29,STF1174,staff,Ground Operations,Maintenance-Ticketing,badge+pin,success,airport-terminal,0
IA004524,2026-06-05T08:04:08,STF1178,staff,Engineering & Maintenance,Retail-POS-Backend,sso_password,success,airport-terminal,0
IA005910,2026-06-05T08:04:16,STF1175,staff,Ground Operations,Maintenance-Ticketing,sso_password,success,airport-terminal,0
IA005626,2026-06-05T08:11:08,STF1103,staff,Retail Concessions,HR-Self-Service,sso_password,success,airport-terminal,0
IA005352,2026-06-05T08:16:51,STF1117,staff,IT,Cargo-Manifest-System,sso_mfa,success,airport-terminal,0
IA002615,2026-06-05T08:25:11,VND2008,vendor,SkyLink Ground Services,Maintenance-Ticketing,sso_password,success,vendor-remote-site,0
IA001662,2026-06-05T08:34:06,STF1069,staff,Baggage Handling,Retail-POS-Backend,badge+pin,success,airport-terminal,0
IA003545,2026-06-05T08:43:54,STF1042,staff,Retail Concessions,Staff-VPN,sso_mfa,success,airport-terminal,0
IA005995,2026-06-05T08:46:38,STF1132,staff,Cargo,Gate-Management-System,sso_password,success,airport-terminal,0
IA005521,2026-06-05T08:56:12,STF1062,staff,Gate Services,Departure-Control-System,badge+pin,success,airport-terminal,0
IA004412,2026-06-05T08:56:56,STF1004,staff,IT,Baggage-Handling-System,badge+pin,success,airport-terminal,0
IA000669,2026-06-05T09:00:10,STF1166,staff,Baggage Handling,Baggage-Handling-System,vpn_certificate,success,airport-terminal,0
IA005900,2026-06-05T09:04:48,STF1087,staff,Ground Operations,Baggage-Handling-System,sso_mfa,success,airport-terminal,0
IA005876,2026-06-05T09:35:16,STF1150,staff,IT,HR-Self-Service,badge+pin,success,airport-terminal,0
IA005994,2026-06-05T09:35:56,STF1025,staff,Security,Retail-POS-Backend,sso_mfa,fail,airport-terminal,0
IA002969,2026-06-05T09:38:27,STF1121,staff,Security,Departure-Control-System,vpn_password,success,airport-terminal,0
IA001827,2026-06-05T09:38:50,STF1116,staff,IT,Maintenance-Ticketing,badge+pin,success,airport-terminal,0
IA004711,2026-06-05T09:41:34,STF1031,staff,Cargo,Baggage-Handling-System,badge+pin,success,airport-terminal,0
IA001738,2026-06-05T09:53:10,STF1090,staff,Engineering & Maintenance,Retail-POS-Backend,badge+pin,success,airport-terminal,0
IA001922,2026-06-05T09:53:44,STF1019,staff,Cargo,Gate-Management-System,badge+pin,success,airport-terminal,0
IA002590,2026-06-05T10:00:16,STF1091,staff,IT,Baggage-Handling-System,vpn_password,success,airport-terminal,0
IA001557,2026-06-05T10:01:43,STF1021,staff,Ground Operations,Gate-Management-System,sso_mfa,success,airport-terminal,0
IA001702,2026-06-05T10:02:46,STF1084,staff,IT,HR-Self-Service,sso_password,success,airport-terminal,0
IA003683,2026-06-05T10:10:10,STF1035,staff,Retail Concessions,Departure-Control-System,vpn_password,success,airport-terminal,0
IA002810,2026-06-05T10:12:12,VND2006,vendor,Coastal Catering Co,Gate-Management-System,badge+pin,success,vendor-remote-site,0
IA004324,2026-06-05T10:14:02,VND2017,vendor,Horizon Cleaning Services,Airfield-Ops-Portal,badge+pin,success,vendor-remote-site,0
IA005512,2026-06-05T10:22:16,STF1116,staff,IT,Staff-VPN,vpn_password,success,airport-terminal,0
IA005028,2026-06-05T10:33:06,STF1158,staff,Baggage Handling,Cargo-Manifest-System,sso_password,fail,airport-terminal,0
IA000900,2026-06-05T10:36:27,STF1138,staff,Security,Departure-Control-System,vpn_certificate,success,airport-terminal,0
IA004684,2026-06-05T11:09:38,STF1067,staff,IT,Airfield-Ops-Portal,sso_password,success,airport-terminal,0
IA005887,2026-06-05T11:29:07,VND2020,vendor,Coastal Catering Co,HR-Self-Service,sso_mfa,success,airport-terminal,0
IA005705,2026-06-05T11:30:31,VND2027,vendor,Meridian Aircraft Maintenance,Cargo-Manifest-System,vpn_certificate,success,vendor-remote-site,0
IA005185,2026-06-05T11:31:44,STF1020,staff,Ground Operations,Cargo-Manifest-System,vpn_certificate,success,airport-terminal,0
IA000848,2026-06-05T11:44:40,STF1168,staff,Gate Services,Cargo-Manifest-System,badge+pin,success,airport-terminal,0
IA004234,2026-06-05T11:59:30,STF1122,staff,Gate Services,Cargo-Manifest-System,badge+pin,success,airport-terminal,0
IA003971,2026-06-05T12:26:17,STF1101,staff,Retail Concessions,Baggage-Handling-System,sso_mfa,success,airport-terminal,0
IA001587,2026-06-05T12:38:48,STF1141,staff,Retail Concessions,Baggage-Handling-System,sso_mfa,success,airport-terminal,0
IA005758,2026-06-05T12:45:22,VND2025,vendor,SkyLink Ground Services,Maintenance-Ticketing,sso_password,success,airport-terminal,0
IA004668,2026-06-05T12:49:29,STF1101,staff,Retail Concessions,Departure-Control-System,sso_mfa,success,airport-terminal,0
IA000917,2026-06-05T12:50:27,STF1104,staff,Gate Services,Cargo-Manifest-System,sso_mfa,success,airport-terminal,0
IA005043,2026-06-05T13:02:04,VND2033,vendor,Meridian Aircraft Maintenance,Baggage-Handling-System,sso_password,success,airport-terminal,0
IA002212,2026-06-05T13:10:14,STF1095,staff,Retail Concessions,Airfield-Ops-Portal,badge+pin,success,airport-terminal,0
IA004445,2026-06-05T13:20:10,STF1097,staff,Retail Concessions,Airfield-Ops-Portal,sso_password,success,airport-terminal,0
IA005640,2026-06-05T13:32:21,VND2033,vendor,Meridian Aircraft Maintenance,Staff-VPN,vpn_password,fail,airport-terminal,1
IA005036,2026-06-05T13:32:58,VND2020,vendor,Coastal Catering Co,Retail-POS-Backend,vpn_password,success,airport-terminal,0
IA002532,2026-06-05T13:36:50,STF1026,staff,Gate Services,Baggage-Handling-System,vpn_certificate,success,airport-terminal,0
IA005365,2026-06-05T13:39:07,VND2025,vendor,SkyLink Ground Services,HR-Self-Service,sso_password,success,vendor-remote-site,0
IA005291,2026-06-05T13:50:26,VND2033,vendor,Meridian Aircraft Maintenance,Departure-Control-System,vpn_password,success,vendor-remote-site,1
IA002841,2026-06-05T14:03:08,STF1160,staff,Gate Services,Baggage-Handling-System,badge+pin,success,airport-terminal,0
IA000139,2026-06-05T14:04:52,STF1056,staff,IT,Baggage-Handling-System,sso_password,success,airport-terminal,0
IA004890,2026-06-05T14:06:23,STF1043,staff,Cargo,Departure-Control-System,sso_password,success,airport-terminal,0
IA005923,2026-06-05T14:13:36,STF1067,staff,IT,Baggage-Handling-System,sso_password,success,airport-terminal,0
IA004589,2026-06-05T14:40:17,STF1004,staff,IT,Departure-Control-System,badge+pin,success,airport-terminal,0
IA003645,2026-06-05T15:11:13,STF1010,staff,Gate Services,Cargo-Manifest-System,badge+pin,fail,airport-terminal,0
IA005546,2026-06-05T15:15:35,STF1050,staff,Ground Operations,Maintenance-Ticketing,vpn_certificate,success,airport-terminal,0
IA002159,2026-06-05T15:18:39,STF1078,staff,Baggage Handling,Retail-POS-Backend,badge+pin,success,airport-terminal,0
IA002400,2026-06-05T15:26:35,STF1090,staff,Engineering & Maintenance,Baggage-Handling-System,sso_mfa,success,airport-terminal,0
IA002660,2026-06-05T15:26:50,STF1120,staff,Engineering & Maintenance,HR-Self-Service,badge+pin,success,airport-terminal,0
IA000342,2026-06-05T15:26:50,STF1028,staff,IT,Maintenance-Ticketing,badge+pin,success,airport-terminal,0
IA006163,2026-06-05T15:27:16,STF1032,staff,Security,Departure-Control-System,badge+pin,success,airport-terminal,0
IA001157,2026-06-05T15:34:52,STF1087,staff,Ground Operations,HR-Self-Service,vpn_password,success,airport-terminal,0
IA003063,2026-06-05T15:35:02,STF1069,staff,Baggage Handling,Cargo-Manifest-System,sso_mfa,fail,airport-terminal,0
IA003966,2026-06-05T15:38:21,STF1136,staff,Baggage Handling,Staff-VPN,sso_mfa,fail,airport-terminal,0
IA004557,2026-06-05T15:41:06,VND2005,vendor,AeroFuel Solutions,Baggage-Handling-System,badge+pin,success,airport-terminal,0
IA002906,2026-06-05T15:44:03,VND2026,vendor,Horizon Cleaning Services,Gate-Management-System,sso_password,success,vendor-remote-site,0
IA001907,2026-06-05T15:44:14,VND2014,vendor,AeroFuel Solutions,Gate-Management-System,vpn_password,success,vendor-remote-site,0
IA004007,2026-06-05T15:55:55,STF1129,staff,Security,Retail-POS-Backend,vpn_certificate,success,airport-terminal,0
IA000084,2026-06-05T16:05:57,STF1093,staff,Retail Concessions,Baggage-Handling-System,sso_password,success,airport-terminal,0
IA003112,2026-06-05T16:16:44,STF1097,staff,Retail Concessions,Staff-VPN,sso_mfa,success,airport-terminal,0
IA006138,2026-06-05T16:23:21,STF1109,staff,IT,Staff-VPN,sso_password,success,airport-terminal,0
IA005794,2026-06-05T16:25:30,STF1092,staff,Baggage Handling,Gate-Management-System,sso_password,success,airport-terminal,0
IA001148,2026-06-05T17:13:49,STF1015,staff,Gate Services,Departure-Control-System,vpn_certificate,success,airport-terminal,0
IA005442,2026-06-05T17:25:56,STF1069,staff,Baggage Handling,Baggage-Handling-System,sso_password,success,airport-terminal,0
IA001604,2026-06-05T17:28:10,STF1080,staff,Cargo,Retail-POS-Backend,badge+pin,success,airport-terminal,0
IA000626,2026-06-05T17:36:22,VND2027,vendor,Meridian Aircraft Maintenance,Airfield-Ops-Portal,sso_password,success,airport-terminal,0
IA005549,2026-06-05T17:38:19,STF1118,staff,Engineering & Maintenance,Departure-Control-System,sso_mfa,success,airport-terminal,0
IA002762,2026-06-05T17:45:45,STF1066,staff,Retail Concessions,Airfield-Ops-Portal,vpn_password,success,airport-terminal,0
IA001036,2026-06-05T17:49:03,STF1077,staff,Gate Services,Airfield-Ops-Portal,badge+pin,fail,airport-terminal,0
IA000652,2026-06-05T17:56:03,VND2017,vendor,Horizon Cleaning Services,Cargo-Manifest-System,badge+pin,success,airport-terminal,0
IA003178,2026-06-05T17:56:14,VND2020,vendor,Coastal Catering Co,Baggage-Handling-System,badge+pin,success,airport-terminal,0
IA000366,2026-06-05T18:04:29,STF1054,staff,Security,Staff-VPN,vpn_password,success,airport-terminal,0
IA003611,2026-06-05T18:31:57,VND2031,vendor,Meridian Aircraft Maintenance,Retail-POS-Backend,badge+pin,success,vendor-remote-site,0
IA001301,2026-06-05T18:37:01,VND2028,vendor,Horizon Cleaning Services,Airfield-Ops-Portal,sso_mfa,success,airport-terminal,0
IA001795,2026-06-05T18:50:51,STF1067,staff,IT,Maintenance-Ticketing,badge+pin,success,airport-terminal,0
IA005044,2026-06-05T18:58:03,STF1036,staff,Gate Services,Airfield-Ops-Portal,sso_mfa,success,airport-terminal,0
IA003026,2026-06-05T19:02:28,STF1086,staff,Baggage Handling,HR-Self-Service,sso_password,success,airport-terminal,0
IA001135,2026-06-05T19:15:55,VND2006,vendor,Coastal Catering Co,Departure-Control-System,vpn_certificate,success,airport-terminal,0
IA003538,2026-06-05T19:23:48,STF1113,staff,IT,HR-Self-Service,vpn_certificate,success,airport-terminal,0
IA000956,2026-06-05T19:25:17,STF1138,staff,Security,Departure-Control-System,sso_password,success,airport-terminal,0
IA001075,2026-06-05T19:34:01,VND2014,vendor,AeroFuel Solutions,HR-Self-Service,sso_mfa,success,airport-terminal,0
IA001172,2026-06-05T19:34:47,VND2007,vendor,SkyLink Ground Services,Gate-Management-System,badge+pin,success,airport-terminal,0
IA001150,2026-06-05T19:36:49,VND2013,vendor,Falcon Cargo Handling,Baggage-Handling-System,sso_password,success,airport-terminal,0
IA000090,2026-06-05T19:45:29,STF1074,staff,Baggage Handling,Gate-Management-System,sso_password,success,airport-terminal,0
IA000911,2026-06-05T19:51:22,VND2001,vendor,Meridian Aircraft Maintenance,Maintenance-Ticketing,badge+pin,success,vendor-remote-site,0
IA001239,2026-06-05T19:57:11,STF1045,staff,Baggage Handling,HR-Self-Service,sso_password,success,airport-terminal,0
IA004255,2026-06-05T20:14:10,STF1156,staff,Gate Services,HR-Self-Service,vpn_certificate,success,airport-terminal,0
IA004267,2026-06-05T20:24:59,STF1025,staff,Security,Airfield-Ops-Portal,sso_mfa,success,airport-terminal,0
IA001987,2026-06-05T20:34:30,STF1048,staff,Retail Concessions,Airfield-Ops-Portal,badge+pin,success,airport-terminal,0
IA006179,2026-06-05T20:38:41,STF1145,staff,Ground Operations,Departure-Control-System,badge+pin,success,airport-terminal,0
IA002416,2026-06-05T20:45:22,STF1172,staff,Ground Operations,Gate-Management-System,vpn_certificate,success,airport-terminal,0
IA001942,2026-06-05T20:50:38,STF1044,staff,Ground Operations,HR-Self-Service,sso_mfa,success,airport-terminal,0
IA002028,2026-06-05T20:53:12,STF1061,staff,Ground Operations,Retail-POS-Backend,sso_password,success,airport-terminal,0
IA006151,2026-06-05T21:08:03,VND2033,vendor,Meridian Aircraft Maintenance,Cargo-Manifest-System,vpn_certificate,success,airport-terminal,0
IA004737,2026-06-05T21:13:11,STF1126,staff,IT,Maintenance-Ticketing,sso_mfa,success,airport-terminal,0
IA003099,2026-06-05T21:34:47,STF1155,staff,Cargo,Airfield-Ops-Portal,sso_password,success,airport-terminal,0
IA004752,2026-06-05T21:38:38,STF1039,staff,Engineering & Maintenance,Departure-Control-System,badge+pin,success,airport-terminal,0
IA005458,2026-06-05T21:47:00,VND2033,vendor,Meridian Aircraft Maintenance,HR-Self-Service,badge+pin,success,vendor-remote-site,0
IA002492,2026-06-05T21:51:28,STF1132,staff,Cargo,Departure-Control-System,vpn_certificate,success,airport-terminal,0
IA003113,2026-06-05T23:15:27,STF1070,staff,Ground Operations,Retail-POS-Backend,badge+pin,success,airport-terminal,0
IA002823,2026-06-05T23:30:03,STF1114,staff,Gate Services,Departure-Control-System,sso_mfa,success,airport-terminal,0
IA004183,2026-06-06T01:06:05,STF1160,staff,Gate Services,Baggage-Handling-System,vpn_password,success,airport-terminal,1
IA003642,2026-06-06T01:10:48,VND2031,vendor,Meridian Aircraft Maintenance,Cargo-Manifest-System,vpn_password,success,airport-terminal,0
IA001746,2026-06-06T01:19:08,STF1082,staff,Retail Concessions,Cargo-Manifest-System,sso_password,success,airport-terminal,0
IA005266,2026-06-06T01:25:12,STF1062,staff,Gate Services,Departure-Control-System,vpn_password,success,airport-terminal,0
IA003776,2026-06-06T01:44:38,STF1039,staff,Engineering & Maintenance,Cargo-Manifest-System,vpn_password,success,airport-terminal,0
IA001817,2026-06-06T03:53:29,STF1098,staff,Engineering & Maintenance,Staff-VPN,sso_password,success,airport-terminal,1
IA000367,2026-06-06T04:17:17,VND2033,vendor,Meridian Aircraft Maintenance,Departure-Control-System,sso_password,fail,vendor-remote-site,1
IA004893,2026-06-06T06:06:52,VND2028,vendor,Horizon Cleaning Services,Airfield-Ops-Portal,badge+pin,fail,airport-terminal,0
IA003546,2026-06-06T06:11:15,STF1058,staff,Gate Services,HR-Self-Service,sso_mfa,success,airport-terminal,0
IA004410,2026-06-06T06:13:24,VND2019,vendor,Falcon Cargo Handling,Staff-VPN,badge+pin,success,vendor-remote-site,0
IA005115,2026-06-06T06:17:33,STF1020,staff,Ground Operations,Maintenance-Ticketing,vpn_password,success,airport-terminal,0
IA001684,2026-06-06T06:18:25,STF1131,staff,Engineering & Maintenance,Cargo-Manifest-System,badge+pin,fail,airport-terminal,0
IA005961,2026-06-06T06:19:44,STF1177,staff,IT,Retail-POS-Backend,badge+pin,success,airport-terminal,0
IA003936,2026-06-06T06:23:36,STF1165,staff,Cargo,Staff-VPN,badge+pin,success,airport-terminal,0
IA001164,2026-06-06T06:34:39,STF1149,staff,Cargo,Baggage-Handling-System,vpn_password,success,airport-terminal,1
IA001284,2026-06-06T07:04:29,STF1097,staff,Retail Concessions,Staff-VPN,sso_password,success,airport-terminal,0
IA000821,2026-06-06T07:04:59,STF1023,staff,Baggage Handling,Maintenance-Ticketing,sso_mfa,success,airport-terminal,0
IA003165,2026-06-06T07:08:27,VND2027,vendor,Meridian Aircraft Maintenance,Airfield-Ops-Portal,vpn_certificate,success,airport-terminal,0
IA006128,2026-06-06T07:20:04,STF1096,staff,Security,Airfield-Ops-Portal,sso_mfa,success,airport-terminal,0
IA000459,2026-06-06T07:20:10,STF1171,staff,Retail Concessions,Departure-Control-System,badge+pin,success,airport-terminal,0
IA003745,2026-06-06T07:28:48,STF1013,staff,Cargo,Maintenance-Ticketing,sso_password,success,airport-terminal,0
IA004794,2026-06-06T07:33:25,STF1005,staff,Retail Concessions,Baggage-Handling-System,badge+pin,success,airport-terminal,0
IA004128,2026-06-06T07:46:29,STF1011,staff,Retail Concessions,HR-Self-Service,badge+pin,success,airport-terminal,0
IA003207,2026-06-06T07:54:20,STF1107,staff,Baggage Handling,Gate-Management-System,vpn_password,success,airport-terminal,0
IA001670,2026-06-06T08:02:23,STF1086,staff,Baggage Handling,Retail-POS-Backend,sso_password,success,airport-terminal,0
IA005437,2026-06-06T08:14:52,STF1032,staff,Security,Retail-POS-Backend,sso_password,success,airport-terminal,0
IA001609,2026-06-06T08:22:05,STF1171,staff,Retail Concessions,Staff-VPN,sso_password,success,airport-terminal,0
IA003951,2026-06-06T08:52:17,VND2029,vendor,Horizon Cleaning Services,Cargo-Manifest-System,sso_mfa,success,airport-terminal,0
IA002150,2026-06-06T08:53:33,STF1135,staff,Security,Cargo-Manifest-System,badge+pin,success,airport-terminal,0
IA003091,2026-06-06T08:54:23,STF1145,staff,Ground Operations,Staff-VPN,vpn_password,success,airport-terminal,0
IA004846,2026-06-06T08:58:05,STF1142,staff,Gate Services,HR-Self-Service,sso_password,success,airport-terminal,0
IA000238,2026-06-06T08:59:23,STF1129,staff,Security,HR-Self-Service,sso_password,success,airport-terminal,0
IA000442,2026-06-06T09:18:09,STF1078,staff,Baggage Handling,Baggage-Handling-System,badge+pin,success,airport-terminal,0
IA004773,2026-06-06T09:29:48,STF1089,staff,Retail Concessions,Departure-Control-System,vpn_password,success,airport-terminal,0
IA002812,2026-06-06T09:34:09,STF1067,staff,IT,HR-Self-Service,sso_password,success,airport-terminal,0
IA000591,2026-06-06T09:34:37,STF1076,staff,Baggage Handling,Cargo-Manifest-System,vpn_password,success,airport-terminal,0
IA005861,2026-06-06T09:39:23,STF1173,staff,Baggage Handling,Staff-VPN,badge+pin,success,airport-terminal,0
IA005143,2026-06-06T09:46:19,VND2017,vendor,Horizon Cleaning Services,Baggage-Handling-System,sso_password,success,vendor-remote-site,0
IA004110,2026-06-06T09:52:15,STF1029,staff,Security,HR-Self-Service,badge+pin,success,airport-terminal,0
IA003781,2026-06-06T09:57:38,STF1136,staff,Baggage Handling,Baggage-Handling-System,vpn_certificate,success,airport-terminal,0
IA002021,2026-06-06T10:05:46,STF1175,staff,Ground Operations,Gate-Management-System,sso_mfa,success,airport-terminal,0
IA004895,2026-06-06T10:18:18,STF1060,staff,Retail Concessions,Maintenance-Ticketing,sso_mfa,success,airport-terminal,0
IA000683,2026-06-06T10:21:45,VND2033,vendor,Meridian Aircraft Maintenance,Departure-Control-System,sso_password,success,airport-terminal,1
IA001007,2026-06-06T10:22:08,STF1081,staff,Cargo,Maintenance-Ticketing,vpn_password,success,airport-terminal,0
IA005804,2026-06-06T10:23:53,STF1040,staff,Cargo,Baggage-Handling-System,sso_password,success,airport-terminal,0
IA002828,2026-06-06T10:49:25,VND2034,vendor,SkyLink Ground Services,Gate-Management-System,vpn_password,success,airport-terminal,0
IA000718,2026-06-06T10:57:39,STF1011,staff,Retail Concessions,Cargo-Manifest-System,sso_password,success,airport-terminal,0
IA000507,2026-06-06T11:08:10,VND2030,vendor,Meridian Aircraft Maintenance,Baggage-Handling-System,sso_mfa,success,vendor-remote-site,0
IA003821,2026-06-06T11:12:17,STF1005,staff,Retail Concessions,Staff-VPN,sso_password,success,airport-terminal,0
IA004400,2026-06-06T11:13:14,VND2030,vendor,Meridian Aircraft Maintenance,Baggage-Handling-System,badge+pin,success,airport-terminal,0
IA005718,2026-06-06T11:15:27,STF1069,staff,Baggage Handling,Maintenance-Ticketing,sso_mfa,success,airport-terminal,0
IA001252,2026-06-06T11:15:48,STF1015,staff,Gate Services,Retail-POS-Backend,sso_password,success,airport-terminal,0
IA003020,2026-06-06T11:19:53,STF1046,staff,Cargo,HR-Self-Service,sso_mfa,success,airport-terminal,0
IA005095,2026-06-06T11:21:09,STF1123,staff,Baggage Handling,HR-Self-Service,badge+pin,success,airport-terminal,0
IA000550,2026-06-06T11:24:36,VND2010,vendor,SkyLink Ground Services,Retail-POS-Backend,sso_password,fail,airport-terminal,0
IA000897,2026-06-06T11:32:18,VND2009,vendor,Falcon Cargo Handling,Gate-Management-System,sso_password,success,airport-terminal,0
IA001375,2026-06-06T11:35:17,STF1124,staff,Gate Services,Cargo-Manifest-System,sso_mfa,fail,airport-terminal,0
IA002588,2026-06-06T11:57:13,STF1078,staff,Baggage Handling,Staff-VPN,sso_password,success,airport-terminal,0
IA005891,2026-06-06T11:58:42,STF1018,staff,Engineering & Maintenance,Departure-Control-System,sso_password,success,airport-terminal,0
IA005240,2026-06-06T12:20:19,STF1076,staff,Baggage Handling,Retail-POS-Backend,badge+pin,success,airport-terminal,0
IA005501,2026-06-06T12:25:10,STF1079,staff,Security,Baggage-Handling-System,vpn_certificate,success,airport-terminal,0
IA005598,2026-06-06T12:32:49,STF1163,staff,Retail Concessions,Gate-Management-System,sso_password,success,airport-terminal,0
IA002933,2026-06-06T12:49:37,STF1083,staff,Security,Gate-Management-System,sso_password,success,airport-terminal,0
IA003341,2026-06-06T12:58:41,STF1086,staff,Baggage Handling,Staff-VPN,vpn_certificate,success,airport-terminal,0
IA002006,2026-06-06T13:00:24,VND2023,vendor,SkyLink Ground Services,Retail-POS-Backend,sso_mfa,success,airport-terminal,0
IA001119,2026-06-06T13:03:00,STF1071,staff,Cargo,Gate-Management-System,badge+pin,success,airport-terminal,0
IA003627,2026-06-06T13:07:12,VND2026,vendor,Horizon Cleaning Services,Gate-Management-System,badge+pin,success,vendor-remote-site,0
IA002797,2026-06-06T13:37:16,VND2007,vendor,SkyLink Ground Services,Departure-Control-System,sso_mfa,success,airport-terminal,0
IA003987,2026-06-06T13:44:28,STF1001,staff,Cargo,HR-Self-Service,badge+pin,success,airport-terminal,0
IA003075,2026-06-06T13:55:52,STF1174,staff,Ground Operations,HR-Self-Service,sso_mfa,success,airport-terminal,0
IA004725,2026-06-06T13:58:33,VND2003,vendor,Falcon Cargo Handling,Staff-VPN,vpn_password,success,vendor-remote-site,0
IA005946,2026-06-06T14:04:41,STF1035,staff,Retail Concessions,Cargo-Manifest-System,sso_password,success,airport-terminal,0
IA000085,2026-06-06T14:27:51,STF1009,staff,Retail Concessions,Departure-Control-System,badge+pin,success,airport-terminal,0
IA005871,2026-06-06T14:32:08,STF1068,staff,Ground Operations,Cargo-Manifest-System,sso_password,success,airport-terminal,0
IA002477,2026-06-06T14:34:48,VND2003,vendor,Falcon Cargo Handling,Retail-POS-Backend,sso_password,success,airport-terminal,0
IA000100,2026-06-06T14:34:55,STF1071,staff,Cargo,Cargo-Manifest-System,sso_mfa,success,airport-terminal,0
IA003836,2026-06-06T14:38:24,VND2000,vendor,SkyLink Ground Services,Retail-POS-Backend,sso_password,success,airport-terminal,0
IA005502,2026-06-06T14:39:05,STF1165,staff,Cargo,Departure-Control-System,badge+pin,success,airport-terminal,0
IA004129,2026-06-06T14:50:29,STF1036,staff,Gate Services,Staff-VPN,sso_password,success,airport-terminal,0
IA000854,2026-06-06T14:58:41,STF1057,staff,Cargo,Baggage-Handling-System,vpn_password,success,airport-terminal,0
IA001069,2026-06-06T14:58:55,STF1030,staff,Baggage Handling,Maintenance-Ticketing,vpn_certificate,success,airport-terminal,0
IA003183,2026-06-06T15:09:37,STF1157,staff,Gate Services,Baggage-Handling-System,sso_password,success,airport-terminal,0
IA006107,2026-06-06T15:09:39,STF1121,staff,Security,Departure-Control-System,badge+pin,fail,airport-terminal,0
IA000058,2026-06-06T15:12:49,STF1128,staff,Retail Concessions,Airfield-Ops-Portal,sso_mfa,success,airport-terminal,0
IA001774,2026-06-06T15:15:33,STF1108,staff,Security,Cargo-Manifest-System,sso_mfa,success,airport-terminal,0
IA000230,2026-06-06T15:22:42,VND2010,vendor,SkyLink Ground Services,Gate-Management-System,badge+pin,success,vendor-remote-site,0
IA000365,2026-06-06T15:22:49,STF1087,staff,Ground Operations,Maintenance-Ticketing,sso_mfa,success,airport-terminal,0
IA002688,2026-06-06T15:41:11,STF1041,staff,Security,Cargo-Manifest-System,sso_password,success,airport-terminal,0
IA005003,2026-06-06T15:49:06,VND2022,vendor,Falcon Cargo Handling,HR-Self-Service,vpn_password,success,vendor-remote-site,0
IA002373,2026-06-06T15:54:45,STF1151,staff,Baggage Handling,Retail-POS-Backend,badge+pin,success,airport-terminal,0
IA004857,2026-06-06T16:00:41,STF1128,staff,Retail Concessions,Gate-Management-System,vpn_certificate,success,airport-terminal,0
IA004466,2026-06-06T16:04:24,STF1135,staff,Security,Departure-Control-System,vpn_certificate,success,airport-terminal,0
IA003300,2026-06-06T16:06:00,STF1014,staff,Baggage Handling,Maintenance-Ticketing,sso_password,success,airport-terminal,0
IA003462,2026-06-06T16:10:26,STF1063,staff,Retail Concessions,Departure-Control-System,badge+pin,success,airport-terminal,0
IA005559,2026-06-06T16:10:42,STF1082,staff,Retail Concessions,Baggage-Handling-System,vpn_certificate,success,airport-terminal,0
IA003384,2026-06-06T16:13:42,STF1152,staff,Ground Operations,Staff-VPN,badge+pin,success,airport-terminal,0
IA002040,2026-06-06T16:15:00,STF1144,staff,Security,Retail-POS-Backend,badge+pin,success,airport-terminal,0
IA005312,2026-06-06T16:23:47,STF1126,staff,IT,Baggage-Handling-System,vpn_password,success,airport-terminal,0
IA003527,2026-06-06T16:53:25,VND2016,vendor,AeroFuel Solutions,Gate-Management-System,sso_password,success,vendor-remote-site,0
IA002467,2026-06-06T17:01:36,VND2000,vendor,SkyLink Ground Services,Gate-Management-System,vpn_certificate,success,airport-terminal,0
IA000418,2026-06-06T17:04:16,STF1101,staff,Retail Concessions,Airfield-Ops-Portal,sso_mfa,success,airport-terminal,0
IA004868,2026-06-06T17:12:41,VND2018,vendor,Falcon Cargo Handling,Maintenance-Ticketing,sso_mfa,success,vendor-remote-site,0
IA003299,2026-06-06T17:19:57,STF1064,staff,Cargo,Maintenance-Ticketing,sso_password,success,airport-terminal,0
IA002343,2026-06-06T17:31:46,VND2000,vendor,SkyLink Ground Services,Cargo-Manifest-System,badge+pin,success,vendor-remote-site,0
IA003344,2026-06-06T17:33:07,STF1084,staff,IT,Baggage-Handling-System,sso_mfa,success,airport-terminal,0
IA000429,2026-06-06T17:44:51,STF1162,staff,Ground Operations,HR-Self-Service,badge+pin,success,airport-terminal,0
IA002899,2026-06-06T17:59:58,STF1104,staff,Gate Services,Airfield-Ops-Portal,vpn_certificate,success,airport-terminal,0
IA004819,2026-06-06T18:02:19,STF1067,staff,IT,Staff-VPN,vpn_password,success,airport-terminal,0
IA003498,2026-06-06T18:07:17,VND2007,vendor,SkyLink Ground Services,Airfield-Ops-Portal,sso_mfa,success,vendor-remote-site,0
IA000556,2026-06-06T18:29:42,STF1153,staff,Ground Operations,Cargo-Manifest-System,sso_mfa,success,airport-terminal,0
IA002630,2026-06-06T18:32:50,VND2009,vendor,Falcon Cargo Handling,Departure-Control-System,vpn_password,success,vendor-remote-site,0
IA004940,2026-06-06T18:43:01,STF1146,staff,Ground Operations,Staff-VPN,vpn_certificate,success,airport-terminal,0
IA001735,2026-06-06T18:45:21,STF1133,staff,Baggage Handling,Maintenance-Ticketing,sso_mfa,success,airport-terminal,0
IA004060,2026-06-06T18:47:40,STF1137,staff,Retail Concessions,HR-Self-Service,badge+pin,success,airport-terminal,0
IA004026,2026-06-06T18:50:33,STF1057,staff,Cargo,Staff-VPN,badge+pin,success,airport-terminal,0
IA005135,2026-06-06T19:08:14,STF1058,staff,Gate Services,Retail-POS-Backend,vpn_certificate,success,airport-terminal,0
IA003138,2026-06-06T19:20:53,STF1084,staff,IT,Cargo-Manifest-System,sso_mfa,success,airport-terminal,0
IA002049,2026-06-06T19:21:56,STF1120,staff,Engineering & Maintenance,Gate-Management-System,sso_password,success,airport-terminal,0
IA003569,2026-06-06T19:24:22,VND2005,vendor,AeroFuel Solutions,Staff-VPN,sso_mfa,success,airport-terminal,0
IA000617,2026-06-06T19:33:07,STF1156,staff,Gate Services,Staff-VPN,sso_password,success,airport-terminal,0
IA004492,2026-06-06T19:49:41,VND2010,vendor,SkyLink Ground Services,HR-Self-Service,vpn_certificate,success,airport-terminal,0
IA000286,2026-06-06T19:50:19,STF1105,staff,Baggage Handling,HR-Self-Service,sso_password,success,airport-terminal,0
IA006053,2026-06-06T20:00:57,STF1060,staff,Retail Concessions,Retail-POS-Backend,vpn_certificate,success,airport-terminal,0
IA005069,2026-06-06T20:01:47,STF1019,staff,Cargo,Departure-Control-System,sso_password,success,airport-terminal,0
IA004793,2026-06-06T20:09:05,STF1157,staff,Gate Services,Baggage-Handling-System,sso_password,success,airport-terminal,0
IA005590,2026-06-06T20:15:17,STF1038,staff,Retail Concessions,Retail-POS-Backend,sso_password,success,airport-terminal,0
IA000427,2026-06-06T20:24:24,STF1059,staff,IT,Retail-POS-Backend,vpn_certificate,success,airport-terminal,0
IA002918,2026-06-06T20:25:22,STF1179,staff,Baggage Handling,Retail-POS-Backend,sso_mfa,success,airport-terminal,0
IA005155,2026-06-06T20:32:29,STF1133,staff,Baggage Handling,Cargo-Manifest-System,sso_password,success,airport-terminal,0
IA001131,2026-06-06T20:33:27,VND2030,vendor,Meridian Aircraft Maintenance,Gate-Management-System,badge+pin,success,vendor-remote-site,0
IA001977,2026-06-06T20:39:54,STF1030,staff,Baggage Handling,Gate-Management-System,sso_password,success,airport-terminal,0
IA001425,2026-06-06T20:42:49,STF1126,staff,IT,Airfield-Ops-Portal,sso_mfa,success,airport-terminal,0
IA004193,2026-06-06T20:43:09,STF1007,staff,Baggage Handling,Baggage-Handling-System,sso_password,success,airport-terminal,0
IA001526,2026-06-06T20:45:51,STF1064,staff,Cargo,Cargo-Manifest-System,badge+pin,success,airport-terminal,0
IA006192,2026-06-06T20:47:00,STF1040,staff,Cargo,Maintenance-Ticketing,vpn_certificate,success,airport-terminal,0
IA005235,2026-06-06T20:49:06,STF1033,staff,Retail Concessions,Staff-VPN,sso_password,success,airport-terminal,0
IA006174,2026-06-06T20:52:08,STF1043,staff,Cargo,Baggage-Handling-System,badge+pin,success,airport-terminal,0
IA001878,2026-06-06T20:53:41,STF1071,staff,Cargo,Departure-Control-System,vpn_password,success,airport-terminal,0
IA001963,2026-06-06T20:56:39,STF1057,staff,Cargo,Staff-VPN,badge+pin,fail,airport-terminal,0
IA002691,2026-06-06T21:09:08,VND2010,vendor,SkyLink Ground Services,Retail-POS-Backend,sso_password,success,vendor-remote-site,0
IA001731,2026-06-06T21:12:39,VND2008,vendor,SkyLink Ground Services,Staff-VPN,badge+pin,success,vendor-remote-site,0
IA001889,2026-06-06T21:12:57,VND2008,vendor,SkyLink Ground Services,HR-Self-Service,vpn_certificate,success,vendor-remote-site,0
IA000059,2026-06-06T21:28:31,STF1164,staff,Ground Operations,Baggage-Handling-System,sso_mfa,success,airport-terminal,0
IA000221,2026-06-06T21:45:01,STF1077,staff,Gate Services,Staff-VPN,vpn_certificate,success,airport-terminal,0
IA001581,2026-06-06T21:46:32,VND2031,vendor,Meridian Aircraft Maintenance,Baggage-Handling-System,sso_mfa,success,vendor-remote-site,0
IA002013,2026-06-06T21:56:03,STF1146,staff,Ground Operations,Retail-POS-Backend,vpn_certificate,success,airport-terminal,0
IA000314,2026-06-06T23:51:17,VND2014,vendor,AeroFuel Solutions,HR-Self-Service,vpn_certificate,success,airport-terminal,0
IA004762,2026-06-06T23:58:21,STF1091,staff,IT,Retail-POS-Backend,vpn_certificate,success,airport-terminal,0
IA000647,2026-06-07T00:51:36,STF1098,staff,Engineering & Maintenance,Staff-VPN,sso_password,success,airport-terminal,1
IA004024,2026-06-07T01:15:47,VND2014,vendor,AeroFuel Solutions,Cargo-Manifest-System,sso_password,success,airport-terminal,0
IA001111,2026-06-07T01:45:42,STF1149,staff,Cargo,Baggage-Handling-System,sso_password,success,airport-terminal,1
IA006175,2026-06-07T02:02:15,STF1149,staff,Cargo,Staff-VPN,sso_password,success,airport-terminal,1
IA001590,2026-06-07T02:35:05,STF1111,staff,Ground Operations,Retail-POS-Backend,vpn_password,success,airport-terminal,0
IA003875,2026-06-07T02:39:42,STF1179,staff,Baggage Handling,HR-Self-Service,sso_password,success,airport-terminal,0
IA002570,2026-06-07T02:40:14,STF1175,staff,Ground Operations,Staff-VPN,sso_password,success,airport-terminal,0
IA002874,2026-06-07T02:50:07,STF1167,staff,Retail Concessions,Departure-Control-System,sso_password,success,airport-terminal,1
IA000287,2026-06-07T03:07:48,STF1059,staff,IT,Staff-VPN,vpn_certificate,success,airport-terminal,0
IA000817,2026-06-07T03:13:24,STF1088,staff,Ground Operations,HR-Self-Service,sso_password,success,airport-terminal,0
IA002281,2026-06-07T03:30:52,STF1172,staff,Ground Operations,HR-Self-Service,vpn_certificate,success,airport-terminal,0
IA000712,2026-06-07T03:51:38,STF1160,staff,Gate Services,Departure-Control-System,sso_password,success,airport-terminal,1
IA000183,2026-06-07T04:34:38,STF1018,staff,Engineering & Maintenance,Departure-Control-System,sso_password,fail,airport-terminal,1
IA004824,2026-06-07T06:07:37,VND2017,vendor,Horizon Cleaning Services,Baggage-Handling-System,badge+pin,success,vendor-remote-site,0
IA001023,2026-06-07T06:10:42,VND2006,vendor,Coastal Catering Co,Staff-VPN,vpn_certificate,success,vendor-remote-site,0
IA002247,2026-06-07T06:39:28,STF1003,staff,IT,Cargo-Manifest-System,vpn_certificate,fail,airport-terminal,0
IA001497,2026-06-07T06:50:40,STF1141,staff,Retail Concessions,Maintenance-Ticketing,sso_password,success,airport-terminal,0
IA003941,2026-06-07T06:52:16,STF1105,staff,Baggage Handling,Cargo-Manifest-System,sso_password,success,airport-terminal,0
IA002372,2026-06-07T06:54:23,STF1027,staff,Baggage Handling,Maintenance-Ticketing,vpn_certificate,fail,airport-terminal,0
IA000709,2026-06-07T06:56:28,STF1002,staff,Ground Operations,Airfield-Ops-Portal,sso_password,success,airport-terminal,0
IA000759,2026-06-07T06:59:00,STF1130,staff,Engineering & Maintenance,Gate-Management-System,vpn_password,success,airport-terminal,0
IA003946,2026-06-07T07:02:46,VND2003,vendor,Falcon Cargo Handling,HR-Self-Service,badge+pin,success,vendor-remote-site,0
IA000403,2026-06-07T07:17:10,STF1163,staff,Retail Concessions,Retail-POS-Backend,badge+pin,success,airport-terminal,0
IA002042,2026-06-07T07:24:51,STF1065,staff,Security,HR-Self-Service,sso_password,success,airport-terminal,0
IA000003,2026-06-07T07:29:14,STF1081,staff,Cargo,Baggage-Handling-System,sso_mfa,success,airport-terminal,0
IA003199,2026-06-07T07:41:35,STF1065,staff,Security,HR-Self-Service,vpn_certificate,success,airport-terminal,0
IA002032,2026-06-07T07:43:43,VND2024,vendor,AeroFuel Solutions,Retail-POS-Backend,vpn_certificate,success,airport-terminal,0
IA001168,2026-06-07T07:48:32,STF1133,staff,Baggage Handling,Maintenance-Ticketing,sso_password,success,airport-terminal,0
IA000998,2026-06-07T08:01:58,STF1172,staff,Ground Operations,Departure-Control-System,vpn_password,success,airport-terminal,0
IA006036,2026-06-07T08:02:20,STF1153,staff,Ground Operations,Maintenance-Ticketing,sso_password,success,airport-terminal,0
IA004509,2026-06-07T08:15:42,STF1171,staff,Retail Concessions,Gate-Management-System,vpn_password,success,airport-terminal,0
IA005905,2026-06-07T08:17:56,STF1133,staff,Baggage Handling,Cargo-Manifest-System,badge+pin,success,airport-terminal,0
IA002591,2026-06-07T08:19:59,STF1061,staff,Ground Operations,Cargo-Manifest-System,sso_password,success,airport-terminal,0
IA004111,2026-06-07T08:20:56,STF1135,staff,Security,Departure-Control-System,badge+pin,success,airport-terminal,0
IA000741,2026-06-07T08:31:56,STF1097,staff,Retail Concessions,Airfield-Ops-Portal,sso_mfa,success,airport-terminal,0
IA003696,2026-06-07T08:34:37,VND2024,vendor,AeroFuel Solutions,Maintenance-Ticketing,vpn_password,success,airport-terminal,0
IA000223,2026-06-07T08:35:25,STF1136,staff,Baggage Handling,Departure-Control-System,badge+pin,success,airport-terminal,0
IA003515,2026-06-07T08:40:03,STF1095,staff,Retail Concessions,Maintenance-Ticketing,vpn_certificate,success,airport-terminal,0
IA002835,2026-06-07T08:44:04,STF1129,staff,Security,Departure-Control-System,sso_mfa,success,airport-terminal,0
IA005100,2026-06-07T08:49:37,VND2015,vendor,AeroFuel Solutions,Retail-POS-Backend,sso_password,success,airport-terminal,0
IA000106,2026-06-07T09:03:25,STF1132,staff,Cargo,Staff-VPN,sso_password,success,airport-terminal,0
IA000579,2026-06-07T09:03:48,STF1084,staff,IT,Departure-Control-System,vpn_password,success,airport-terminal,0
IA004713,2026-06-07T09:05:29,STF1147,staff,Ground Operations,Baggage-Handling-System,sso_password,success,airport-terminal,0
IA001864,2026-06-07T09:06:20,VND2024,vendor,AeroFuel Solutions,Baggage-Handling-System,sso_mfa,success,airport-terminal,0
IA001867,2026-06-07T09:18:11,STF1074,staff,Baggage Handling,HR-Self-Service,sso_password,success,airport-terminal,0
IA002584,2026-06-07T09:24:27,STF1146,staff,Ground Operations,Departure-Control-System,sso_password,success,airport-terminal,0
IA003628,2026-06-07T09:24:30,STF1018,staff,Engineering & Maintenance,Gate-Management-System,sso_password,success,airport-terminal,0
IA002942,2026-06-07T09:28:40,STF1054,staff,Security,Baggage-Handling-System,badge+pin,success,airport-terminal,0
IA001266,2026-06-07T09:42:46,STF1077,staff,Gate Services,Cargo-Manifest-System,sso_password,success,airport-terminal,0
IA003160,2026-06-07T10:15:42,VND2000,vendor,SkyLink Ground Services,Cargo-Manifest-System,sso_password,success,airport-terminal,0
IA002562,2026-06-07T10:15:54,STF1035,staff,Retail Concessions,Retail-POS-Backend,sso_password,success,airport-terminal,0
IA002988,2026-06-07T10:15:55,STF1084,staff,IT,HR-Self-Service,sso_mfa,success,airport-terminal,0
IA004156,2026-06-07T10:18:53,STF1080,staff,Cargo,Baggage-Handling-System,sso_mfa,success,airport-terminal,0
IA006065,2026-06-07T10:21:02,VND2028,vendor,Horizon Cleaning Services,Gate-Management-System,badge+pin,success,airport-terminal,0
IA003919,2026-06-07T10:25:07,STF1172,staff,Ground Operations,Retail-POS-Backend,sso_password,success,airport-terminal,0
IA005129,2026-06-07T10:36:10,STF1172,staff,Ground Operations,Gate-Management-System,badge+pin,success,airport-terminal,0
IA004841,2026-06-07T10:36:57,STF1154,staff,Ground Operations,Departure-Control-System,badge+pin,success,airport-terminal,0
IA001133,2026-06-07T10:46:41,STF1174,staff,Ground Operations,Cargo-Manifest-System,badge+pin,success,airport-terminal,0
IA004939,2026-06-07T11:00:30,STF1167,staff,Retail Concessions,Baggage-Handling-System,sso_password,fail,airport-terminal,1
IA001732,2026-06-07T11:07:54,STF1045,staff,Baggage Handling,Cargo-Manifest-System,vpn_password,success,airport-terminal,0
IA001640,2026-06-07T11:09:01,VND2012,vendor,AeroFuel Solutions,HR-Self-Service,vpn_certificate,success,vendor-remote-site,0
IA001696,2026-06-07T11:11:32,STF1129,staff,Security,Departure-Control-System,badge+pin,success,airport-terminal,0
IA005576,2026-06-07T11:15:15,VND2014,vendor,AeroFuel Solutions,Airfield-Ops-Portal,sso_mfa,success,airport-terminal,0
IA002633,2026-06-07T11:16:53,STF1011,staff,Retail Concessions,Cargo-Manifest-System,sso_password,success,airport-terminal,0
IA002727,2026-06-07T11:37:47,VND2000,vendor,SkyLink Ground Services,Baggage-Handling-System,vpn_certificate,success,vendor-remote-site,0
IA001451,2026-06-07T11:39:11,STF1095,staff,Retail Concessions,Retail-POS-Backend,badge+pin,success,airport-terminal,0
IA001288,2026-06-07T11:42:08,STF1178,staff,Engineering & Maintenance,Retail-POS-Backend,vpn_password,success,airport-terminal,0
IA004611,2026-06-07T11:56:53,STF1168,staff,Gate Services,Retail-POS-Backend,vpn_password,success,airport-terminal,0
IA004175,2026-06-07T12:00:31,STF1138,staff,Security,Gate-Management-System,vpn_certificate,success,airport-terminal,0
IA005496,2026-06-07T12:19:22,STF1117,staff,IT,Staff-VPN,badge+pin,success,airport-terminal,0
IA003239,2026-06-07T12:21:28,STF1002,staff,Ground Operations,HR-Self-Service,badge+pin,success,airport-terminal,0
IA004729,2026-06-07T12:23:28,STF1037,staff,Engineering & Maintenance,Staff-VPN,sso_mfa,success,airport-terminal,0
IA003488,2026-06-07T12:37:06,VND2012,vendor,AeroFuel Solutions,Maintenance-Ticketing,vpn_password,success,vendor-remote-site,0
IA001602,2026-06-07T12:39:25,STF1000,staff,Ground Operations,Airfield-Ops-Portal,sso_password,success,airport-terminal,0
IA000303,2026-06-07T12:58:30,VND2002,vendor,Horizon Cleaning Services,Cargo-Manifest-System,sso_password,success,airport-terminal,0
IA002784,2026-06-07T13:05:51,STF1092,staff,Baggage Handling,Retail-POS-Backend,sso_password,fail,airport-terminal,0
IA005183,2026-06-07T13:06:06,STF1031,staff,Cargo,Staff-VPN,vpn_certificate,success,airport-terminal,0
IA003930,2026-06-07T13:08:18,STF1052,staff,Cargo,Departure-Control-System,badge+pin,fail,airport-terminal,0
IA004088,2026-06-07T13:08:58,STF1017,staff,Gate Services,HR-Self-Service,badge+pin,success,airport-terminal,0
IA002530,2026-06-07T13:15:13,STF1105,staff,Baggage Handling,HR-Self-Service,sso_password,success,airport-terminal,0
IA004103,2026-06-07T13:29:19,STF1030,staff,Baggage Handling,Gate-Management-System,sso_password,success,airport-terminal,0
IA005851,2026-06-07T13:40:31,VND2029,vendor,Horizon Cleaning Services,HR-Self-Service,sso_password,success,vendor-remote-site,0
IA001749,2026-06-07T13:44:56,STF1105,staff,Baggage Handling,Cargo-Manifest-System,badge+pin,success,airport-terminal,0
IA000877,2026-06-07T13:45:59,STF1027,staff,Baggage Handling,Staff-VPN,sso_password,success,airport-terminal,0
IA001367,2026-06-07T13:47:12,STF1002,staff,Ground Operations,Retail-POS-Backend,badge+pin,success,airport-terminal,0
IA004862,2026-06-07T13:47:49,STF1081,staff,Cargo,Cargo-Manifest-System,sso_mfa,success,airport-terminal,0
IA001071,2026-06-07T13:51:36,STF1084,staff,IT,Cargo-Manifest-System,badge+pin,success,airport-terminal,0
IA000938,2026-06-07T13:53:46,STF1082,staff,Retail Concessions,HR-Self-Service,vpn_certificate,success,airport-terminal,0
IA005218,2026-06-07T14:05:07,STF1097,staff,Retail Concessions,Baggage-Handling-System,sso_password,success,airport-terminal,0
IA003600,2026-06-07T14:11:23,STF1052,staff,Cargo,HR-Self-Service,sso_mfa,success,airport-terminal,0
IA000674,2026-06-07T14:28:04,STF1093,staff,Retail Concessions,Airfield-Ops-Portal,badge+pin,success,airport-terminal,0
IA005027,2026-06-07T14:31:42,STF1100,staff,Engineering & Maintenance,Departure-Control-System,sso_mfa,success,airport-terminal,0
IA001796,2026-06-07T14:32:05,STF1027,staff,Baggage Handling,Airfield-Ops-Portal,vpn_certificate,success,airport-terminal,0
IA002689,2026-06-07T14:34:36,STF1103,staff,Retail Concessions,Departure-Control-System,sso_password,success,airport-terminal,0
IA001721,2026-06-07T14:35:14,VND2018,vendor,Falcon Cargo Handling,Gate-Management-System,badge+pin,success,airport-terminal,0
IA004653,2026-06-07T14:50:09,STF1100,staff,Engineering & Maintenance,Departure-Control-System,vpn_certificate,success,airport-terminal,0
IA001970,2026-06-07T14:50:41,STF1157,staff,Gate Services,Gate-Management-System,badge+pin,success,airport-terminal,0
IA001592,2026-06-07T14:53:48,STF1023,staff,Baggage Handling,Airfield-Ops-Portal,sso_password,success,airport-terminal,0
IA006025,2026-06-07T15:01:06,STF1128,staff,Retail Concessions,Cargo-Manifest-System,vpn_certificate,success,airport-terminal,0
IA004659,2026-06-07T15:13:47,VND2029,vendor,Horizon Cleaning Services,Gate-Management-System,sso_password,success,airport-terminal,0
IA005111,2026-06-07T15:34:27,STF1157,staff,Gate Services,Staff-VPN,badge+pin,success,airport-terminal,0
IA004244,2026-06-07T15:39:05,STF1167,staff,Retail Concessions,Staff-VPN,sso_password,success,airport-terminal,1
IA002318,2026-06-07T15:41:51,VND2014,vendor,AeroFuel Solutions,Departure-Control-System,vpn_certificate,success,vendor-remote-site,0
IA001892,2026-06-07T15:52:29,STF1001,staff,Cargo,Departure-Control-System,sso_mfa,success,airport-terminal,0
IA000136,2026-06-07T16:12:11,STF1170,staff,Baggage Handling,Retail-POS-Backend,sso_mfa,success,airport-terminal,0
IA005311,2026-06-07T16:22:01,STF1177,staff,IT,Baggage-Handling-System,badge+pin,success,airport-terminal,0
IA003869,2026-06-07T16:29:19,STF1069,staff,Baggage Handling,Cargo-Manifest-System,badge+pin,success,airport-terminal,0
IA001046,2026-06-07T16:42:16,VND2026,vendor,Horizon Cleaning Services,Departure-Control-System,sso_password,success,vendor-remote-site,0
IA001251,2026-06-07T16:51:50,STF1042,staff,Retail Concessions,HR-Self-Service,badge+pin,success,airport-terminal,0
IA000935,2026-06-07T16:52:09,VND2029,vendor,Horizon Cleaning Services,Departure-Control-System,sso_mfa,success,airport-terminal,0
IA005098,2026-06-07T16:52:50,STF1063,staff,Retail Concessions,Retail-POS-Backend,badge+pin,success,airport-terminal,0
IA004481,2026-06-07T17:05:47,STF1148,staff,Cargo,HR-Self-Service,sso_mfa,success,airport-terminal,0
IA005345,2026-06-07T17:11:11,VND2034,vendor,SkyLink Ground Services,Departure-Control-System,sso_mfa,success,vendor-remote-site,0
IA005383,2026-06-07T17:16:11,VND2023,vendor,SkyLink Ground Services,HR-Self-Service,sso_mfa,success,vendor-remote-site,0
IA000482,2026-06-07T17:18:18,VND2003,vendor,Falcon Cargo Handling,Maintenance-Ticketing,sso_password,success,airport-terminal,0
IA002574,2026-06-07T17:24:04,STF1163,staff,Retail Concessions,Retail-POS-Backend,badge+pin,success,airport-terminal,0
IA004795,2026-06-07T17:33:50,STF1038,staff,Retail Concessions,Retail-POS-Backend,sso_mfa,success,airport-terminal,0
IA005131,2026-06-07T17:45:44,STF1095,staff,Retail Concessions,Baggage-Handling-System,sso_password,success,airport-terminal,0
IA001939,2026-06-07T17:53:14,STF1093,staff,Retail Concessions,Maintenance-Ticketing,sso_password,success,airport-terminal,0
IA003293,2026-06-07T18:03:45,STF1166,staff,Baggage Handling,Retail-POS-Backend,sso_mfa,success,airport-terminal,0
IA006197,2026-06-07T18:25:04,STF1113,staff,IT,Gate-Management-System,sso_mfa,success,airport-terminal,0
IA004587,2026-06-07T18:36:27,STF1008,staff,Ground Operations,Baggage-Handling-System,badge+pin,success,airport-terminal,0
IA005017,2026-06-07T18:39:07,VND2000,vendor,SkyLink Ground Services,Retail-POS-Backend,sso_password,success,airport-terminal,0
IA002945,2026-06-07T18:39:14,VND2004,vendor,Falcon Cargo Handling,Departure-Control-System,vpn_password,success,vendor-remote-site,0
IA002433,2026-06-07T18:52:32,STF1151,staff,Baggage Handling,Departure-Control-System,vpn_certificate,success,airport-terminal,0
IA003557,2026-06-07T18:59:15,STF1027,staff,Baggage Handling,Staff-VPN,sso_password,success,airport-terminal,0
IA002346,2026-06-07T19:04:06,VND2031,vendor,Meridian Aircraft Maintenance,Gate-Management-System,badge+pin,success,vendor-remote-site,0
IA004059,2026-06-07T19:22:19,STF1020,staff,Ground Operations,Baggage-Handling-System,sso_mfa,success,airport-terminal,0
IA002684,2026-06-07T19:32:13,STF1104,staff,Gate Services,HR-Self-Service,sso_password,success,airport-terminal,0
IA003182,2026-06-07T19:33:14,VND2014,vendor,AeroFuel Solutions,Retail-POS-Backend,vpn_certificate,success,vendor-remote-site,0
IA006002,2026-06-07T19:39:56,STF1166,staff,Baggage Handling,Gate-Management-System,vpn_certificate,success,airport-terminal,0
IA006114,2026-06-07T19:56:41,STF1040,staff,Cargo,Maintenance-Ticketing,vpn_certificate,success,airport-terminal,0
IA003732,2026-06-07T19:59:21,VND2009,vendor,Falcon Cargo Handling,Maintenance-Ticketing,vpn_certificate,fail,airport-terminal,0
IA001041,2026-06-07T20:03:47,STF1168,staff,Gate Services,Staff-VPN,badge+pin,success,airport-terminal,0
IA001018,2026-06-07T20:04:54,STF1157,staff,Gate Services,Retail-POS-Backend,badge+pin,success,airport-terminal,0
IA004169,2026-06-07T20:08:54,STF1084,staff,IT,Baggage-Handling-System,sso_password,success,airport-terminal,0
IA004791,2026-06-07T20:11:49,STF1127,staff,Baggage Handling,Cargo-Manifest-System,badge+pin,success,airport-terminal,0
IA000252,2026-06-07T20:15:54,STF1046,staff,Cargo,Maintenance-Ticketing,badge+pin,success,airport-terminal,0
IA005982,2026-06-07T20:34:20,STF1066,staff,Retail Concessions,Maintenance-Ticketing,vpn_certificate,success,airport-terminal,0
IA001667,2026-06-07T20:35:12,STF1023,staff,Baggage Handling,HR-Self-Service,badge+pin,success,airport-terminal,0
IA002450,2026-06-07T20:35:26,STF1097,staff,Retail Concessions,Retail-POS-Backend,sso_password,success,airport-terminal,0
IA004269,2026-06-07T20:38:19,STF1009,staff,Retail Concessions,HR-Self-Service,sso_password,success,airport-terminal,0
IA002388,2026-06-07T20:47:13,VND2003,vendor,Falcon Cargo Handling,Airfield-Ops-Portal,vpn_certificate,success,vendor-remote-site,0
IA000376,2026-06-07T20:48:10,STF1057,staff,Cargo,Airfield-Ops-Portal,vpn_password,success,airport-terminal,0
IA003998,2026-06-07T20:49:48,STF1082,staff,Retail Concessions,Gate-Management-System,sso_password,success,airport-terminal,0
IA006028,2026-06-07T20:50:06,VND2007,vendor,SkyLink Ground Services,Cargo-Manifest-System,badge+pin,success,airport-terminal,0
IA005692,2026-06-07T21:06:30,STF1120,staff,Engineering & Maintenance,Gate-Management-System,sso_mfa,success,airport-terminal,0
IA006080,2026-06-07T21:11:35,STF1134,staff,Gate Services,Departure-Control-System,badge+pin,success,airport-terminal,0
IA004754,2026-06-07T21:37:22,STF1044,staff,Ground Operations,Gate-Management-System,sso_mfa,success,airport-terminal,0
IA000660,2026-06-08T00:00:14,STF1166,staff,Baggage Handling,Retail-POS-Backend,vpn_certificate,success,airport-terminal,0
IA001106,2026-06-08T01:24:04,STF1062,staff,Gate Services,Staff-VPN,sso_mfa,success,airport-terminal,0
IA003858,2026-06-08T01:32:30,STF1079,staff,Security,HR-Self-Service,sso_password,success,airport-terminal,0
IA000708,2026-06-08T02:25:04,VND2023,vendor,SkyLink Ground Services,Departure-Control-System,sso_password,fail,airport-terminal,1
IA004164,2026-06-08T02:41:59,VND2016,vendor,AeroFuel Solutions,Baggage-Handling-System,badge+pin,success,airport-terminal,0
IA005996,2026-06-08T03:57:08,STF1113,staff,IT,Gate-Management-System,badge+pin,success,airport-terminal,0
IA000512,2026-06-08T04:42:12,VND2023,vendor,SkyLink Ground Services,Staff-VPN,vpn_password,success,airport-terminal,1
IA004802,2026-06-08T06:09:53,STF1022,staff,Ground Operations,Staff-VPN,vpn_certificate,success,airport-terminal,0
IA002627,2026-06-08T06:16:22,STF1039,staff,Engineering & Maintenance,Cargo-Manifest-System,sso_mfa,success,airport-terminal,0
IA000761,2026-06-08T06:23:40,STF1017,staff,Gate Services,HR-Self-Service,badge+pin,success,airport-terminal,0
IA002981,2026-06-08T06:24:16,STF1111,staff,Ground Operations,HR-Self-Service,badge+pin,success,airport-terminal,0
IA004778,2026-06-08T06:45:09,STF1005,staff,Retail Concessions,Departure-Control-System,badge+pin,success,airport-terminal,0
IA001294,2026-06-08T06:48:32,STF1097,staff,Retail Concessions,Airfield-Ops-Portal,sso_password,success,airport-terminal,0
IA005714,2026-06-08T06:59:09,STF1074,staff,Baggage Handling,Maintenance-Ticketing,sso_mfa,success,airport-terminal,0
IA001047,2026-06-08T07:00:27,STF1119,staff,Baggage Handling,Gate-Management-System,sso_password,success,airport-terminal,0
IA005773,2026-06-08T07:00:42,VND2014,vendor,AeroFuel Solutions,HR-Self-Service,vpn_password,success,airport-terminal,0
IA002723,2026-06-08T07:11:02,STF1179,staff,Baggage Handling,HR-Self-Service,vpn_password,success,airport-terminal,0
IA005583,2026-06-08T07:25:25,VND2003,vendor,Falcon Cargo Handling,Airfield-Ops-Portal,sso_mfa,success,airport-terminal,0
IA001641,2026-06-08T07:34:34,STF1099,staff,Baggage Handling,Departure-Control-System,sso_mfa,success,airport-terminal,0
IA003609,2026-06-08T07:49:48,STF1041,staff,Security,Maintenance-Ticketing,sso_mfa,success,airport-terminal,0
IA000034,2026-06-08T07:50:14,STF1062,staff,Gate Services,Retail-POS-Backend,vpn_certificate,success,airport-terminal,0
IA005983,2026-06-08T07:51:18,STF1172,staff,Ground Operations,Gate-Management-System,vpn_certificate,success,airport-terminal,0
IA005197,2026-06-08T08:00:44,STF1173,staff,Baggage Handling,Airfield-Ops-Portal,vpn_certificate,success,airport-terminal,0
IA002077,2026-06-08T08:18:51,STF1146,staff,Ground Operations,Cargo-Manifest-System,sso_password,success,airport-terminal,0
IA000048,2026-06-08T08:21:54,VND2002,vendor,Horizon Cleaning Services,Cargo-Manifest-System,sso_password,success,vendor-remote-site,0
IA000018,2026-06-08T08:23:52,STF1115,staff,Engineering & Maintenance,Cargo-Manifest-System,badge+pin,success,airport-terminal,0
IA001868,2026-06-08T08:29:43,STF1175,staff,Ground Operations,Airfield-Ops-Portal,vpn_password,success,airport-terminal,0
IA004682,2026-06-08T08:30:26,STF1081,staff,Cargo,Staff-VPN,badge+pin,success,airport-terminal,0
IA005827,2026-06-08T09:03:11,VND2028,vendor,Horizon Cleaning Services,Maintenance-Ticketing,badge+pin,success,airport-terminal,0
IA004700,2026-06-08T09:08:16,STF1069,staff,Baggage Handling,Maintenance-Ticketing,sso_password,fail,airport-terminal,0
IA003607,2026-06-08T09:11:38,STF1101,staff,Retail Concessions,Departure-Control-System,sso_mfa,success,airport-terminal,0
IA003361,2026-06-08T09:24:38,STF1168,staff,Gate Services,Retail-POS-Backend,vpn_password,success,airport-terminal,0
IA000278,2026-06-08T09:27:06,STF1132,staff,Cargo,Staff-VPN,sso_mfa,success,airport-terminal,0
IA003380,2026-06-08T09:38:14,STF1077,staff,Gate Services,Baggage-Handling-System,sso_mfa,success,airport-terminal,0
IA001242,2026-06-08T09:41:27,STF1166,staff,Baggage Handling,Baggage-Handling-System,vpn_password,fail,airport-terminal,0
IA001813,2026-06-08T09:41:54,VND2008,vendor,SkyLink Ground Services,Retail-POS-Backend,badge+pin,success,airport-terminal,0
IA004982,2026-06-08T09:42:38,VND2026,vendor,Horizon Cleaning Services,Maintenance-Ticketing,badge+pin,success,vendor-remote-site,0
IA000247,2026-06-08T09:49:16,VND2033,vendor,Meridian Aircraft Maintenance,Retail-POS-Backend,badge+pin,success,airport-terminal,0
IA000164,2026-06-08T10:07:28,STF1072,staff,Retail Concessions,Staff-VPN,badge+pin,success,airport-terminal,0
IA004617,2026-06-08T10:27:58,STF1107,staff,Baggage Handling,Cargo-Manifest-System,sso_mfa,success,airport-terminal,0
IA001083,2026-06-08T10:34:39,STF1010,staff,Gate Services,HR-Self-Service,vpn_certificate,success,airport-terminal,0
IA000248,2026-06-08T10:43:33,STF1064,staff,Cargo,Baggage-Handling-System,vpn_certificate,success,airport-terminal,0
IA005578,2026-06-08T10:45:52,VND2023,vendor,SkyLink Ground Services,Staff-VPN,vpn_password,success,airport-terminal,1
IA000866,2026-06-08T11:31:50,STF1159,staff,Engineering & Maintenance,Airfield-Ops-Portal,vpn_certificate,success,airport-terminal,0
IA006099,2026-06-08T11:41:52,STF1129,staff,Security,Maintenance-Ticketing,badge+pin,success,airport-terminal,0
IA005615,2026-06-08T11:54:58,STF1021,staff,Ground Operations,Maintenance-Ticketing,vpn_certificate,success,airport-terminal,0
IA003067,2026-06-08T11:55:03,STF1103,staff,Retail Concessions,Maintenance-Ticketing,vpn_password,success,airport-terminal,0
IA005746,2026-06-08T12:01:15,VND2008,vendor,SkyLink Ground Services,HR-Self-Service,sso_mfa,success,vendor-remote-site,0
IA002078,2026-06-08T12:04:18,STF1037,staff,Engineering & Maintenance,Staff-VPN,sso_mfa,success,airport-terminal,0
IA000560,2026-06-08T12:14:17,STF1128,staff,Retail Concessions,Maintenance-Ticketing,sso_mfa,success,airport-terminal,0
IA003416,2026-06-08T12:19:45,STF1086,staff,Baggage Handling,Retail-POS-Backend,sso_password,success,airport-terminal,0
IA002710,2026-06-08T12:23:58,STF1004,staff,IT,Airfield-Ops-Portal,badge+pin,success,airport-terminal,0
IA005506,2026-06-08T12:24:36,STF1171,staff,Retail Concessions,Gate-Management-System,sso_password,success,airport-terminal,0
IA005691,2026-06-08T12:32:45,VND2010,vendor,SkyLink Ground Services,Cargo-Manifest-System,vpn_certificate,fail,airport-terminal,0
IA003490,2026-06-08T12:37:18,STF1007,staff,Baggage Handling,Airfield-Ops-Portal,sso_mfa,success,airport-terminal,0
IA001521,2026-06-08T12:37:41,STF1164,staff,Ground Operations,Departure-Control-System,vpn_password,success,airport-terminal,1
IA002306,2026-06-08T12:40:40,STF1013,staff,Cargo,Maintenance-Ticketing,badge+pin,success,airport-terminal,0
IA004993,2026-06-08T12:46:23,VND2005,vendor,AeroFuel Solutions,Cargo-Manifest-System,badge+pin,success,airport-terminal,0
IA001280,2026-06-08T12:51:31,STF1095,staff,Retail Concessions,Airfield-Ops-Portal,badge+pin,success,airport-terminal,0
IA003116,2026-06-08T12:57:04,STF1100,staff,Engineering & Maintenance,Baggage-Handling-System,sso_password,success,airport-terminal,0
IA003320,2026-06-08T13:05:43,VND2010,vendor,SkyLink Ground Services,Departure-Control-System,vpn_password,success,vendor-remote-site,0
IA005727,2026-06-08T13:10:50,VND2013,vendor,Falcon Cargo Handling,HR-Self-Service,vpn_certificate,success,vendor-remote-site,0
IA000274,2026-06-08T13:27:11,STF1021,staff,Ground Operations,Retail-POS-Backend,badge+pin,success,airport-terminal,0
IA005419,2026-06-08T13:46:52,STF1062,staff,Gate Services,Airfield-Ops-Portal,sso_password,success,airport-terminal,0
IA005778,2026-06-08T13:59:52,STF1108,staff,Security,HR-Self-Service,badge+pin,success,airport-terminal,0
IA003100,2026-06-08T14:04:07,VND2016,vendor,AeroFuel Solutions,Maintenance-Ticketing,badge+pin,success,vendor-remote-site,0
IA003064,2026-06-08T14:22:44,VND2021,vendor,Falcon Cargo Handling,Retail-POS-Backend,vpn_certificate,success,vendor-remote-site,0
IA005964,2026-06-08T14:33:41,VND2025,vendor,SkyLink Ground Services,Baggage-Handling-System,sso_mfa,success,airport-terminal,0
IA002014,2026-06-08T14:36:36,STF1167,staff,Retail Concessions,Baggage-Handling-System,sso_password,success,airport-terminal,1
IA004575,2026-06-08T14:40:40,STF1008,staff,Ground Operations,Airfield-Ops-Portal,sso_password,success,airport-terminal,0
IA004143,2026-06-08T14:52:33,STF1022,staff,Ground Operations,Maintenance-Ticketing,sso_password,success,airport-terminal,0
IA001446,2026-06-08T15:10:23,VND2030,vendor,Meridian Aircraft Maintenance,Gate-Management-System,badge+pin,success,vendor-remote-site,0
IA002230,2026-06-08T15:16:39,STF1057,staff,Cargo,Cargo-Manifest-System,sso_password,success,airport-terminal,0
IA001306,2026-06-08T15:23:05,VND2011,vendor,Falcon Cargo Handling,Airfield-Ops-Portal,sso_password,success,vendor-remote-site,0
IA005137,2026-06-08T15:26:45,STF1107,staff,Baggage Handling,Retail-POS-Backend,badge+pin,success,airport-terminal,0
IA005354,2026-06-08T15:29:48,STF1028,staff,IT,Maintenance-Ticketing,sso_mfa,success,airport-terminal,0
IA003876,2026-06-08T15:39:25,VND2003,vendor,Falcon Cargo Handling,Staff-VPN,badge+pin,success,vendor-remote-site,0
IA002146,2026-06-08T15:43:34,STF1002,staff,Ground Operations,HR-Self-Service,vpn_certificate,success,airport-terminal,0
IA004720,2026-06-08T15:52:03,VND2001,vendor,Meridian Aircraft Maintenance,Cargo-Manifest-System,badge+pin,success,vendor-remote-site,0
IA001115,2026-06-08T15:57:31,STF1139,staff,Gate Services,Baggage-Handling-System,sso_password,success,airport-terminal,0
IA006060,2026-06-08T16:00:37,VND2024,vendor,AeroFuel Solutions,HR-Self-Service,sso_mfa,success,vendor-remote-site,0
IA001784,2026-06-08T16:28:32,VND2027,vendor,Meridian Aircraft Maintenance,HR-Self-Service,badge+pin,success,vendor-remote-site,0
IA002087,2026-06-08T16:29:27,VND2021,vendor,Falcon Cargo Handling,HR-Self-Service,sso_password,success,airport-terminal,0
IA001228,2026-06-08T16:29:39,STF1166,staff,Baggage Handling,Retail-POS-Backend,badge+pin,success,airport-terminal,0
IA005226,2026-06-08T16:35:56,STF1015,staff,Gate Services,Retail-POS-Backend,sso_mfa,success,airport-terminal,0
IA005251,2026-06-08T16:43:38,STF1166,staff,Baggage Handling,HR-Self-Service,badge+pin,fail,airport-terminal,0
IA004264,2026-06-08T16:46:51,STF1086,staff,Baggage Handling,Departure-Control-System,badge+pin,success,airport-terminal,0
IA005224,2026-06-08T16:48:08,VND2022,vendor,Falcon Cargo Handling,Staff-VPN,badge+pin,success,vendor-remote-site,0
IA003777,2026-06-08T16:51:41,STF1109,staff,IT,Cargo-Manifest-System,sso_password,success,airport-terminal,0
IA004406,2026-06-08T16:54:41,STF1003,staff,IT,Retail-POS-Backend,sso_password,success,airport-terminal,0
IA000538,2026-06-08T17:07:50,STF1038,staff,Retail Concessions,Cargo-Manifest-System,sso_mfa,success,airport-terminal,0
IA002621,2026-06-08T17:10:20,STF1107,staff,Baggage Handling,HR-Self-Service,vpn_password,fail,airport-terminal,0
IA001364,2026-06-08T17:17:29,STF1075,staff,Gate Services,Gate-Management-System,sso_password,success,airport-terminal,0
IA000608,2026-06-08T17:20:43,STF1127,staff,Baggage Handling,HR-Self-Service,badge+pin,success,airport-terminal,0
IA000823,2026-06-08T17:29:31,STF1099,staff,Baggage Handling,Airfield-Ops-Portal,sso_password,success,airport-terminal,0
IA005741,2026-06-08T17:31:51,STF1126,staff,IT,Staff-VPN,badge+pin,success,airport-terminal,0
IA001382,2026-06-08T17:38:33,STF1114,staff,Gate Services,Gate-Management-System,vpn_password,success,airport-terminal,0
IA006070,2026-06-08T17:52:04,STF1038,staff,Retail Concessions,HR-Self-Service,badge+pin,success,airport-terminal,0
IA002650,2026-06-08T17:58:38,VND2020,vendor,Coastal Catering Co,Gate-Management-System,badge+pin,success,vendor-remote-site,0
IA000390,2026-06-08T18:00:06,VND2026,vendor,Horizon Cleaning Services,Retail-POS-Backend,vpn_password,success,vendor-remote-site,0
IA004637,2026-06-08T18:17:07,STF1077,staff,Gate Services,Departure-Control-System,sso_password,success,airport-terminal,0
IA003478,2026-06-08T18:30:23,STF1096,staff,Security,Airfield-Ops-Portal,badge+pin,success,airport-terminal,0
IA004903,2026-06-08T18:43:54,VND2013,vendor,Falcon Cargo Handling,Retail-POS-Backend,badge+pin,success,vendor-remote-site,0
IA003694,2026-06-08T19:05:49,VND2013,vendor,Falcon Cargo Handling,Gate-Management-System,sso_password,success,airport-terminal,0
IA006157,2026-06-08T19:07:18,STF1107,staff,Baggage Handling,Staff-VPN,sso_mfa,success,airport-terminal,0
IA002916,2026-06-08T19:17:46,STF1072,staff,Retail Concessions,HR-Self-Service,vpn_certificate,success,airport-terminal,0
IA003803,2026-06-08T19:21:03,STF1022,staff,Ground Operations,Departure-Control-System,badge+pin,success,airport-terminal,0
IA000577,2026-06-08T19:26:30,STF1011,staff,Retail Concessions,Cargo-Manifest-System,sso_mfa,success,airport-terminal,0
IA005445,2026-06-08T19:29:37,VND2012,vendor,AeroFuel Solutions,Gate-Management-System,sso_password,success,airport-terminal,0
IA001352,2026-06-08T19:47:08,STF1145,staff,Ground Operations,Departure-Control-System,vpn_password,success,airport-terminal,0
IA000272,2026-06-08T19:54:41,STF1070,staff,Ground Operations,HR-Self-Service,sso_password,success,airport-terminal,0
IA001687,2026-06-08T20:16:28,VND2006,vendor,Coastal Catering Co,Departure-Control-System,vpn_password,success,vendor-remote-site,0
IA002069,2026-06-08T20:16:36,STF1126,staff,IT,Departure-Control-System,badge+pin,success,airport-terminal,0
IA005092,2026-06-08T20:36:05,STF1153,staff,Ground Operations,Gate-Management-System,sso_password,success,airport-terminal,0
IA000808,2026-06-08T20:37:10,VND2015,vendor,AeroFuel Solutions,Airfield-Ops-Portal,sso_mfa,success,airport-terminal,0
IA005957,2026-06-08T20:39:48,VND2015,vendor,AeroFuel Solutions,Baggage-Handling-System,vpn_certificate,success,vendor-remote-site,0
IA002887,2026-06-08T20:48:54,STF1101,staff,Retail Concessions,Staff-VPN,sso_mfa,success,airport-terminal,0
IA001290,2026-06-08T20:48:58,STF1084,staff,IT,Maintenance-Ticketing,badge+pin,success,airport-terminal,0
IA000209,2026-06-08T20:51:37,STF1165,staff,Cargo,Gate-Management-System,sso_mfa,success,airport-terminal,0
IA003938,2026-06-08T20:52:44,STF1097,staff,Retail Concessions,Cargo-Manifest-System,vpn_password,success,airport-terminal,0
IA004847,2026-06-08T21:00:40,STF1007,staff,Baggage Handling,Gate-Management-System,sso_password,success,airport-terminal,0
IA000065,2026-06-08T21:04:36,STF1076,staff,Baggage Handling,Gate-Management-System,vpn_certificate,success,airport-terminal,0
IA002793,2026-06-08T21:13:32,STF1047,staff,Gate Services,Departure-Control-System,badge+pin,success,airport-terminal,0
IA006038,2026-06-08T21:14:21,STF1002,staff,Ground Operations,Cargo-Manifest-System,sso_mfa,success,airport-terminal,0
IA002141,2026-06-08T21:22:36,VND2029,vendor,Horizon Cleaning Services,Departure-Control-System,sso_password,success,airport-terminal,0
IA004426,2026-06-08T21:53:19,STF1127,staff,Baggage Handling,Gate-Management-System,badge+pin,success,airport-terminal,0
IA002279,2026-06-08T21:54:29,STF1048,staff,Retail Concessions,Retail-POS-Backend,badge+pin,success,airport-terminal,0
IA000474,2026-06-09T00:23:36,VND2028,vendor,Horizon Cleaning Services,Cargo-Manifest-System,vpn_certificate,success,airport-terminal,0
IA005797,2026-06-09T02:02:46,STF1149,staff,Cargo,Departure-Control-System,sso_password,success,airport-terminal,1
IA002420,2026-06-09T03:41:40,STF1012,staff,IT,Gate-Management-System,badge+pin,success,airport-terminal,0
IA000822,2026-06-09T03:57:49,STF1063,staff,Retail Concessions,HR-Self-Service,sso_password,success,airport-terminal,0
IA005715,2026-06-09T04:03:14,VND2014,vendor,AeroFuel Solutions,Maintenance-Ticketing,badge+pin,success,airport-terminal,0
IA001447,2026-06-09T04:06:57,VND2033,vendor,Meridian Aircraft Maintenance,Airfield-Ops-Portal,vpn_password,success,airport-terminal,0
IA000469,2026-06-09T06:13:53,STF1126,staff,IT,Departure-Control-System,vpn_certificate,success,airport-terminal,0
IA000169,2026-06-09T06:14:23,STF1042,staff,Retail Concessions,Gate-Management-System,badge+pin,success,airport-terminal,0
IA003085,2026-06-09T06:25:00,STF1104,staff,Gate Services,Baggage-Handling-System,sso_password,success,airport-terminal,0
IA002393,2026-06-09T06:40:19,VND2016,vendor,AeroFuel Solutions,Retail-POS-Backend,sso_mfa,success,airport-terminal,0
IA004476,2026-06-09T06:49:41,STF1017,staff,Gate Services,Retail-POS-Backend,vpn_certificate,success,airport-terminal,0
IA002511,2026-06-09T06:50:39,STF1109,staff,IT,Cargo-Manifest-System,sso_mfa,success,airport-terminal,0
IA001700,2026-06-09T06:59:01,VND2029,vendor,Horizon Cleaning Services,Gate-Management-System,sso_mfa,success,airport-terminal,0
IA004905,2026-06-09T07:09:58,STF1152,staff,Ground Operations,Retail-POS-Backend,sso_mfa,success,airport-terminal,0
IA004733,2026-06-09T07:21:28,STF1124,staff,Gate Services,Maintenance-Ticketing,sso_password,success,airport-terminal,0
IA000920,2026-06-09T07:22:39,STF1024,staff,Retail Concessions,Staff-VPN,sso_password,success,airport-terminal,0
IA001499,2026-06-09T07:25:06,STF1023,staff,Baggage Handling,Staff-VPN,vpn_certificate,success,airport-terminal,0
IA000189,2026-06-09T07:31:47,STF1161,staff,Ground Operations,Airfield-Ops-Portal,sso_mfa,success,airport-terminal,0
IA004894,2026-06-09T07:34:20,STF1152,staff,Ground Operations,HR-Self-Service,vpn_password,success,airport-terminal,0
IA005831,2026-06-09T07:34:23,VND2004,vendor,Falcon Cargo Handling,HR-Self-Service,vpn_certificate,success,vendor-remote-site,0
IA005712,2026-06-09T07:35:55,STF1061,staff,Ground Operations,Gate-Management-System,sso_password,success,airport-terminal,0
IA004849,2026-06-09T07:39:25,VND2025,vendor,SkyLink Ground Services,Maintenance-Ticketing,badge+pin,success,vendor-remote-site,0
IA005215,2026-06-09T07:45:39,STF1132,staff,Cargo,Airfield-Ops-Portal,vpn_password,success,airport-terminal,0
IA001940,2026-06-09T07:50:12,STF1042,staff,Retail Concessions,Airfield-Ops-Portal,badge+pin,success,airport-terminal,0
IA005966,2026-06-09T07:57:06,STF1150,staff,IT,Cargo-Manifest-System,sso_password,success,airport-terminal,0
IA004867,2026-06-09T08:00:47,STF1118,staff,Engineering & Maintenance,Maintenance-Ticketing,badge+pin,success,airport-terminal,0
IA005213,2026-06-09T08:02:57,STF1159,staff,Engineering & Maintenance,Airfield-Ops-Portal,vpn_certificate,success,airport-terminal,0
IA002191,2026-06-09T08:19:09,STF1074,staff,Baggage Handling,Retail-POS-Backend,sso_mfa,success,airport-terminal,0
IA005888,2026-06-09T08:24:49,STF1159,staff,Engineering & Maintenance,Retail-POS-Backend,sso_password,success,airport-terminal,0
IA003937,2026-06-09T08:45:29,STF1102,staff,IT,Gate-Management-System,sso_mfa,success,airport-terminal,0
IA003577,2026-06-09T08:46:24,STF1118,staff,Engineering & Maintenance,HR-Self-Service,sso_mfa,success,airport-terminal,0
IA001691,2026-06-09T08:49:16,STF1125,staff,Retail Concessions,Staff-VPN,badge+pin,success,airport-terminal,0
IA002020,2026-06-09T08:57:20,VND2000,vendor,SkyLink Ground Services,Departure-Control-System,sso_password,success,vendor-remote-site,0
IA004250,2026-06-09T09:21:53,STF1063,staff,Retail Concessions,Retail-POS-Backend,sso_mfa,success,airport-terminal,0
IA005878,2026-06-09T09:25:01,STF1167,staff,Retail Concessions,Departure-Control-System,vpn_password,success,airport-terminal,0
IA005575,2026-06-09T09:25:31,STF1016,staff,Gate Services,Departure-Control-System,sso_password,success,airport-terminal,0
IA003755,2026-06-09T09:36:26,VND2014,vendor,AeroFuel Solutions,HR-Self-Service,sso_password,success,vendor-remote-site,0
IA000089,2026-06-09T09:55:43,STF1056,staff,IT,Maintenance-Ticketing,badge+pin,success,airport-terminal,0
IA002943,2026-06-09T10:04:08,STF1119,staff,Baggage Handling,HR-Self-Service,vpn_certificate,fail,airport-terminal,0
IA003523,2026-06-09T10:09:27,VND2032,vendor,AeroFuel Solutions,HR-Self-Service,sso_password,success,vendor-remote-site,0
IA004683,2026-06-09T10:10:52,VND2009,vendor,Falcon Cargo Handling,Gate-Management-System,badge+pin,fail,vendor-remote-site,0
IA000785,2026-06-09T10:17:14,VND2015,vendor,AeroFuel Solutions,Cargo-Manifest-System,badge+pin,success,airport-terminal,0
IA000128,2026-06-09T10:36:01,STF1004,staff,IT,Baggage-Handling-System,sso_password,success,airport-terminal,0
IA001035,2026-06-09T10:41:04,STF1129,staff,Security,HR-Self-Service,badge+pin,success,airport-terminal,0
IA003062,2026-06-09T10:45:09,STF1049,staff,Retail Concessions,Retail-POS-Backend,sso_password,success,airport-terminal,0
IA003359,2026-06-09T10:46:11,STF1050,staff,Ground Operations,Cargo-Manifest-System,sso_password,success,airport-terminal,0
IA000826,2026-06-09T10:55:57,VND2019,vendor,Falcon Cargo Handling,Airfield-Ops-Portal,sso_password,success,airport-terminal,0
IA006045,2026-06-09T10:57:33,STF1080,staff,Cargo,Departure-Control-System,vpn_certificate,success,airport-terminal,0
IA004270,2026-06-09T11:02:20,STF1100,staff,Engineering & Maintenance,Departure-Control-System,sso_password,success,airport-terminal,0
IA000409,2026-06-09T11:02:49,STF1080,staff,Cargo,HR-Self-Service,vpn_certificate,success,airport-terminal,0
IA004592,2026-06-09T11:15:09,STF1100,staff,Engineering & Maintenance,Maintenance-Ticketing,vpn_certificate,success,airport-terminal,0
IA005793,2026-06-09T11:18:19,STF1085,staff,Gate Services,Cargo-Manifest-System,sso_password,success,airport-terminal,0
IA003585,2026-06-09T11:20:07,VND2004,vendor,Falcon Cargo Handling,Maintenance-Ticketing,badge+pin,success,airport-terminal,0
IA003448,2026-06-09T11:21:15,STF1130,staff,Engineering & Maintenance,Maintenance-Ticketing,vpn_certificate,success,airport-terminal,0
IA001657,2026-06-09T11:25:02,VND2008,vendor,SkyLink Ground Services,Departure-Control-System,badge+pin,success,vendor-remote-site,0
IA002722,2026-06-09T11:25:10,STF1074,staff,Baggage Handling,Maintenance-Ticketing,sso_password,success,airport-terminal,0
IA003357,2026-06-09T11:41:01,VND2004,vendor,Falcon Cargo Handling,Staff-VPN,vpn_certificate,success,airport-terminal,0
IA004288,2026-06-09T11:43:36,VND2012,vendor,AeroFuel Solutions,Cargo-Manifest-System,badge+pin,success,vendor-remote-site,0
IA000131,2026-06-09T11:48:51,STF1068,staff,Ground Operations,Retail-POS-Backend,badge+pin,fail,airport-terminal,0
IA005678,2026-06-09T11:48:51,STF1112,staff,Cargo,Retail-POS-Backend,badge+pin,success,airport-terminal,0
IA004487,2026-06-09T11:57:35,STF1040,staff,Cargo,Departure-Control-System,sso_mfa,success,airport-terminal,0
IA001091,2026-06-09T11:58:54,STF1003,staff,IT,Departure-Control-System,badge+pin,success,airport-terminal,0
IA005307,2026-06-09T12:12:50,STF1033,staff,Retail Concessions,Gate-Management-System,sso_mfa,success,airport-terminal,0
IA001800,2026-06-09T12:23:39,STF1100,staff,Engineering & Maintenance,Gate-Management-System,sso_mfa,success,airport-terminal,0
IA002625,2026-06-09T12:36:07,VND2015,vendor,AeroFuel Solutions,Staff-VPN,sso_password,success,vendor-remote-site,0
IA005283,2026-06-09T12:47:29,STF1173,staff,Baggage Handling,Cargo-Manifest-System,vpn_password,success,airport-terminal,0
IA000710,2026-06-09T12:48:43,STF1151,staff,Baggage Handling,HR-Self-Service,badge+pin,success,airport-terminal,0
IA003837,2026-06-09T12:59:25,STF1161,staff,Ground Operations,Maintenance-Ticketing,badge+pin,success,airport-terminal,0
IA003854,2026-06-09T13:07:01,VND2012,vendor,AeroFuel Solutions,Departure-Control-System,sso_mfa,success,airport-terminal,0
IA001931,2026-06-09T13:15:28,STF1132,staff,Cargo,HR-Self-Service,sso_mfa,success,airport-terminal,0
IA003552,2026-06-09T13:30:48,STF1133,staff,Baggage Handling,Staff-VPN,sso_mfa,success,airport-terminal,0
IA002915,2026-06-09T13:39:10,STF1030,staff,Baggage Handling,Airfield-Ops-Portal,vpn_certificate,success,airport-terminal,0
IA002806,2026-06-09T13:40:28,STF1147,staff,Ground Operations,Retail-POS-Backend,badge+pin,success,airport-terminal,0
IA002564,2026-06-09T13:55:25,VND2033,vendor,Meridian Aircraft Maintenance,Cargo-Manifest-System,vpn_certificate,success,vendor-remote-site,0
IA005772,2026-06-09T14:15:53,STF1080,staff,Cargo,Gate-Management-System,vpn_certificate,success,airport-terminal,0
IA000780,2026-06-09T14:20:00,STF1094,staff,IT,Gate-Management-System,sso_mfa,success,airport-terminal,0
IA000112,2026-06-09T14:22:35,STF1162,staff,Ground Operations,HR-Self-Service,badge+pin,success,airport-terminal,0
IA000009,2026-06-09T14:28:26,STF1159,staff,Engineering & Maintenance,Airfield-Ops-Portal,badge+pin,success,airport-terminal,0
IA005004,2026-06-09T14:30:13,VND2023,vendor,SkyLink Ground Services,Baggage-Handling-System,vpn_certificate,success,airport-terminal,0
IA003731,2026-06-09T14:37:57,VND2028,vendor,Horizon Cleaning Services,Retail-POS-Backend,badge+pin,success,vendor-remote-site,0
IA002075,2026-06-09T14:51:41,STF1149,staff,Cargo,Cargo-Manifest-System,badge+pin,success,airport-terminal,0
IA002325,2026-06-09T14:54:58,VND2012,vendor,AeroFuel Solutions,Retail-POS-Backend,sso_password,success,airport-terminal,0
IA001490,2026-06-09T14:55:41,VND2020,vendor,Coastal Catering Co,Baggage-Handling-System,vpn_certificate,success,vendor-remote-site,0
IA002496,2026-06-09T15:03:10,STF1177,staff,IT,Departure-Control-System,sso_mfa,success,airport-terminal,0
IA000944,2026-06-09T15:36:59,STF1012,staff,IT,Maintenance-Ticketing,vpn_certificate,success,airport-terminal,0
IA006118,2026-06-09T15:48:59,STF1136,staff,Baggage Handling,Airfield-Ops-Portal,badge+pin,success,airport-terminal,0
IA002140,2026-06-09T15:49:54,STF1117,staff,IT,Staff-VPN,sso_mfa,success,airport-terminal,0
IA005459,2026-06-09T15:54:18,STF1125,staff,Retail Concessions,Departure-Control-System,sso_password,success,airport-terminal,0
IA003624,2026-06-09T15:56:34,VND2024,vendor,AeroFuel Solutions,Departure-Control-System,badge+pin,success,vendor-remote-site,0
IA001340,2026-06-09T16:06:35,STF1102,staff,IT,Staff-VPN,sso_mfa,success,airport-terminal,0
IA003148,2026-06-09T16:15:23,STF1055,staff,Cargo,Retail-POS-Backend,sso_mfa,success,airport-terminal,0
IA002011,2026-06-09T16:22:09,VND2017,vendor,Horizon Cleaning Services,Airfield-Ops-Portal,badge+pin,success,airport-terminal,0
IA001646,2026-06-09T16:36:18,STF1052,staff,Cargo,Staff-VPN,sso_password,success,airport-terminal,0
IA003402,2026-06-09T16:39:56,STF1042,staff,Retail Concessions,Baggage-Handling-System,badge+pin,success,airport-terminal,0
IA003473,2026-06-09T16:41:13,STF1057,staff,Cargo,HR-Self-Service,vpn_certificate,success,airport-terminal,0
IA003336,2026-06-09T16:48:23,STF1090,staff,Engineering & Maintenance,Cargo-Manifest-System,sso_password,success,airport-terminal,0
IA005974,2026-06-09T16:49:43,VND2007,vendor,SkyLink Ground Services,Baggage-Handling-System,sso_mfa,success,airport-terminal,0
IA004122,2026-06-09T16:57:35,STF1091,staff,IT,HR-Self-Service,sso_mfa,success,airport-terminal,0
IA005275,2026-06-09T16:58:26,STF1171,staff,Retail Concessions,Departure-Control-System,vpn_certificate,success,airport-terminal,0
IA001767,2026-06-09T17:06:42,VND2010,vendor,SkyLink Ground Services,Baggage-Handling-System,sso_mfa,fail,vendor-remote-site,0
IA001282,2026-06-09T17:13:40,STF1028,staff,IT,Maintenance-Ticketing,badge+pin,success,airport-terminal,0
IA000357,2026-06-09T17:14:09,STF1085,staff,Gate Services,Airfield-Ops-Portal,badge+pin,success,airport-terminal,0
IA005038,2026-06-09T17:24:58,STF1089,staff,Retail Concessions,Departure-Control-System,sso_mfa,success,airport-terminal,0
IA002314,2026-06-09T17:34:34,VND2014,vendor,AeroFuel Solutions,HR-Self-Service,vpn_certificate,success,vendor-remote-site,0
IA003355,2026-06-09T17:40:55,STF1048,staff,Retail Concessions,Cargo-Manifest-System,badge+pin,success,airport-terminal,0
IA001430,2026-06-09T17:46:28,STF1164,staff,Ground Operations,Maintenance-Ticketing,badge+pin,success,airport-terminal,0
IA005063,2026-06-09T17:49:11,STF1124,staff,Gate Services,Staff-VPN,sso_password,success,airport-terminal,0
IA000251,2026-06-09T17:50:41,VND2017,vendor,Horizon Cleaning Services,HR-Self-Service,badge+pin,success,vendor-remote-site,0
IA001710,2026-06-09T17:53:27,VND2020,vendor,Coastal Catering Co,HR-Self-Service,vpn_password,success,airport-terminal,0
IA003142,2026-06-09T18:00:33,STF1078,staff,Baggage Handling,Staff-VPN,vpn_certificate,success,airport-terminal,0
IA006024,2026-06-09T18:04:48,STF1046,staff,Cargo,HR-Self-Service,vpn_certificate,success,airport-terminal,0
IA005898,2026-06-09T18:05:40,STF1039,staff,Engineering & Maintenance,Maintenance-Ticketing,badge+pin,success,airport-terminal,0
IA000506,2026-06-09T18:22:14,VND2016,vendor,AeroFuel Solutions,Cargo-Manifest-System,sso_password,success,vendor-remote-site,0
IA003305,2026-06-09T18:32:27,STF1009,staff,Retail Concessions,Cargo-Manifest-System,sso_password,success,airport-terminal,0
IA001594,2026-06-09T18:36:19,STF1037,staff,Engineering & Maintenance,Maintenance-Ticketing,vpn_certificate,success,airport-terminal,0
IA002094,2026-06-09T18:42:40,VND2011,vendor,Falcon Cargo Handling,Cargo-Manifest-System,vpn_certificate,success,vendor-remote-site,0
IA005447,2026-06-09T18:44:07,VND2020,vendor,Coastal Catering Co,Cargo-Manifest-System,badge+pin,success,airport-terminal,0
IA000191,2026-06-09T18:47:32,STF1145,staff,Ground Operations,Departure-Control-System,sso_password,success,airport-terminal,0
IA001402,2026-06-09T19:16:56,STF1056,staff,IT,Departure-Control-System,sso_mfa,success,airport-terminal,0
IA004518,2026-06-09T19:31:55,STF1168,staff,Gate Services,HR-Self-Service,sso_password,success,airport-terminal,0
IA002839,2026-06-09T19:33:14,STF1159,staff,Engineering & Maintenance,Maintenance-Ticketing,badge+pin,success,airport-terminal,0
IA004690,2026-06-09T19:34:31,STF1019,staff,Cargo,Retail-POS-Backend,badge+pin,success,airport-terminal,0
IA005948,2026-06-09T19:45:40,VND2025,vendor,SkyLink Ground Services,Baggage-Handling-System,badge+pin,success,airport-terminal,0
IA005176,2026-06-09T19:47:20,VND2023,vendor,SkyLink Ground Services,Baggage-Handling-System,sso_mfa,success,airport-terminal,0
IA000518,2026-06-09T19:51:42,VND2029,vendor,Horizon Cleaning Services,Cargo-Manifest-System,sso_password,success,airport-terminal,0
IA005331,2026-06-09T19:55:51,STF1007,staff,Baggage Handling,Airfield-Ops-Portal,sso_mfa,success,airport-terminal,0
IA000402,2026-06-09T20:36:53,STF1130,staff,Engineering & Maintenance,Retail-POS-Backend,sso_mfa,success,airport-terminal,0
IA005258,2026-06-09T20:37:33,VND2030,vendor,Meridian Aircraft Maintenance,HR-Self-Service,sso_mfa,success,vendor-remote-site,0
IA003544,2026-06-09T20:40:22,STF1043,staff,Cargo,Cargo-Manifest-System,badge+pin,success,airport-terminal,0
IA003674,2026-06-09T20:47:00,STF1063,staff,Retail Concessions,Maintenance-Ticketing,sso_mfa,success,airport-terminal,0
IA000290,2026-06-09T20:49:04,STF1172,staff,Ground Operations,Baggage-Handling-System,sso_password,success,airport-terminal,0
IA003203,2026-06-09T20:56:42,STF1132,staff,Cargo,Airfield-Ops-Portal,vpn_certificate,success,airport-terminal,0
IA000846,2026-06-09T21:09:16,STF1161,staff,Ground Operations,Departure-Control-System,sso_password,success,airport-terminal,0
IA000150,2026-06-09T21:21:03,VND2015,vendor,AeroFuel Solutions,Retail-POS-Backend,sso_password,success,vendor-remote-site,0
IA002052,2026-06-09T21:32:32,STF1095,staff,Retail Concessions,Maintenance-Ticketing,vpn_password,success,airport-terminal,0
IA001903,2026-06-09T21:48:07,VND2016,vendor,AeroFuel Solutions,HR-Self-Service,vpn_certificate,success,airport-terminal,0
IA004946,2026-06-09T21:48:42,STF1146,staff,Ground Operations,Maintenance-Ticketing,sso_password,success,airport-terminal,0
IA005430,2026-06-09T21:49:31,STF1040,staff,Cargo,Cargo-Manifest-System,sso_mfa,success,airport-terminal,0
IA004336,2026-06-09T23:32:55,VND2023,vendor,SkyLink Ground Services,Departure-Control-System,sso_password,success,airport-terminal,1
IA005850,2026-06-10T01:49:48,STF1052,staff,Cargo,Gate-Management-System,vpn_password,success,airport-terminal,0
IA001633,2026-06-10T03:15:45,VND2023,vendor,SkyLink Ground Services,Departure-Control-System,sso_password,success,airport-terminal,1
IA002058,2026-06-10T03:22:31,STF1122,staff,Gate Services,HR-Self-Service,badge+pin,success,airport-terminal,0
IA000748,2026-06-10T03:22:48,STF1119,staff,Baggage Handling,Retail-POS-Backend,sso_mfa,success,airport-terminal,0
IA003222,2026-06-10T03:22:58,STF1167,staff,Retail Concessions,Staff-VPN,sso_password,success,airport-terminal,1
IA000092,2026-06-10T03:34:16,VND2023,vendor,SkyLink Ground Services,Staff-VPN,sso_password,success,airport-terminal,1
IA001974,2026-06-10T03:51:48,STF1149,staff,Cargo,Departure-Control-System,vpn_password,success,airport-terminal,1
IA003574,2026-06-10T04:20:05,STF1081,staff,Cargo,Cargo-Manifest-System,vpn_certificate,success,airport-terminal,0
IA005261,2026-06-10T04:41:14,STF1122,staff,Gate Services,Retail-POS-Backend,sso_mfa,success,airport-terminal,0
IA002371,2026-06-10T06:00:22,VND2018,vendor,Falcon Cargo Handling,HR-Self-Service,sso_password,success,airport-terminal,0
IA000385,2026-06-10T06:03:42,STF1020,staff,Ground Operations,Cargo-Manifest-System,sso_password,success,airport-terminal,0
IA004861,2026-06-10T06:17:10,STF1126,staff,IT,Gate-Management-System,vpn_certificate,success,airport-terminal,0
IA003077,2026-06-10T06:27:18,STF1134,staff,Gate Services,Staff-VPN,badge+pin,success,airport-terminal,0
IA003841,2026-06-10T06:30:28,STF1070,staff,Ground Operations,Retail-POS-Backend,badge+pin,success,airport-terminal,0
IA005270,2026-06-10T06:36:38,STF1119,staff,Baggage Handling,Airfield-Ops-Portal,badge+pin,success,airport-terminal,0
IA001917,2026-06-10T06:52:26,STF1179,staff,Baggage Handling,Baggage-Handling-System,badge+pin,success,airport-terminal,0
IA005145,2026-06-10T06:56:14,STF1040,staff,Cargo,Staff-VPN,vpn_password,success,airport-terminal,0
IA000988,2026-06-10T07:01:57,STF1012,staff,IT,Retail-POS-Backend,badge+pin,success,airport-terminal,0
IA002357,2026-06-10T07:03:14,STF1116,staff,IT,HR-Self-Service,sso_password,success,airport-terminal,0
IA000417,2026-06-10T07:11:39,VND2031,vendor,Meridian Aircraft Maintenance,Maintenance-Ticketing,vpn_certificate,success,airport-terminal,0
IA000175,2026-06-10T07:16:14,STF1092,staff,Baggage Handling,Airfield-Ops-Portal,sso_password,success,airport-terminal,0
IA005516,2026-06-10T07:25:40,STF1142,staff,Gate Services,Departure-Control-System,badge+pin,success,airport-terminal,0
IA000958,2026-06-10T07:40:16,STF1033,staff,Retail Concessions,Gate-Management-System,badge+pin,success,airport-terminal,0
IA002311,2026-06-10T07:44:29,STF1152,staff,Ground Operations,Staff-VPN,badge+pin,success,airport-terminal,0
IA005225,2026-06-10T07:46:07,STF1110,staff,Security,Retail-POS-Backend,sso_mfa,success,airport-terminal,0
IA005997,2026-06-10T07:52:54,VND2009,vendor,Falcon Cargo Handling,Baggage-Handling-System,sso_mfa,success,vendor-remote-site,0
IA002596,2026-06-10T07:54:04,STF1013,staff,Cargo,HR-Self-Service,sso_mfa,success,airport-terminal,0
IA000927,2026-06-10T08:00:09,STF1044,staff,Ground Operations,Staff-VPN,badge+pin,success,airport-terminal,0
IA000331,2026-06-10T08:08:04,STF1178,staff,Engineering & Maintenance,HR-Self-Service,sso_mfa,success,airport-terminal,0
IA000316,2026-06-10T08:09:48,STF1108,staff,Security,Cargo-Manifest-System,sso_mfa,fail,airport-terminal,0
IA000288,2026-06-10T08:12:55,STF1055,staff,Cargo,Baggage-Handling-System,badge+pin,success,airport-terminal,0
IA000964,2026-06-10T08:22:30,STF1019,staff,Cargo,Gate-Management-System,badge+pin,success,airport-terminal,0
IA006008,2026-06-10T08:27:30,STF1008,staff,Ground Operations,Baggage-Handling-System,sso_mfa,success,airport-terminal,0
IA001060,2026-06-10T08:31:30,STF1014,staff,Baggage Handling,Baggage-Handling-System,badge+pin,success,airport-terminal,0
IA005952,2026-06-10T08:35:37,STF1027,staff,Baggage Handling,Gate-Management-System,sso_mfa,fail,airport-terminal,0
IA001538,2026-06-10T08:47:12,STF1052,staff,Cargo,Gate-Management-System,vpn_certificate,success,airport-terminal,0
IA004360,2026-06-10T08:57:28,STF1041,staff,Security,Cargo-Manifest-System,sso_mfa,success,airport-terminal,0
IA002016,2026-06-10T08:58:11,STF1174,staff,Ground Operations,Departure-Control-System,vpn_password,success,airport-terminal,0
IA005204,2026-06-10T09:01:03,STF1107,staff,Baggage Handling,Airfield-Ops-Portal,badge+pin,success,airport-terminal,0
IA005786,2026-06-10T09:01:11,STF1023,staff,Baggage Handling,Departure-Control-System,sso_password,success,airport-terminal,0
IA004083,2026-06-10T09:13:58,STF1057,staff,Cargo,Airfield-Ops-Portal,vpn_password,success,airport-terminal,0
IA006081,2026-06-10T09:24:27,STF1075,staff,Gate Services,Departure-Control-System,sso_password,success,airport-terminal,0
IA005825,2026-06-10T09:26:55,STF1012,staff,IT,Gate-Management-System,sso_password,fail,airport-terminal,0
IA000899,2026-06-10T09:27:06,STF1002,staff,Ground Operations,Gate-Management-System,badge+pin,success,airport-terminal,0
IA005740,2026-06-10T09:32:02,STF1075,staff,Gate Services,Staff-VPN,badge+pin,fail,airport-terminal,0
IA000585,2026-06-10T09:53:13,STF1115,staff,Engineering & Maintenance,Retail-POS-Backend,vpn_password,success,airport-terminal,0
IA001117,2026-06-10T09:58:12,STF1084,staff,IT,Departure-Control-System,vpn_certificate,success,airport-terminal,0
IA002434,2026-06-10T10:07:55,STF1065,staff,Security,Retail-POS-Backend,sso_password,success,airport-terminal,0
IA004257,2026-06-10T10:08:20,STF1125,staff,Retail Concessions,Airfield-Ops-Portal,sso_mfa,success,airport-terminal,0
IA001806,2026-06-10T10:35:26,STF1092,staff,Baggage Handling,Departure-Control-System,sso_password,success,airport-terminal,0
IA004034,2026-06-10T10:49:40,STF1079,staff,Security,Retail-POS-Backend,sso_password,success,airport-terminal,0
IA006014,2026-06-10T10:53:12,STF1046,staff,Cargo,Cargo-Manifest-System,badge+pin,success,airport-terminal,0
IA001647,2026-06-10T10:55:26,STF1118,staff,Engineering & Maintenance,Baggage-Handling-System,sso_mfa,success,airport-terminal,0
IA004452,2026-06-10T11:07:08,STF1045,staff,Baggage Handling,Cargo-Manifest-System,sso_mfa,success,airport-terminal,0
IA005109,2026-06-10T11:08:37,STF1031,staff,Cargo,HR-Self-Service,vpn_certificate,success,airport-terminal,0
IA000984,2026-06-10T11:11:54,VND2010,vendor,SkyLink Ground Services,Departure-Control-System,sso_mfa,success,vendor-remote-site,0
IA001096,2026-06-10T11:16:22,STF1074,staff,Baggage Handling,Retail-POS-Backend,vpn_certificate,success,airport-terminal,0
IA005611,2026-06-10T11:16:29,STF1111,staff,Ground Operations,Departure-Control-System,sso_password,success,airport-terminal,0
IA004444,2026-06-10T11:29:07,STF1148,staff,Cargo,Maintenance-Ticketing,sso_password,success,airport-terminal,0
IA003450,2026-06-10T11:36:47,STF1101,staff,Retail Concessions,Cargo-Manifest-System,vpn_password,success,airport-terminal,0
IA005386,2026-06-10T11:40:16,VND2004,vendor,Falcon Cargo Handling,Retail-POS-Backend,sso_password,success,airport-terminal,0
IA005734,2026-06-10T11:48:28,STF1053,staff,Ground Operations,Maintenance-Ticketing,vpn_certificate,success,airport-terminal,0
IA003664,2026-06-10T11:48:58,VND2016,vendor,AeroFuel Solutions,Staff-VPN,badge+pin,success,airport-terminal,0
IA005931,2026-06-10T12:00:33,STF1102,staff,IT,Cargo-Manifest-System,sso_password,success,airport-terminal,0
IA001489,2026-06-10T12:00:37,VND2009,vendor,Falcon Cargo Handling,Maintenance-Ticketing,sso_password,success,vendor-remote-site,0
IA005774,2026-06-10T12:10:33,STF1177,staff,IT,Departure-Control-System,sso_password,success,airport-terminal,0
IA003621,2026-06-10T12:12:26,STF1159,staff,Engineering & Maintenance,Gate-Management-System,badge+pin,success,airport-terminal,0
IA003021,2026-06-10T12:17:07,STF1032,staff,Security,Retail-POS-Backend,sso_password,success,airport-terminal,0
IA005306,2026-06-10T12:25:29,STF1004,staff,IT,Departure-Control-System,vpn_certificate,success,airport-terminal,0
IA005287,2026-06-10T12:42:11,STF1158,staff,Baggage Handling,Cargo-Manifest-System,badge+pin,success,airport-terminal,0
IA004306,2026-06-10T12:52:56,STF1163,staff,Retail Concessions,Staff-VPN,sso_password,success,airport-terminal,0
IA000966,2026-06-10T13:02:56,STF1067,staff,IT,Gate-Management-System,badge+pin,success,airport-terminal,0
IA000192,2026-06-10T13:05:20,STF1035,staff,Retail Concessions,Airfield-Ops-Portal,vpn_password,success,airport-terminal,0
IA002463,2026-06-10T13:11:24,STF1014,staff,Baggage Handling,Airfield-Ops-Portal,sso_password,success,airport-terminal,0
IA002880,2026-06-10T13:14:52,STF1131,staff,Engineering & Maintenance,Baggage-Handling-System,sso_mfa,fail,airport-terminal,0
IA000788,2026-06-10T13:16:48,STF1009,staff,Retail Concessions,Staff-VPN,vpn_certificate,success,airport-terminal,0
IA004964,2026-06-10T13:18:04,STF1027,staff,Baggage Handling,Staff-VPN,vpn_password,fail,airport-terminal,0
IA003563,2026-06-10T13:33:35,STF1124,staff,Gate Services,Departure-Control-System,badge+pin,success,airport-terminal,0
IA001513,2026-06-10T13:36:03,STF1035,staff,Retail Concessions,Staff-VPN,sso_password,success,airport-terminal,0
IA001051,2026-06-10T13:42:30,STF1030,staff,Baggage Handling,Departure-Control-System,sso_mfa,success,airport-terminal,0
IA006037,2026-06-10T13:50:16,STF1074,staff,Baggage Handling,Maintenance-Ticketing,vpn_certificate,success,airport-terminal,0
IA005391,2026-06-10T14:02:51,STF1071,staff,Cargo,Gate-Management-System,vpn_certificate,success,airport-terminal,0
IA000921,2026-06-10T14:12:51,VND2026,vendor,Horizon Cleaning Services,HR-Self-Service,vpn_password,success,airport-terminal,0
IA005475,2026-06-10T14:15:26,STF1014,staff,Baggage Handling,Airfield-Ops-Portal,vpn_certificate,success,airport-terminal,0
IA001652,2026-06-10T14:16:00,VND2001,vendor,Meridian Aircraft Maintenance,Gate-Management-System,sso_password,success,airport-terminal,0
IA001880,2026-06-10T14:17:10,STF1139,staff,Gate Services,Retail-POS-Backend,badge+pin,success,airport-terminal,0
IA002792,2026-06-10T14:20:26,STF1146,staff,Ground Operations,Cargo-Manifest-System,sso_password,success,airport-terminal,0
IA002039,2026-06-10T14:28:54,STF1045,staff,Baggage Handling,Gate-Management-System,vpn_password,success,airport-terminal,0
IA004396,2026-06-10T14:37:35,STF1138,staff,Security,Staff-VPN,sso_password,success,airport-terminal,0
IA000492,2026-06-10T14:39:41,STF1150,staff,IT,Gate-Management-System,vpn_password,success,airport-terminal,0
IA004865,2026-06-10T14:54:28,STF1107,staff,Baggage Handling,Retail-POS-Backend,sso_mfa,success,airport-terminal,0
IA004679,2026-06-10T14:56:37,STF1087,staff,Ground Operations,HR-Self-Service,badge+pin,success,airport-terminal,0
IA004247,2026-06-10T14:57:59,STF1129,staff,Security,Maintenance-Ticketing,vpn_certificate,success,airport-terminal,0
IA003766,2026-06-10T15:12:03,STF1117,staff,IT,Maintenance-Ticketing,badge+pin,success,airport-terminal,0
IA002672,2026-06-10T15:14:41,VND2010,vendor,SkyLink Ground Services,Retail-POS-Backend,sso_mfa,success,airport-terminal,0
IA005333,2026-06-10T15:19:22,STF1026,staff,Gate Services,Staff-VPN,vpn_certificate,success,airport-terminal,0
IA000109,2026-06-10T15:31:43,STF1046,staff,Cargo,Departure-Control-System,sso_password,success,airport-terminal,0
IA002142,2026-06-10T15:33:03,STF1035,staff,Retail Concessions,Maintenance-Ticketing,sso_mfa,success,airport-terminal,0
IA001055,2026-06-10T15:33:43,STF1125,staff,Retail Concessions,Gate-Management-System,sso_password,success,airport-terminal,0
IA001748,2026-06-10T15:49:06,STF1103,staff,Retail Concessions,Baggage-Handling-System,sso_password,success,airport-terminal,0
IA005450,2026-06-10T15:52:23,STF1177,staff,IT,Departure-Control-System,vpn_password,success,airport-terminal,0
IA004227,2026-06-10T16:20:39,STF1018,staff,Engineering & Maintenance,Departure-Control-System,vpn_password,fail,airport-terminal,1
IA005881,2026-06-10T16:21:18,VND2029,vendor,Horizon Cleaning Services,HR-Self-Service,badge+pin,success,airport-terminal,0
IA005278,2026-06-10T16:40:27,STF1087,staff,Ground Operations,Cargo-Manifest-System,sso_password,success,airport-terminal,0
IA006119,2026-06-10T16:43:31,VND2014,vendor,AeroFuel Solutions,Gate-Management-System,badge+pin,success,airport-terminal,0
IA006013,2026-06-10T16:45:29,STF1169,staff,Ground Operations,Departure-Control-System,sso_password,success,airport-terminal,0
IA000026,2026-06-10T16:51:18,STF1159,staff,Engineering & Maintenance,Departure-Control-System,sso_password,success,airport-terminal,0
IA003053,2026-06-10T16:59:39,VND2017,vendor,Horizon Cleaning Services,Baggage-Handling-System,vpn_certificate,success,vendor-remote-site,0
IA000499,2026-06-10T17:14:47,VND2023,vendor,SkyLink Ground Services,Baggage-Handling-System,badge+pin,success,airport-terminal,0
IA006054,2026-06-10T17:15:32,STF1016,staff,Gate Services,Departure-Control-System,badge+pin,success,airport-terminal,0
IA005656,2026-06-10T17:16:15,STF1094,staff,IT,Gate-Management-System,badge+pin,success,airport-terminal,0
IA005300,2026-06-10T17:20:14,VND2003,vendor,Falcon Cargo Handling,Departure-Control-System,sso_password,success,vendor-remote-site,0
IA002756,2026-06-10T17:35:11,STF1083,staff,Security,Departure-Control-System,vpn_password,success,airport-terminal,0
IA001981,2026-06-10T17:36:30,VND2023,vendor,SkyLink Ground Services,Staff-VPN,vpn_password,success,airport-terminal,1
IA006129,2026-06-10T17:42:13,VND2000,vendor,SkyLink Ground Services,HR-Self-Service,sso_mfa,success,vendor-remote-site,0
IA004295,2026-06-10T18:04:59,VND2009,vendor,Falcon Cargo Handling,Cargo-Manifest-System,badge+pin,fail,airport-terminal,0
IA002651,2026-06-10T18:11:31,STF1144,staff,Security,Gate-Management-System,sso_password,success,airport-terminal,0
IA003025,2026-06-10T18:25:46,STF1178,staff,Engineering & Maintenance,Airfield-Ops-Portal,vpn_certificate,success,airport-terminal,0
IA002258,2026-06-10T18:29:09,VND2024,vendor,AeroFuel Solutions,HR-Self-Service,badge+pin,success,airport-terminal,0
IA004560,2026-06-10T18:31:06,STF1093,staff,Retail Concessions,Retail-POS-Backend,vpn_certificate,success,airport-terminal,0
IA001658,2026-06-10T18:46:31,STF1131,staff,Engineering & Maintenance,Airfield-Ops-Portal,badge+pin,fail,airport-terminal,0
IA002836,2026-06-10T18:58:01,STF1155,staff,Cargo,Retail-POS-Backend,badge+pin,fail,airport-terminal,0
IA000717,2026-06-10T19:02:03,STF1137,staff,Retail Concessions,HR-Self-Service,vpn_password,fail,airport-terminal,0
IA005239,2026-06-10T19:07:20,STF1058,staff,Gate Services,Maintenance-Ticketing,sso_mfa,success,airport-terminal,0
IA000381,2026-06-10T19:23:24,STF1082,staff,Retail Concessions,Airfield-Ops-Portal,badge+pin,success,airport-terminal,0
IA000050,2026-06-10T19:27:11,STF1070,staff,Ground Operations,Departure-Control-System,badge+pin,success,airport-terminal,0
IA001396,2026-06-10T19:28:48,STF1004,staff,IT,Baggage-Handling-System,badge+pin,success,airport-terminal,0
IA003348,2026-06-10T19:33:00,VND2019,vendor,Falcon Cargo Handling,HR-Self-Service,badge+pin,success,vendor-remote-site,0
IA003649,2026-06-10T20:03:36,STF1077,staff,Gate Services,HR-Self-Service,sso_password,success,airport-terminal,0
IA005909,2026-06-10T20:04:31,VND2015,vendor,AeroFuel Solutions,Maintenance-Ticketing,sso_mfa,success,vendor-remote-site,0
IA002645,2026-06-10T20:13:39,STF1020,staff,Ground Operations,Departure-Control-System,badge+pin,success,airport-terminal,0
IA001192,2026-06-10T20:13:49,VND2021,vendor,Falcon Cargo Handling,Departure-Control-System,sso_mfa,success,airport-terminal,0
IA001608,2026-06-10T20:16:53,VND2002,vendor,Horizon Cleaning Services,Departure-Control-System,badge+pin,success,vendor-remote-site,0
IA002327,2026-06-10T20:23:58,STF1021,staff,Ground Operations,Staff-VPN,badge+pin,success,airport-terminal,0
IA000030,2026-06-10T20:38:44,STF1104,staff,Gate Services,Retail-POS-Backend,badge+pin,success,airport-terminal,0
IA004695,2026-06-10T20:41:32,STF1008,staff,Ground Operations,Staff-VPN,badge+pin,success,airport-terminal,0
IA005397,2026-06-10T20:42:28,STF1127,staff,Baggage Handling,Cargo-Manifest-System,badge+pin,success,airport-terminal,0
IA001320,2026-06-10T20:49:04,STF1067,staff,IT,Staff-VPN,sso_mfa,success,airport-terminal,0
IA004442,2026-06-10T20:58:17,STF1058,staff,Gate Services,Maintenance-Ticketing,vpn_certificate,success,airport-terminal,0
IA001934,2026-06-10T21:00:12,STF1037,staff,Engineering & Maintenance,Baggage-Handling-System,badge+pin,success,airport-terminal,0
IA000746,2026-06-10T21:05:10,VND2004,vendor,Falcon Cargo Handling,Gate-Management-System,sso_mfa,success,vendor-remote-site,0
IA004664,2026-06-10T21:06:24,STF1046,staff,Cargo,HR-Self-Service,sso_password,success,airport-terminal,0
IA005509,2026-06-10T21:09:55,STF1131,staff,Engineering & Maintenance,Airfield-Ops-Portal,sso_mfa,success,airport-terminal,0
IA001824,2026-06-10T21:14:56,STF1020,staff,Ground Operations,Retail-POS-Backend,badge+pin,fail,airport-terminal,0
IA000456,2026-06-10T21:44:02,STF1133,staff,Baggage Handling,Departure-Control-System,sso_password,success,airport-terminal,0
IA003680,2026-06-10T21:58:35,VND2001,vendor,Meridian Aircraft Maintenance,Airfield-Ops-Portal,vpn_certificate,success,vendor-remote-site,0
IA002072,2026-06-10T23:11:40,STF1066,staff,Retail Concessions,Maintenance-Ticketing,vpn_password,success,airport-terminal,0
IA000588,2026-06-10T23:18:48,VND2023,vendor,SkyLink Ground Services,Departure-Control-System,vpn_password,success,vendor-remote-site,1
IA000665,2026-06-10T23:56:53,STF1098,staff,Engineering & Maintenance,Staff-VPN,sso_password,success,airport-terminal,1
IA004226,2026-06-11T01:03:55,STF1179,staff,Baggage Handling,Airfield-Ops-Portal,sso_mfa,success,airport-terminal,0
IA005613,2026-06-11T01:28:33,STF1175,staff,Ground Operations,Airfield-Ops-Portal,badge+pin,success,airport-terminal,0
IA000486,2026-06-11T01:42:44,STF1097,staff,Retail Concessions,Gate-Management-System,sso_mfa,success,airport-terminal,0
IA000302,2026-06-11T01:54:11,STF1017,staff,Gate Services,Baggage-Handling-System,vpn_certificate,success,airport-terminal,0
IA005854,2026-06-11T02:02:50,STF1108,staff,Security,Airfield-Ops-Portal,badge+pin,success,airport-terminal,0
IA000995,2026-06-11T02:04:42,STF1167,staff,Retail Concessions,Baggage-Handling-System,vpn_password,fail,airport-terminal,1
IA002172,2026-06-11T02:19:14,STF1109,staff,IT,Retail-POS-Backend,sso_password,success,airport-terminal,0
IA004948,2026-06-11T04:11:54,STF1123,staff,Baggage Handling,Staff-VPN,sso_mfa,success,airport-terminal,0
IA002534,2026-06-11T04:26:16,STF1098,staff,Engineering & Maintenance,Baggage-Handling-System,sso_password,success,airport-terminal,1
IA003591,2026-06-11T04:29:37,VND2033,vendor,Meridian Aircraft Maintenance,Baggage-Handling-System,sso_password,success,vendor-remote-site,1
IA001717,2026-06-11T06:00:31,STF1159,staff,Engineering & Maintenance,Gate-Management-System,vpn_password,success,airport-terminal,0
IA002086,2026-06-11T06:16:28,STF1018,staff,Engineering & Maintenance,Airfield-Ops-Portal,sso_mfa,success,airport-terminal,0
IA002556,2026-06-11T06:40:23,VND2033,vendor,Meridian Aircraft Maintenance,Staff-VPN,sso_password,success,airport-terminal,1
IA000664,2026-06-11T06:41:01,VND2013,vendor,Falcon Cargo Handling,HR-Self-Service,sso_mfa,success,vendor-remote-site,0
IA006085,2026-06-11T06:45:37,VND2026,vendor,Horizon Cleaning Services,Retail-POS-Backend,badge+pin,success,airport-terminal,0
IA005096,2026-06-11T06:53:57,STF1048,staff,Retail Concessions,Baggage-Handling-System,badge+pin,success,airport-terminal,0
IA004132,2026-06-11T07:05:52,STF1070,staff,Ground Operations,Airfield-Ops-Portal,badge+pin,success,airport-terminal,0
IA004954,2026-06-11T07:09:50,STF1149,staff,Cargo,HR-Self-Service,sso_mfa,success,airport-terminal,0
IA001551,2026-06-11T07:17:05,STF1109,staff,IT,Cargo-Manifest-System,badge+pin,success,airport-terminal,0
IA004569,2026-06-11T07:22:42,STF1108,staff,Security,Maintenance-Ticketing,badge+pin,success,airport-terminal,0
IA004869,2026-06-11T07:33:17,STF1034,staff,Ground Operations,HR-Self-Service,sso_mfa,success,airport-terminal,0
IA005880,2026-06-11T07:50:35,STF1142,staff,Gate Services,Departure-Control-System,sso_mfa,success,airport-terminal,0
IA000804,2026-06-11T07:53:13,STF1088,staff,Ground Operations,HR-Self-Service,badge+pin,success,airport-terminal,0
IA000430,2026-06-11T08:12:48,STF1077,staff,Gate Services,Maintenance-Ticketing,sso_password,success,airport-terminal,0
IA002638,2026-06-11T08:14:17,STF1001,staff,Cargo,HR-Self-Service,vpn_certificate,success,airport-terminal,0
IA002180,2026-06-11T08:19:06,STF1111,staff,Ground Operations,Cargo-Manifest-System,badge+pin,success,airport-terminal,0
IA000224,2026-06-11T08:27:41,STF1154,staff,Ground Operations,Maintenance-Ticketing,sso_password,success,airport-terminal,0
IA001229,2026-06-11T08:37:40,STF1026,staff,Gate Services,Departure-Control-System,sso_mfa,success,airport-terminal,0
IA003175,2026-06-11T08:39:38,STF1091,staff,IT,Gate-Management-System,badge+pin,success,airport-terminal,0
IA002499,2026-06-11T08:41:52,STF1070,staff,Ground Operations,Baggage-Handling-System,sso_password,success,airport-terminal,0
IA003853,2026-06-11T08:49:50,STF1128,staff,Retail Concessions,Cargo-Manifest-System,vpn_certificate,success,airport-terminal,0
IA002599,2026-06-11T08:52:35,STF1083,staff,Security,HR-Self-Service,vpn_password,success,airport-terminal,0
IA003844,2026-06-11T08:53:06,STF1040,staff,Cargo,HR-Self-Service,badge+pin,success,airport-terminal,0
IA004564,2026-06-11T08:59:39,STF1170,staff,Baggage Handling,Cargo-Manifest-System,vpn_password,success,airport-terminal,0
IA005862,2026-06-11T09:00:13,VND2006,vendor,Coastal Catering Co,Staff-VPN,sso_mfa,fail,airport-terminal,0
IA004566,2026-06-11T09:00:19,VND2032,vendor,AeroFuel Solutions,Departure-Control-System,badge+pin,success,airport-terminal,0
IA005951,2026-06-11T09:14:48,STF1070,staff,Ground Operations,Departure-Control-System,vpn_certificate,success,airport-terminal,0
IA003225,2026-06-11T09:20:58,STF1049,staff,Retail Concessions,Gate-Management-System,sso_mfa,success,airport-terminal,0
IA003044,2026-06-11T09:25:05,STF1082,staff,Retail Concessions,Retail-POS-Backend,sso_password,success,airport-terminal,0
IA005963,2026-06-11T09:39:55,STF1082,staff,Retail Concessions,Gate-Management-System,badge+pin,success,airport-terminal,0
IA004049,2026-06-11T09:46:36,STF1015,staff,Gate Services,Airfield-Ops-Portal,vpn_certificate,fail,airport-terminal,0
IA002266,2026-06-11T09:49:36,STF1069,staff,Baggage Handling,Departure-Control-System,vpn_password,success,airport-terminal,0
IA000242,2026-06-11T09:53:20,STF1053,staff,Ground Operations,Maintenance-Ticketing,sso_password,success,airport-terminal,0
IA002748,2026-06-11T10:07:12,VND2016,vendor,AeroFuel Solutions,Retail-POS-Backend,sso_password,success,airport-terminal,0
IA004709,2026-06-11T10:09:25,STF1024,staff,Retail Concessions,Gate-Management-System,badge+pin,success,airport-terminal,0
IA003829,2026-06-11T10:18:27,STF1026,staff,Gate Services,Retail-POS-Backend,sso_password,success,airport-terminal,0
IA003751,2026-06-11T10:22:01,STF1031,staff,Cargo,HR-Self-Service,badge+pin,success,airport-terminal,0
IA003218,2026-06-11T10:44:26,STF1009,staff,Retail Concessions,Departure-Control-System,vpn_password,success,airport-terminal,0
IA001870,2026-06-11T10:46:56,STF1072,staff,Retail Concessions,Gate-Management-System,badge+pin,success,airport-terminal,0
IA001163,2026-06-11T11:12:27,STF1061,staff,Ground Operations,Gate-Management-System,badge+pin,success,airport-terminal,0
IA000502,2026-06-11T11:15:29,STF1155,staff,Cargo,Maintenance-Ticketing,vpn_certificate,success,airport-terminal,0
IA004866,2026-06-11T11:27:28,VND2005,vendor,AeroFuel Solutions,HR-Self-Service,vpn_certificate,success,airport-terminal,0
IA005159,2026-06-11T11:29:25,VND2016,vendor,AeroFuel Solutions,Baggage-Handling-System,sso_mfa,success,vendor-remote-site,0
IA005655,2026-06-11T11:35:14,STF1029,staff,Security,Cargo-Manifest-System,sso_password,success,airport-terminal,0
IA004715,2026-06-11T11:35:16,STF1016,staff,Gate Services,HR-Self-Service,sso_mfa,success,airport-terminal,0
IA002330,2026-06-11T11:37:10,STF1024,staff,Retail Concessions,Maintenance-Ticketing,sso_password,success,airport-terminal,0
IA003510,2026-06-11T11:37:14,STF1014,staff,Baggage Handling,Maintenance-Ticketing,sso_mfa,success,airport-terminal,0
IA002276,2026-06-11T11:48:19,STF1094,staff,IT,Departure-Control-System,vpn_certificate,success,airport-terminal,0
IA001338,2026-06-11T11:50:12,STF1144,staff,Security,Baggage-Handling-System,sso_mfa,success,airport-terminal,0
IA005937,2026-06-11T11:54:23,STF1014,staff,Baggage Handling,Baggage-Handling-System,sso_password,success,airport-terminal,0
IA003873,2026-06-11T11:55:23,STF1035,staff,Retail Concessions,Departure-Control-System,badge+pin,success,airport-terminal,0
IA003385,2026-06-11T11:56:11,STF1003,staff,IT,Staff-VPN,vpn_certificate,success,airport-terminal,0
IA004827,2026-06-11T12:02:32,STF1021,staff,Ground Operations,Baggage-Handling-System,sso_mfa,success,airport-terminal,0
IA004213,2026-06-11T12:16:30,STF1074,staff,Baggage Handling,Cargo-Manifest-System,sso_mfa,success,airport-terminal,0
IA001191,2026-06-11T12:16:58,STF1074,staff,Baggage Handling,HR-Self-Service,sso_password,fail,airport-terminal,0
IA003414,2026-06-11T12:17:05,STF1117,staff,IT,Airfield-Ops-Portal,badge+pin,fail,airport-terminal,0
IA004262,2026-06-11T12:27:06,STF1075,staff,Gate Services,Departure-Control-System,sso_password,success,airport-terminal,0
IA001221,2026-06-11T12:32:00,STF1138,staff,Security,Retail-POS-Backend,vpn_certificate,success,airport-terminal,0
IA001625,2026-06-11T12:38:01,STF1005,staff,Retail Concessions,Retail-POS-Backend,vpn_certificate,success,airport-terminal,0
IA004287,2026-06-11T12:40:50,STF1112,staff,Cargo,Maintenance-Ticketing,sso_mfa,success,airport-terminal,0
IA005395,2026-06-11T13:25:18,VND2026,vendor,Horizon Cleaning Services,Retail-POS-Backend,badge+pin,success,airport-terminal,0
IA001370,2026-06-11T13:29:59,STF1128,staff,Retail Concessions,Departure-Control-System,sso_mfa,success,airport-terminal,0
IA004994,2026-06-11T13:34:46,STF1137,staff,Retail Concessions,Airfield-Ops-Portal,badge+pin,success,airport-terminal,0
IA004149,2026-06-11T13:50:09,VND2016,vendor,AeroFuel Solutions,Gate-Management-System,sso_mfa,success,vendor-remote-site,0
IA000878,2026-06-11T13:51:43,STF1063,staff,Retail Concessions,Airfield-Ops-Portal,vpn_certificate,fail,airport-terminal,0
IA002131,2026-06-11T13:53:45,STF1167,staff,Retail Concessions,Retail-POS-Backend,vpn_password,success,airport-terminal,0
IA004080,2026-06-11T13:56:21,STF1031,staff,Cargo,Cargo-Manifest-System,vpn_certificate,success,airport-terminal,0
IA000668,2026-06-11T14:08:53,STF1020,staff,Ground Operations,Staff-VPN,vpn_password,success,airport-terminal,0
IA001158,2026-06-11T14:15:10,STF1097,staff,Retail Concessions,Airfield-Ops-Portal,sso_mfa,success,airport-terminal,0
IA002215,2026-06-11T14:20:31,VND2030,vendor,Meridian Aircraft Maintenance,Retail-POS-Backend,badge+pin,success,airport-terminal,0
IA001398,2026-06-11T14:20:45,STF1151,staff,Baggage Handling,Staff-VPN,sso_password,success,airport-terminal,0
IA003156,2026-06-11T14:24:34,VND2021,vendor,Falcon Cargo Handling,Staff-VPN,sso_password,success,vendor-remote-site,0
IA005299,2026-06-11T14:39:52,STF1165,staff,Cargo,Maintenance-Ticketing,sso_password,success,airport-terminal,0
IA000790,2026-06-11T14:42:23,STF1118,staff,Engineering & Maintenance,Baggage-Handling-System,badge+pin,success,airport-terminal,0
IA001544,2026-06-11T15:01:30,STF1103,staff,Retail Concessions,Retail-POS-Backend,badge+pin,success,airport-terminal,0
IA004495,2026-06-11T15:06:45,STF1111,staff,Ground Operations,Gate-Management-System,badge+pin,fail,airport-terminal,0
IA000773,2026-06-11T15:19:31,VND2005,vendor,AeroFuel Solutions,Departure-Control-System,badge+pin,success,vendor-remote-site,0
IA002352,2026-06-11T15:28:09,STF1101,staff,Retail Concessions,Retail-POS-Backend,badge+pin,success,airport-terminal,0
IA002198,2026-06-11T15:31:42,STF1024,staff,Retail Concessions,Airfield-Ops-Portal,badge+pin,success,airport-terminal,0
IA000916,2026-06-11T15:43:45,STF1074,staff,Baggage Handling,Retail-POS-Backend,vpn_certificate,success,airport-terminal,0
IA004921,2026-06-11T16:11:58,STF1012,staff,IT,Departure-Control-System,sso_password,fail,airport-terminal,0
IA005651,2026-06-11T16:28:14,STF1096,staff,Security,Staff-VPN,badge+pin,success,airport-terminal,0
IA000345,2026-06-11T16:30:31,STF1034,staff,Ground Operations,HR-Self-Service,vpn_password,success,airport-terminal,0
IA004423,2026-06-11T16:30:49,STF1045,staff,Baggage Handling,Staff-VPN,sso_password,success,airport-terminal,0
IA005037,2026-06-11T17:04:46,STF1076,staff,Baggage Handling,Airfield-Ops-Portal,badge+pin,success,airport-terminal,0
IA001530,2026-06-11T17:06:52,STF1048,staff,Retail Concessions,Maintenance-Ticketing,sso_password,success,airport-terminal,0
IA000307,2026-06-11T17:14:13,STF1049,staff,Retail Concessions,Retail-POS-Backend,sso_password,success,airport-terminal,0
IA001298,2026-06-11T17:15:43,STF1054,staff,Security,Staff-VPN,sso_mfa,success,airport-terminal,0
IA004981,2026-06-11T17:22:51,STF1109,staff,IT,Airfield-Ops-Portal,vpn_certificate,success,airport-terminal,0
IA005545,2026-06-11T17:32:09,VND2026,vendor,Horizon Cleaning Services,Maintenance-Ticketing,badge+pin,success,vendor-remote-site,0
IA004496,2026-06-11T17:46:06,STF1139,staff,Gate Services,HR-Self-Service,sso_mfa,success,airport-terminal,0
IA000392,2026-06-11T17:56:17,STF1043,staff,Cargo,Staff-VPN,sso_mfa,success,airport-terminal,0
IA005620,2026-06-11T17:57:57,STF1112,staff,Cargo,Retail-POS-Backend,sso_mfa,success,airport-terminal,0
IA003015,2026-06-11T17:59:39,STF1095,staff,Retail Concessions,Departure-Control-System,badge+pin,success,airport-terminal,0
IA001722,2026-06-11T18:11:48,VND2007,vendor,SkyLink Ground Services,Baggage-Handling-System,badge+pin,success,airport-terminal,0
IA001393,2026-06-11T18:12:48,STF1038,staff,Retail Concessions,Baggage-Handling-System,badge+pin,success,airport-terminal,0
IA001744,2026-06-11T18:13:35,STF1104,staff,Gate Services,Retail-POS-Backend,sso_mfa,success,airport-terminal,0
IA004651,2026-06-11T18:15:29,VND2022,vendor,Falcon Cargo Handling,HR-Self-Service,badge+pin,success,airport-terminal,0
IA002456,2026-06-11T18:17:54,STF1049,staff,Retail Concessions,Gate-Management-System,sso_mfa,success,airport-terminal,0
IA003571,2026-06-11T18:34:30,STF1055,staff,Cargo,Cargo-Manifest-System,badge+pin,success,airport-terminal,0
IA001457,2026-06-11T18:43:53,STF1156,staff,Gate Services,Departure-Control-System,badge+pin,success,airport-terminal,0
IA004521,2026-06-11T18:45:49,VND2004,vendor,Falcon Cargo Handling,Maintenance-Ticketing,sso_mfa,success,airport-terminal,0
IA004428,2026-06-11T18:54:14,STF1131,staff,Engineering & Maintenance,Baggage-Handling-System,sso_password,success,airport-terminal,0
IA005505,2026-06-11T18:54:32,STF1138,staff,Security,Departure-Control-System,vpn_certificate,success,airport-terminal,0
IA003373,2026-06-11T19:04:29,VND2008,vendor,SkyLink Ground Services,Cargo-Manifest-System,sso_password,success,vendor-remote-site,0
IA004916,2026-06-11T19:11:54,STF1065,staff,Security,Baggage-Handling-System,badge+pin,fail,airport-terminal,0
IA005324,2026-06-11T19:17:32,STF1076,staff,Baggage Handling,Baggage-Handling-System,badge+pin,success,airport-terminal,0
IA000910,2026-06-11T19:19:03,STF1059,staff,IT,Cargo-Manifest-System,vpn_password,success,airport-terminal,0
IA000297,2026-06-11T19:19:24,STF1050,staff,Ground Operations,Gate-Management-System,sso_password,success,airport-terminal,0
IA005093,2026-06-11T19:20:17,VND2005,vendor,AeroFuel Solutions,Gate-Management-System,badge+pin,success,vendor-remote-site,0
IA005917,2026-06-11T19:34:44,VND2016,vendor,AeroFuel Solutions,Departure-Control-System,badge+pin,success,airport-terminal,0
IA004345,2026-06-11T19:44:58,STF1148,staff,Cargo,Cargo-Manifest-System,badge+pin,success,airport-terminal,0
IA002445,2026-06-11T19:49:05,STF1118,staff,Engineering & Maintenance,Baggage-Handling-System,sso_password,success,airport-terminal,0
IA002719,2026-06-11T19:56:12,VND2008,vendor,SkyLink Ground Services,Baggage-Handling-System,badge+pin,success,vendor-remote-site,0
IA001374,2026-06-11T20:16:43,STF1115,staff,Engineering & Maintenance,Maintenance-Ticketing,sso_mfa,success,airport-terminal,0
IA001139,2026-06-11T20:17:12,VND2019,vendor,Falcon Cargo Handling,Airfield-Ops-Portal,sso_password,success,vendor-remote-site,0
IA001724,2026-06-11T20:25:44,STF1110,staff,Security,Staff-VPN,vpn_certificate,success,airport-terminal,0
IA000925,2026-06-11T20:26:30,VND2019,vendor,Falcon Cargo Handling,Cargo-Manifest-System,vpn_certificate,fail,vendor-remote-site,0
IA005064,2026-06-11T20:30:54,STF1001,staff,Cargo,Airfield-Ops-Portal,sso_mfa,success,airport-terminal,0
IA004358,2026-06-11T20:40:49,STF1157,staff,Gate Services,Maintenance-Ticketing,badge+pin,success,airport-terminal,0
IA004434,2026-06-11T20:43:52,VND2015,vendor,AeroFuel Solutions,Airfield-Ops-Portal,sso_password,success,vendor-remote-site,0
IA001715,2026-06-11T20:45:47,STF1003,staff,IT,Maintenance-Ticketing,badge+pin,success,airport-terminal,0
IA003284,2026-06-11T20:58:44,STF1015,staff,Gate Services,Baggage-Handling-System,sso_mfa,success,airport-terminal,0
IA002675,2026-06-11T21:04:50,VND2030,vendor,Meridian Aircraft Maintenance,HR-Self-Service,badge+pin,success,vendor-remote-site,0
IA001583,2026-06-11T21:12:05,STF1084,staff,IT,Cargo-Manifest-System,badge+pin,success,airport-terminal,0
IA004464,2026-06-11T21:15:41,STF1100,staff,Engineering & Maintenance,Staff-VPN,sso_mfa,success,airport-terminal,0
IA005427,2026-06-11T21:25:18,VND2024,vendor,AeroFuel Solutions,Cargo-Manifest-System,badge+pin,success,airport-terminal,0
IA004501,2026-06-11T21:38:11,VND2013,vendor,Falcon Cargo Handling,Airfield-Ops-Portal,sso_password,fail,airport-terminal,0
IA000561,2026-06-11T21:48:41,VND2003,vendor,Falcon Cargo Handling,HR-Self-Service,sso_password,success,airport-terminal,0
IA001466,2026-06-11T23:17:05,STF1014,staff,Baggage Handling,HR-Self-Service,vpn_certificate,success,airport-terminal,0
IA005641,2026-06-11T23:33:00,STF1164,staff,Ground Operations,Staff-VPN,vpn_password,success,airport-terminal,1
IA000786,2026-06-11T23:34:43,STF1101,staff,Retail Concessions,HR-Self-Service,sso_mfa,success,airport-terminal,0
IA002220,2026-06-12T00:01:47,VND2014,vendor,AeroFuel Solutions,Baggage-Handling-System,sso_mfa,success,airport-terminal,0
IA005807,2026-06-12T01:00:30,STF1018,staff,Engineering & Maintenance,Baggage-Handling-System,vpn_password,success,airport-terminal,1
IA002194,2026-06-12T02:22:13,STF1108,staff,Security,Cargo-Manifest-System,badge+pin,success,airport-terminal,0
IA005024,2026-06-12T02:43:30,STF1072,staff,Retail Concessions,Baggage-Handling-System,sso_mfa,success,airport-terminal,0
IA006102,2026-06-12T02:46:18,STF1058,staff,Gate Services,Cargo-Manifest-System,badge+pin,success,airport-terminal,0
IA001556,2026-06-12T03:07:40,STF1045,staff,Baggage Handling,Retail-POS-Backend,sso_password,success,airport-terminal,0
IA001113,2026-06-12T03:32:39,STF1160,staff,Gate Services,Departure-Control-System,sso_password,success,airport-terminal,1
IA004727,2026-06-12T04:44:42,VND2033,vendor,Meridian Aircraft Maintenance,Departure-Control-System,vpn_password,fail,airport-terminal,1
IA001869,2026-06-12T04:49:18,STF1026,staff,Gate Services,Cargo-Manifest-System,badge+pin,success,airport-terminal,0
IA000095,2026-06-12T06:06:25,VND2001,vendor,Meridian Aircraft Maintenance,Baggage-Handling-System,sso_mfa,success,vendor-remote-site,0
IA002802,2026-06-12T06:19:03,VND2011,vendor,Falcon Cargo Handling,Staff-VPN,sso_password,success,airport-terminal,0
IA004454,2026-06-12T06:28:50,STF1125,staff,Retail Concessions,Airfield-Ops-Portal,vpn_certificate,success,airport-terminal,0
IA005470,2026-06-12T06:36:04,STF1008,staff,Ground Operations,Maintenance-Ticketing,badge+pin,success,airport-terminal,0
IA002464,2026-06-12T06:52:39,STF1151,staff,Baggage Handling,Cargo-Manifest-System,sso_password,success,airport-terminal,0
IA003660,2026-06-12T08:12:10,STF1135,staff,Security,Staff-VPN,vpn_password,success,airport-terminal,0
IA005441,2026-06-12T08:14:51,STF1088,staff,Ground Operations,Staff-VPN,badge+pin,success,airport-terminal,0
IA005671,2026-06-12T08:16:04,VND2011,vendor,Falcon Cargo Handling,Cargo-Manifest-System,badge+pin,success,airport-terminal,0
IA000047,2026-06-12T08:18:05,STF1110,staff,Security,Airfield-Ops-Portal,vpn_certificate,success,airport-terminal,0
IA005579,2026-06-12T08:24:20,STF1050,staff,Ground Operations,Staff-VPN,sso_password,success,airport-terminal,0
IA005058,2026-06-12T08:24:32,STF1106,staff,Retail Concessions,Departure-Control-System,sso_mfa,success,airport-terminal,0
IA001560,2026-06-12T08:27:08,VND2010,vendor,SkyLink Ground Services,HR-Self-Service,badge+pin,success,airport-terminal,0
IA003482,2026-06-12T08:37:17,STF1098,staff,Engineering & Maintenance,Staff-VPN,vpn_password,success,airport-terminal,1
IA001388,2026-06-12T08:38:31,STF1176,staff,Engineering & Maintenance,Departure-Control-System,vpn_password,success,airport-terminal,0
IA001666,2026-06-12T08:46:49,STF1070,staff,Ground Operations,Retail-POS-Backend,sso_mfa,success,airport-terminal,0
IA003608,2026-06-12T08:51:01,STF1043,staff,Cargo,Gate-Management-System,sso_mfa,success,airport-terminal,0
IA004899,2026-06-12T09:03:05,STF1119,staff,Baggage Handling,Retail-POS-Backend,sso_password,success,airport-terminal,0
IA004130,2026-06-12T09:03:51,STF1041,staff,Security,Gate-Management-System,badge+pin,fail,airport-terminal,0
IA002712,2026-06-12T09:04:20,VND2017,vendor,Horizon Cleaning Services,Cargo-Manifest-System,sso_password,success,airport-terminal,0
IA005342,2026-06-12T09:10:20,STF1076,staff,Baggage Handling,Staff-VPN,vpn_certificate,success,airport-terminal,0
IA003189,2026-06-12T09:11:42,STF1097,staff,Retail Concessions,Airfield-Ops-Portal,sso_password,success,airport-terminal,0
IA004035,2026-06-12T09:12:17,VND2032,vendor,AeroFuel Solutions,Maintenance-Ticketing,badge+pin,success,vendor-remote-site,0
IA001348,2026-06-12T09:18:58,STF1015,staff,Gate Services,Departure-Control-System,badge+pin,success,airport-terminal,0
IA001421,2026-06-12T09:20:05,STF1059,staff,IT,Cargo-Manifest-System,badge+pin,success,airport-terminal,0
IA005968,2026-06-12T09:31:57,VND2027,vendor,Meridian Aircraft Maintenance,HR-Self-Service,vpn_password,success,airport-terminal,0
IA002063,2026-06-12T09:34:36,STF1149,staff,Cargo,Baggage-Handling-System,vpn_password,fail,airport-terminal,1
IA001618,2026-06-12T09:42:02,STF1065,staff,Security,Baggage-Handling-System,sso_password,success,airport-terminal,0
IA000775,2026-06-12T09:47:42,STF1104,staff,Gate Services,Cargo-Manifest-System,vpn_certificate,fail,airport-terminal,0
IA003405,2026-06-12T09:58:39,STF1050,staff,Ground Operations,Retail-POS-Backend,sso_mfa,success,airport-terminal,0
IA002468,2026-06-12T10:08:12,STF1111,staff,Ground Operations,Baggage-Handling-System,badge+pin,success,airport-terminal,0
IA005531,2026-06-12T10:35:59,VND2033,vendor,Meridian Aircraft Maintenance,Staff-VPN,badge+pin,success,airport-terminal,0
IA001279,2026-06-12T10:38:21,STF1005,staff,Retail Concessions,Cargo-Manifest-System,vpn_certificate,success,airport-terminal,0
IA002766,2026-06-12T10:41:51,STF1085,staff,Gate Services,Retail-POS-Backend,vpn_password,success,airport-terminal,0
IA000483,2026-06-12T10:45:56,STF1166,staff,Baggage Handling,HR-Self-Service,badge+pin,success,airport-terminal,0
IA003298,2026-06-12T10:49:05,STF1106,staff,Retail Concessions,Baggage-Handling-System,sso_mfa,success,airport-terminal,0
IA005609,2026-06-12T10:52:05,VND2016,vendor,AeroFuel Solutions,Baggage-Handling-System,sso_password,success,airport-terminal,0
IA001516,2026-06-12T11:06:09,STF1061,staff,Ground Operations,Airfield-Ops-Portal,sso_password,success,airport-terminal,0
IA001295,2026-06-12T11:08:58,STF1015,staff,Gate Services,Airfield-Ops-Portal,sso_password,success,airport-terminal,0
IA006039,2026-06-12T11:11:12,VND2031,vendor,Meridian Aircraft Maintenance,Airfield-Ops-Portal,sso_password,success,vendor-remote-site,0
IA000774,2026-06-12T11:37:04,STF1060,staff,Retail Concessions,Airfield-Ops-Portal,badge+pin,success,airport-terminal,0
IA002333,2026-06-12T11:41:05,STF1026,staff,Gate Services,Retail-POS-Backend,sso_password,success,airport-terminal,0
IA003494,2026-06-12T11:41:41,STF1146,staff,Ground Operations,Gate-Management-System,sso_password,success,airport-terminal,0
IA001397,2026-06-12T11:55:18,VND2013,vendor,Falcon Cargo Handling,Baggage-Handling-System,sso_password,success,airport-terminal,0
IA002025,2026-06-12T11:57:14,STF1141,staff,Retail Concessions,Gate-Management-System,sso_password,fail,airport-terminal,0
IA004748,2026-06-12T12:07:43,VND2005,vendor,AeroFuel Solutions,Gate-Management-System,badge+pin,success,vendor-remote-site,0
IA001768,2026-06-12T12:09:22,STF1129,staff,Security,Maintenance-Ticketing,vpn_certificate,success,airport-terminal,0
IA000737,2026-06-12T12:14:32,STF1008,staff,Ground Operations,Gate-Management-System,vpn_password,success,airport-terminal,0
IA005706,2026-06-12T12:34:13,VND2011,vendor,Falcon Cargo Handling,Retail-POS-Backend,sso_password,success,airport-terminal,0
IA002459,2026-06-12T12:45:03,STF1140,staff,Engineering & Maintenance,Departure-Control-System,vpn_certificate,success,airport-terminal,0
IA004364,2026-06-12T12:54:31,STF1004,staff,IT,Departure-Control-System,sso_mfa,fail,airport-terminal,0
IA004656,2026-06-12T12:57:35,STF1006,staff,Retail Concessions,Gate-Management-System,badge+pin,success,airport-terminal,0
IA002116,2026-06-12T12:57:53,STF1097,staff,Retail Concessions,Cargo-Manifest-System,vpn_certificate,success,airport-terminal,0
IA000341,2026-06-12T13:00:46,STF1131,staff,Engineering & Maintenance,Maintenance-Ticketing,badge+pin,success,airport-terminal,0
IA002000,2026-06-12T13:10:35,STF1063,staff,Retail Concessions,Departure-Control-System,sso_mfa,success,airport-terminal,0
IA002301,2026-06-12T13:29:02,STF1078,staff,Baggage Handling,Gate-Management-System,vpn_password,fail,airport-terminal,0
IA004513,2026-06-12T13:34:57,STF1094,staff,IT,Baggage-Handling-System,badge+pin,success,airport-terminal,0
IA001465,2026-06-12T13:35:20,STF1020,staff,Ground Operations,Gate-Management-System,vpn_certificate,success,airport-terminal,0
IA003122,2026-06-12T13:35:43,STF1025,staff,Security,Maintenance-Ticketing,vpn_password,fail,airport-terminal,0
IA003726,2026-06-12T13:44:05,STF1038,staff,Retail Concessions,Baggage-Handling-System,vpn_certificate,success,airport-terminal,0
IA001030,2026-06-12T13:46:36,VND2005,vendor,AeroFuel Solutions,Airfield-Ops-Portal,vpn_password,success,vendor-remote-site,0
IA005493,2026-06-12T14:09:48,STF1171,staff,Retail Concessions,Departure-Control-System,badge+pin,success,airport-terminal,0
IA002257,2026-06-12T14:12:07,VND2031,vendor,Meridian Aircraft Maintenance,Departure-Control-System,badge+pin,success,airport-terminal,0
IA000415,2026-06-12T14:14:45,STF1160,staff,Gate Services,Maintenance-Ticketing,sso_password,success,airport-terminal,0
IA004716,2026-06-12T14:18:11,STF1062,staff,Gate Services,Gate-Management-System,vpn_password,success,airport-terminal,0
IA003933,2026-06-12T14:36:53,STF1004,staff,IT,Departure-Control-System,badge+pin,success,airport-terminal,0
IA004550,2026-06-12T14:48:22,STF1083,staff,Security,Retail-POS-Backend,badge+pin,success,airport-terminal,0
IA001313,2026-06-12T14:49:51,STF1157,staff,Gate Services,Airfield-Ops-Portal,sso_password,success,airport-terminal,0
IA001122,2026-06-12T15:09:20,VND2001,vendor,Meridian Aircraft Maintenance,Maintenance-Ticketing,badge+pin,fail,airport-terminal,0
IA003666,2026-06-12T15:09:22,VND2012,vendor,AeroFuel Solutions,HR-Self-Service,sso_mfa,success,vendor-remote-site,0
IA000319,2026-06-12T15:13:07,VND2007,vendor,SkyLink Ground Services,Staff-VPN,sso_password,success,airport-terminal,0
IA004609,2026-06-12T15:15:08,STF1022,staff,Ground Operations,Cargo-Manifest-System,sso_password,success,airport-terminal,0
IA000707,2026-06-12T15:19:37,VND2021,vendor,Falcon Cargo Handling,HR-Self-Service,sso_mfa,success,airport-terminal,0
IA002949,2026-06-12T15:20:03,STF1088,staff,Ground Operations,Cargo-Manifest-System,sso_password,success,airport-terminal,0
IA000398,2026-06-12T15:43:56,STF1136,staff,Baggage Handling,Baggage-Handling-System,badge+pin,success,airport-terminal,0
IA001042,2026-06-12T16:01:41,STF1019,staff,Cargo,Gate-Management-System,badge+pin,success,airport-terminal,0
IA002995,2026-06-12T16:11:03,STF1134,staff,Gate Services,HR-Self-Service,vpn_certificate,success,airport-terminal,0
IA001074,2026-06-12T16:18:01,STF1047,staff,Gate Services,Maintenance-Ticketing,badge+pin,success,airport-terminal,0
IA001783,2026-06-12T16:18:08,STF1123,staff,Baggage Handling,Cargo-Manifest-System,sso_mfa,success,airport-terminal,0
IA005414,2026-06-12T16:23:33,STF1155,staff,Cargo,Retail-POS-Backend,vpn_password,success,airport-terminal,0
IA000416,2026-06-12T16:24:50,STF1047,staff,Gate Services,Retail-POS-Backend,sso_password,success,airport-terminal,0
IA001804,2026-06-12T16:26:41,STF1083,staff,Security,Airfield-Ops-Portal,badge+pin,success,airport-terminal,0
IA001065,2026-06-12T16:26:44,STF1146,staff,Ground Operations,HR-Self-Service,badge+pin,success,airport-terminal,0
IA000600,2026-06-12T16:35:07,STF1085,staff,Gate Services,HR-Self-Service,badge+pin,success,airport-terminal,0
IA004087,2026-06-12T16:44:37,STF1095,staff,Retail Concessions,Baggage-Handling-System,sso_password,success,airport-terminal,0
IA005683,2026-06-12T16:48:54,STF1030,staff,Baggage Handling,Staff-VPN,vpn_certificate,success,airport-terminal,0
IA001753,2026-06-12T17:06:32,STF1041,staff,Security,Baggage-Handling-System,badge+pin,success,airport-terminal,0
IA005658,2026-06-12T17:12:55,STF1179,staff,Baggage Handling,Gate-Management-System,vpn_password,success,airport-terminal,0
IA006152,2026-06-12T17:25:56,STF1161,staff,Ground Operations,Gate-Management-System,badge+pin,success,airport-terminal,0
IA000635,2026-06-12T17:28:33,VND2028,vendor,Horizon Cleaning Services,Maintenance-Ticketing,badge+pin,success,vendor-remote-site,0
IA000839,2026-06-12T17:29:19,STF1017,staff,Gate Services,Cargo-Manifest-System,sso_password,success,airport-terminal,0
IA005973,2026-06-12T17:58:02,VND2032,vendor,AeroFuel Solutions,Maintenance-Ticketing,badge+pin,success,airport-terminal,0
IA002380,2026-06-12T18:05:38,STF1027,staff,Baggage Handling,Maintenance-Ticketing,badge+pin,success,airport-terminal,0
IA001520,2026-06-12T18:11:35,STF1051,staff,Retail Concessions,Staff-VPN,badge+pin,success,airport-terminal,0
IA004551,2026-06-12T18:12:28,STF1077,staff,Gate Services,Staff-VPN,sso_password,success,airport-terminal,0
IA003277,2026-06-12T18:25:06,STF1125,staff,Retail Concessions,Retail-POS-Backend,sso_password,success,airport-terminal,0
IA005822,2026-06-12T18:32:08,STF1150,staff,IT,Staff-VPN,sso_password,success,airport-terminal,0
IA003456,2026-06-12T18:32:39,VND2021,vendor,Falcon Cargo Handling,Baggage-Handling-System,badge+pin,success,vendor-remote-site,0
IA005448,2026-06-12T18:34:12,STF1089,staff,Retail Concessions,HR-Self-Service,badge+pin,success,airport-terminal,0
IA001571,2026-06-12T18:35:53,VND2024,vendor,AeroFuel Solutions,Cargo-Manifest-System,badge+pin,success,vendor-remote-site,0
IA001681,2026-06-12T18:35:59,VND2016,vendor,AeroFuel Solutions,Staff-VPN,vpn_password,success,vendor-remote-site,0
IA004877,2026-06-12T18:36:55,STF1145,staff,Ground Operations,Gate-Management-System,sso_mfa,success,airport-terminal,0
IA000616,2026-06-12T18:38:10,VND2025,vendor,SkyLink Ground Services,Cargo-Manifest-System,sso_mfa,success,vendor-remote-site,0
IA001121,2026-06-12T18:39:05,VND2028,vendor,Horizon Cleaning Services,Retail-POS-Backend,sso_password,success,vendor-remote-site,0
IA001957,2026-06-12T18:39:37,STF1037,staff,Engineering & Maintenance,Retail-POS-Backend,sso_mfa,success,airport-terminal,0
IA003181,2026-06-12T18:46:20,STF1168,staff,Gate Services,Cargo-Manifest-System,badge+pin,success,airport-terminal,0
IA002018,2026-06-12T18:52:01,STF1114,staff,Gate Services,Airfield-Ops-Portal,vpn_certificate,success,airport-terminal,0
IA000070,2026-06-12T18:52:06,STF1045,staff,Baggage Handling,Gate-Management-System,badge+pin,success,airport-terminal,0
IA003845,2026-06-12T19:02:57,STF1169,staff,Ground Operations,Airfield-Ops-Portal,sso_password,success,airport-terminal,0
IA002293,2026-06-12T19:17:10,VND2007,vendor,SkyLink Ground Services,Departure-Control-System,badge+pin,success,airport-terminal,0
IA003157,2026-06-12T19:30:02,STF1077,staff,Gate Services,Departure-Control-System,sso_mfa,success,airport-terminal,0
IA002669,2026-06-12T19:38:26,STF1169,staff,Ground Operations,Staff-VPN,badge+pin,success,airport-terminal,0
IA003086,2026-06-12T19:42:08,STF1151,staff,Baggage Handling,Cargo-Manifest-System,badge+pin,success,airport-terminal,0
IA002523,2026-06-12T19:51:48,VND2001,vendor,Meridian Aircraft Maintenance,HR-Self-Service,vpn_password,success,vendor-remote-site,0
IA005242,2026-06-12T19:55:02,VND2010,vendor,SkyLink Ground Services,Baggage-Handling-System,vpn_password,success,vendor-remote-site,0
IA005723,2026-06-12T20:00:49,VND2004,vendor,Falcon Cargo Handling,Departure-Control-System,sso_password,success,airport-terminal,0
IA004200,2026-06-12T20:04:55,STF1024,staff,Retail Concessions,Maintenance-Ticketing,sso_password,success,airport-terminal,0
IA003229,2026-06-12T20:15:40,STF1053,staff,Ground Operations,Departure-Control-System,vpn_password,success,airport-terminal,0
IA004537,2026-06-12T20:17:41,STF1060,staff,Retail Concessions,Baggage-Handling-System,sso_password,success,airport-terminal,0
IA001802,2026-06-12T20:37:54,STF1160,staff,Gate Services,Cargo-Manifest-System,sso_mfa,fail,airport-terminal,0
IA003725,2026-06-12T20:42:29,STF1144,staff,Security,Airfield-Ops-Portal,vpn_certificate,success,airport-terminal,0
IA001574,2026-06-12T20:56:11,STF1153,staff,Ground Operations,Retail-POS-Backend,sso_password,success,airport-terminal,0
IA000040,2026-06-12T21:02:50,STF1156,staff,Gate Services,Retail-POS-Backend,sso_password,success,airport-terminal,0
IA005597,2026-06-12T21:06:04,STF1123,staff,Baggage Handling,Gate-Management-System,vpn_certificate,fail,airport-terminal,0
IA005550,2026-06-12T21:10:06,STF1110,staff,Security,Retail-POS-Backend,sso_mfa,success,airport-terminal,0
IA004766,2026-06-12T21:15:19,STF1121,staff,Security,HR-Self-Service,sso_mfa,success,airport-terminal,0
IA004054,2026-06-12T21:24:19,VND2016,vendor,AeroFuel Solutions,Cargo-Manifest-System,vpn_certificate,success,airport-terminal,0
IA002970,2026-06-12T21:25:17,STF1027,staff,Baggage Handling,Cargo-Manifest-System,badge+pin,success,airport-terminal,0
IA001236,2026-06-12T21:25:32,STF1036,staff,Gate Services,Baggage-Handling-System,sso_mfa,success,airport-terminal,0
IA000322,2026-06-12T21:26:23,STF1123,staff,Baggage Handling,Baggage-Handling-System,sso_password,success,airport-terminal,0
IA003728,2026-06-12T21:26:53,STF1011,staff,Retail Concessions,Airfield-Ops-Portal,sso_password,success,airport-terminal,0
IA005795,2026-06-12T21:38:07,STF1140,staff,Engineering & Maintenance,HR-Self-Service,sso_mfa,success,airport-terminal,0
IA005836,2026-06-12T21:39:50,STF1026,staff,Gate Services,Baggage-Handling-System,badge+pin,success,airport-terminal,0
IA001638,2026-06-12T21:43:21,STF1079,staff,Security,Cargo-Manifest-System,badge+pin,success,airport-terminal,0
IA004714,2026-06-12T21:45:11,STF1039,staff,Engineering & Maintenance,HR-Self-Service,sso_mfa,success,airport-terminal,0
IA003606,2026-06-12T21:55:40,STF1034,staff,Ground Operations,Gate-Management-System,badge+pin,success,airport-terminal,0
IA004127,2026-06-12T21:59:00,STF1088,staff,Ground Operations,Gate-Management-System,badge+pin,success,airport-terminal,0
IA003811,2026-06-12T23:43:35,VND2033,vendor,Meridian Aircraft Maintenance,Baggage-Handling-System,vpn_password,fail,airport-terminal,1
IA001390,2026-06-13T00:05:05,STF1141,staff,Retail Concessions,Departure-Control-System,vpn_password,success,airport-terminal,0
IA005272,2026-06-13T00:08:47,STF1106,staff,Retail Concessions,Airfield-Ops-Portal,vpn_password,success,airport-terminal,0
IA002593,2026-06-13T00:46:09,STF1004,staff,IT,Gate-Management-System,badge+pin,success,airport-terminal,0
IA004788,2026-06-13T01:12:20,VND2016,vendor,AeroFuel Solutions,Maintenance-Ticketing,sso_password,success,vendor-remote-site,0
IA003918,2026-06-13T02:03:37,STF1169,staff,Ground Operations,Departure-Control-System,vpn_password,success,airport-terminal,1
IA005349,2026-06-13T02:05:23,STF1119,staff,Baggage Handling,Gate-Management-System,badge+pin,success,airport-terminal,0
IA000554,2026-06-13T02:23:21,STF1148,staff,Cargo,Retail-POS-Backend,sso_mfa,fail,airport-terminal,0
IA005186,2026-06-13T06:02:58,STF1053,staff,Ground Operations,Cargo-Manifest-System,sso_password,success,airport-terminal,0
IA000627,2026-06-13T06:03:14,STF1105,staff,Baggage Handling,Cargo-Manifest-System,sso_password,success,airport-terminal,0
IA002572,2026-06-13T06:06:45,STF1025,staff,Security,Retail-POS-Backend,sso_password,success,airport-terminal,0
IA004938,2026-06-13T06:19:05,STF1107,staff,Baggage Handling,HR-Self-Service,badge+pin,success,airport-terminal,0
IA003158,2026-06-13T06:25:30,STF1168,staff,Gate Services,Retail-POS-Backend,vpn_certificate,success,airport-terminal,0
IA004660,2026-06-13T06:26:19,STF1098,staff,Engineering & Maintenance,Retail-POS-Backend,sso_password,success,airport-terminal,0
IA005105,2026-06-13T06:31:33,STF1102,staff,IT,Departure-Control-System,badge+pin,success,airport-terminal,0
IA002062,2026-06-13T06:32:09,STF1124,staff,Gate Services,Maintenance-Ticketing,vpn_password,success,airport-terminal,0
IA003823,2026-06-13T06:38:16,VND2000,vendor,SkyLink Ground Services,Cargo-Manifest-System,sso_password,fail,airport-terminal,0
IA005753,2026-06-13T06:52:28,STF1045,staff,Baggage Handling,Airfield-Ops-Portal,sso_mfa,success,airport-terminal,0
IA004955,2026-06-13T07:07:58,STF1175,staff,Ground Operations,Airfield-Ops-Portal,badge+pin,success,airport-terminal,0
IA003024,2026-06-13T07:11:32,STF1171,staff,Retail Concessions,Baggage-Handling-System,sso_password,fail,airport-terminal,0
IA000755,2026-06-13T07:12:33,STF1158,staff,Baggage Handling,HR-Self-Service,vpn_password,success,airport-terminal,0
IA005777,2026-06-13T07:16:52,VND2005,vendor,AeroFuel Solutions,Retail-POS-Backend,vpn_certificate,success,vendor-remote-site,0
IA000731,2026-06-13T07:20:36,STF1025,staff,Security,Airfield-Ops-Portal,badge+pin,success,airport-terminal,0
IA003809,2026-06-13T07:23:58,STF1119,staff,Baggage Handling,Maintenance-Ticketing,sso_password,success,airport-terminal,0
IA000208,2026-06-13T07:37:01,STF1158,staff,Baggage Handling,Staff-VPN,sso_password,success,airport-terminal,0
IA002310,2026-06-13T07:41:38,STF1133,staff,Baggage Handling,Staff-VPN,vpn_certificate,success,airport-terminal,0
IA005182,2026-06-13T07:42:40,STF1177,staff,IT,Cargo-Manifest-System,badge+pin,success,airport-terminal,0
IA005002,2026-06-13T07:46:53,VND2010,vendor,SkyLink Ground Services,Staff-VPN,badge+pin,success,airport-terminal,0
IA001019,2026-06-13T07:49:44,STF1087,staff,Ground Operations,Airfield-Ops-Portal,sso_mfa,success,airport-terminal,0
IA005305,2026-06-13T07:50:35,STF1048,staff,Retail Concessions,Gate-Management-System,badge+pin,fail,airport-terminal,0
IA001103,2026-06-13T08:01:53,STF1091,staff,IT,Baggage-Handling-System,vpn_password,success,airport-terminal,0
IA001044,2026-06-13T08:19:06,STF1084,staff,IT,Cargo-Manifest-System,sso_password,success,airport-terminal,0
IA006022,2026-06-13T08:19:31,STF1159,staff,Engineering & Maintenance,Airfield-Ops-Portal,sso_password,success,airport-terminal,0
IA004079,2026-06-13T08:22:58,VND2024,vendor,AeroFuel Solutions,Maintenance-Ticketing,sso_mfa,success,vendor-remote-site,0
IA005787,2026-06-13T08:41:28,STF1031,staff,Cargo,Departure-Control-System,vpn_certificate,success,airport-terminal,0
IA002398,2026-06-13T08:44:11,STF1125,staff,Retail Concessions,Gate-Management-System,badge+pin,success,airport-terminal,0
IA002778,2026-06-13T08:47:37,STF1050,staff,Ground Operations,Airfield-Ops-Portal,sso_mfa,success,airport-terminal,0
IA002724,2026-06-13T08:55:20,STF1101,staff,Retail Concessions,Cargo-Manifest-System,sso_mfa,fail,airport-terminal,0
IA002786,2026-06-13T09:00:53,STF1167,staff,Retail Concessions,Gate-Management-System,vpn_certificate,success,airport-terminal,0
IA000275,2026-06-13T09:14:48,STF1009,staff,Retail Concessions,Departure-Control-System,badge+pin,success,airport-terminal,0
IA003727,2026-06-13T09:39:57,VND2034,vendor,SkyLink Ground Services,Baggage-Handling-System,sso_mfa,success,vendor-remote-site,0
IA005757,2026-06-13T09:52:11,STF1117,staff,IT,Cargo-Manifest-System,badge+pin,success,airport-terminal,0
IA002348,2026-06-13T09:57:38,STF1118,staff,Engineering & Maintenance,Maintenance-Ticketing,sso_mfa,success,airport-terminal,0
IA004196,2026-06-13T09:59:23,VND2028,vendor,Horizon Cleaning Services,Retail-POS-Backend,badge+pin,success,vendor-remote-site,0
IA003975,2026-06-13T10:11:56,VND2012,vendor,AeroFuel Solutions,Baggage-Handling-System,vpn_password,success,vendor-remote-site,0
IA005303,2026-06-13T10:12:17,STF1084,staff,IT,Baggage-Handling-System,sso_mfa,success,airport-terminal,0
IA004759,2026-06-13T10:16:01,STF1000,staff,Ground Operations,Maintenance-Ticketing,sso_mfa,success,airport-terminal,0
IA000993,2026-06-13T10:29:41,STF1056,staff,IT,Retail-POS-Backend,sso_mfa,success,airport-terminal,0
IA002888,2026-06-13T10:41:26,VND2025,vendor,SkyLink Ground Services,Retail-POS-Backend,badge+pin,success,vendor-remote-site,0
IA002771,2026-06-13T10:44:23,VND2016,vendor,AeroFuel Solutions,Cargo-Manifest-System,vpn_certificate,success,vendor-remote-site,0
IA001709,2026-06-13T10:49:11,STF1157,staff,Gate Services,Gate-Management-System,sso_password,success,airport-terminal,0
IA003945,2026-06-13T10:51:44,STF1094,staff,IT,Gate-Management-System,vpn_password,success,airport-terminal,0
IA004418,2026-06-13T10:52:38,STF1152,staff,Ground Operations,Maintenance-Ticketing,sso_password,success,airport-terminal,0
IA001020,2026-06-13T10:55:37,VND2016,vendor,AeroFuel Solutions,Maintenance-Ticketing,sso_password,success,airport-terminal,0
IA005243,2026-06-13T11:00:43,VND2003,vendor,Falcon Cargo Handling,Retail-POS-Backend,badge+pin,success,vendor-remote-site,0
IA005162,2026-06-13T11:08:00,VND2008,vendor,SkyLink Ground Services,Staff-VPN,sso_password,success,airport-terminal,0
IA002993,2026-06-13T11:08:38,STF1087,staff,Ground Operations,Departure-Control-System,badge+pin,success,airport-terminal,0
IA001688,2026-06-13T11:14:38,STF1058,staff,Gate Services,Airfield-Ops-Portal,sso_password,success,airport-terminal,0
IA001843,2026-06-13T11:23:59,STF1150,staff,IT,Retail-POS-Backend,vpn_certificate,success,airport-terminal,0
IA004497,2026-06-13T11:37:59,STF1007,staff,Baggage Handling,Retail-POS-Backend,sso_password,success,airport-terminal,0
IA005728,2026-06-13T11:45:08,STF1145,staff,Ground Operations,Maintenance-Ticketing,sso_mfa,success,airport-terminal,0
IA002125,2026-06-13T11:54:37,STF1120,staff,Engineering & Maintenance,Airfield-Ops-Portal,sso_password,success,airport-terminal,0
IA001399,2026-06-13T11:55:10,VND2021,vendor,Falcon Cargo Handling,Departure-Control-System,badge+pin,success,vendor-remote-site,0
IA006012,2026-06-13T11:57:42,STF1049,staff,Retail Concessions,Cargo-Manifest-System,vpn_password,success,airport-terminal,0
IA006110,2026-06-13T11:58:36,STF1104,staff,Gate Services,Maintenance-Ticketing,sso_mfa,success,airport-terminal,0
IA000738,2026-06-13T12:08:37,STF1066,staff,Retail Concessions,Gate-Management-System,badge+pin,success,airport-terminal,0
IA003757,2026-06-13T12:11:26,STF1141,staff,Retail Concessions,Staff-VPN,vpn_password,success,airport-terminal,0
IA002085,2026-06-13T12:12:17,STF1105,staff,Baggage Handling,Baggage-Handling-System,badge+pin,success,airport-terminal,0
IA005791,2026-06-13T12:34:12,STF1018,staff,Engineering & Maintenance,Staff-VPN,vpn_certificate,success,airport-terminal,0
IA005465,2026-06-13T12:34:20,VND2007,vendor,SkyLink Ground Services,Departure-Control-System,badge+pin,success,vendor-remote-site,0
IA000523,2026-06-13T12:43:43,VND2030,vendor,Meridian Aircraft Maintenance,Staff-VPN,sso_password,success,airport-terminal,0
IA003797,2026-06-13T12:45:13,STF1045,staff,Baggage Handling,HR-Self-Service,badge+pin,success,airport-terminal,0
IA006177,2026-06-13T13:03:46,VND2016,vendor,AeroFuel Solutions,Staff-VPN,vpn_password,success,airport-terminal,0
IA001761,2026-06-13T13:04:00,STF1165,staff,Cargo,Gate-Management-System,badge+pin,success,airport-terminal,0
IA001264,2026-06-13T13:07:08,STF1103,staff,Retail Concessions,HR-Self-Service,sso_mfa,success,airport-terminal,0
IA004279,2026-06-13T13:18:44,VND2030,vendor,Meridian Aircraft Maintenance,Gate-Management-System,vpn_certificate,success,vendor-remote-site,0
IA004732,2026-06-13T13:21:20,STF1058,staff,Gate Services,HR-Self-Service,vpn_password,success,airport-terminal,0
IA004705,2026-06-13T13:26:13,STF1082,staff,Retail Concessions,HR-Self-Service,sso_password,success,airport-terminal,0
IA005784,2026-06-13T13:28:54,STF1116,staff,IT,Retail-POS-Backend,badge+pin,fail,airport-terminal,0
IA000419,2026-06-13T13:32:33,STF1136,staff,Baggage Handling,Retail-POS-Backend,vpn_certificate,success,airport-terminal,0
IA000893,2026-06-13T13:33:18,STF1068,staff,Ground Operations,Airfield-Ops-Portal,vpn_password,success,airport-terminal,0
IA000083,2026-06-13T13:34:09,STF1037,staff,Engineering & Maintenance,Departure-Control-System,vpn_password,success,airport-terminal,0
IA003884,2026-06-13T13:38:46,STF1124,staff,Gate Services,Retail-POS-Backend,sso_password,success,airport-terminal,0
IA005674,2026-06-13T13:48:14,VND2023,vendor,SkyLink Ground Services,HR-Self-Service,sso_password,success,vendor-remote-site,0
IA002376,2026-06-13T13:52:40,STF1058,staff,Gate Services,Airfield-Ops-Portal,badge+pin,success,airport-terminal,0
IA005464,2026-06-13T13:53:36,STF1148,staff,Cargo,HR-Self-Service,vpn_certificate,success,airport-terminal,0
IA002041,2026-06-13T14:21:24,STF1132,staff,Cargo,Cargo-Manifest-System,sso_password,success,airport-terminal,0
IA002510,2026-06-13T14:39:02,VND2017,vendor,Horizon Cleaning Services,Cargo-Manifest-System,sso_password,success,vendor-remote-site,0
IA002067,2026-06-13T14:53:50,STF1040,staff,Cargo,Maintenance-Ticketing,sso_mfa,fail,airport-terminal,0
IA003874,2026-06-13T15:08:49,STF1108,staff,Security,Airfield-Ops-Portal,badge+pin,success,airport-terminal,0
IA004404,2026-06-13T15:17:07,VND2021,vendor,Falcon Cargo Handling,Baggage-Handling-System,vpn_certificate,success,airport-terminal,0
IA003698,2026-06-13T15:24:53,STF1176,staff,Engineering & Maintenance,Departure-Control-System,vpn_certificate,success,airport-terminal,0
IA002961,2026-06-13T15:33:55,STF1169,staff,Ground Operations,Departure-Control-System,sso_mfa,success,airport-terminal,0
IA004316,2026-06-13T15:59:14,STF1103,staff,Retail Concessions,Baggage-Handling-System,sso_password,success,airport-terminal,0
IA000434,2026-06-13T16:05:25,STF1021,staff,Ground Operations,Baggage-Handling-System,sso_password,success,airport-terminal,0
IA001635,2026-06-13T16:14:36,STF1158,staff,Baggage Handling,Maintenance-Ticketing,badge+pin,success,airport-terminal,0
IA003463,2026-06-13T16:15:15,STF1011,staff,Retail Concessions,Gate-Management-System,badge+pin,success,airport-terminal,0
IA005057,2026-06-13T16:30:35,VND2024,vendor,AeroFuel Solutions,Departure-Control-System,sso_password,success,airport-terminal,0
IA005523,2026-06-13T16:34:16,VND2014,vendor,AeroFuel Solutions,Cargo-Manifest-System,sso_mfa,success,vendor-remote-site,0
IA005384,2026-06-13T16:38:01,VND2028,vendor,Horizon Cleaning Services,HR-Self-Service,sso_mfa,success,vendor-remote-site,0
IA000677,2026-06-13T17:02:56,STF1151,staff,Baggage Handling,Maintenance-Ticketing,sso_password,success,airport-terminal,0
IA002081,2026-06-13T17:05:26,STF1089,staff,Retail Concessions,Maintenance-Ticketing,badge+pin,success,airport-terminal,0
IA005295,2026-06-13T17:11:22,VND2001,vendor,Meridian Aircraft Maintenance,Gate-Management-System,vpn_certificate,success,airport-terminal,0
IA005682,2026-06-13T17:16:50,VND2009,vendor,Falcon Cargo Handling,Departure-Control-System,vpn_password,success,vendor-remote-site,0
IA003831,2026-06-13T17:18:15,STF1163,staff,Retail Concessions,Maintenance-Ticketing,sso_mfa,success,airport-terminal,0
IA005517,2026-06-13T17:42:50,STF1120,staff,Engineering & Maintenance,Cargo-Manifest-System,vpn_password,success,airport-terminal,0
IA004665,2026-06-13T17:43:50,STF1164,staff,Ground Operations,Gate-Management-System,sso_mfa,success,airport-terminal,0
IA004607,2026-06-13T17:45:26,STF1130,staff,Engineering & Maintenance,Staff-VPN,badge+pin,success,airport-terminal,0
IA005755,2026-06-13T17:56:05,VND2029,vendor,Horizon Cleaning Services,Gate-Management-System,badge+pin,success,airport-terminal,0
IA001183,2026-06-13T18:11:12,STF1114,staff,Gate Services,Gate-Management-System,badge+pin,success,airport-terminal,0
IA002250,2026-06-13T18:15:04,STF1037,staff,Engineering & Maintenance,Departure-Control-System,sso_password,success,airport-terminal,0
IA003009,2026-06-13T18:16:15,STF1099,staff,Baggage Handling,Maintenance-Ticketing,vpn_password,success,airport-terminal,0
IA004346,2026-06-13T18:17:40,STF1063,staff,Retail Concessions,Staff-VPN,sso_password,success,airport-terminal,0
IA005412,2026-06-13T18:46:59,STF1067,staff,IT,Gate-Management-System,vpn_password,success,airport-terminal,0
IA005262,2026-06-13T18:47:29,STF1116,staff,IT,Maintenance-Ticketing,vpn_certificate,fail,airport-terminal,0
IA000304,2026-06-13T19:05:36,VND2011,vendor,Falcon Cargo Handling,Staff-VPN,vpn_certificate,success,vendor-remote-site,0
IA000887,2026-06-13T19:37:59,STF1001,staff,Cargo,Baggage-Handling-System,sso_mfa,success,airport-terminal,0
IA003018,2026-06-13T19:38:42,STF1107,staff,Baggage Handling,Cargo-Manifest-System,sso_mfa,success,airport-terminal,0
IA001233,2026-06-13T19:43:13,VND2021,vendor,Falcon Cargo Handling,Cargo-Manifest-System,vpn_password,success,vendor-remote-site,0
IA002526,2026-06-13T20:09:12,STF1118,staff,Engineering & Maintenance,Departure-Control-System,sso_password,success,airport-terminal,0
IA004622,2026-06-13T20:16:52,STF1072,staff,Retail Concessions,Staff-VPN,badge+pin,success,airport-terminal,0
IA001114,2026-06-13T20:17:19,STF1134,staff,Gate Services,Gate-Management-System,sso_mfa,success,airport-terminal,0
IA001493,2026-06-13T20:21:51,VND2008,vendor,SkyLink Ground Services,Gate-Management-System,sso_password,success,vendor-remote-site,0
IA001937,2026-06-13T20:26:54,STF1136,staff,Baggage Handling,Maintenance-Ticketing,sso_mfa,success,airport-terminal,0
IA001484,2026-06-13T20:29:35,STF1114,staff,Gate Services,HR-Self-Service,badge+pin,success,airport-terminal,0
IA002854,2026-06-13T20:42:28,STF1151,staff,Baggage Handling,HR-Self-Service,sso_mfa,success,airport-terminal,0
IA001173,2026-06-13T20:42:42,STF1138,staff,Security,Airfield-Ops-Portal,badge+pin,success,airport-terminal,0
IA005054,2026-06-13T20:44:22,STF1031,staff,Cargo,Gate-Management-System,sso_mfa,success,airport-terminal,0
IA003562,2026-06-13T20:52:53,VND2003,vendor,Falcon Cargo Handling,Maintenance-Ticketing,badge+pin,success,vendor-remote-site,0
IA002674,2026-06-13T21:32:47,STF1094,staff,IT,Maintenance-Ticketing,sso_password,success,airport-terminal,0
IA005077,2026-06-13T21:33:00,STF1119,staff,Baggage Handling,Staff-VPN,vpn_password,success,airport-terminal,0
IA004764,2026-06-13T21:34:22,STF1069,staff,Baggage Handling,Baggage-Handling-System,sso_mfa,success,airport-terminal,0
IA001926,2026-06-13T21:43:00,STF1150,staff,IT,Maintenance-Ticketing,sso_password,success,airport-terminal,0
IA000300,2026-06-13T21:46:13,STF1170,staff,Baggage Handling,HR-Self-Service,vpn_certificate,success,airport-terminal,0
IA005114,2026-06-13T21:55:42,STF1027,staff,Baggage Handling,Staff-VPN,badge+pin,success,airport-terminal,0
IA005233,2026-06-13T21:56:04,STF1109,staff,IT,Cargo-Manifest-System,sso_password,fail,airport-terminal,0
IA002294,2026-06-13T23:18:34,STF1020,staff,Ground Operations,Retail-POS-Backend,vpn_password,success,airport-terminal,0
IA000072,2026-06-14T00:35:44,STF1056,staff,IT,HR-Self-Service,badge+pin,success,airport-terminal,0
IA000970,2026-06-14T00:39:08,STF1046,staff,Cargo,Maintenance-Ticketing,sso_password,success,airport-terminal,0
IA000194,2026-06-14T01:08:34,STF1076,staff,Baggage Handling,Baggage-Handling-System,sso_password,fail,airport-terminal,0
IA006040,2026-06-14T01:50:05,STF1169,staff,Ground Operations,Departure-Control-System,badge+pin,success,airport-terminal,0
IA006122,2026-06-14T03:06:26,STF1081,staff,Cargo,Staff-VPN,sso_mfa,success,airport-terminal,0
IA005160,2026-06-14T03:07:16,STF1078,staff,Baggage Handling,Baggage-Handling-System,sso_password,success,airport-terminal,0
IA003879,2026-06-14T03:55:01,STF1126,staff,IT,Baggage-Handling-System,sso_password,success,airport-terminal,0
IA004028,2026-06-14T04:30:51,STF1139,staff,Gate Services,Airfield-Ops-Portal,vpn_certificate,success,airport-terminal,0
IA001792,2026-06-14T04:42:49,VND2023,vendor,SkyLink Ground Services,Departure-Control-System,vpn_password,fail,vendor-remote-site,1
IA000999,2026-06-14T04:45:22,STF1073,staff,Gate Services,Maintenance-Ticketing,badge+pin,success,airport-terminal,0
IA000480,2026-06-14T04:51:14,VND2012,vendor,AeroFuel Solutions,Gate-Management-System,sso_password,success,vendor-remote-site,0
IA001978,2026-06-14T04:59:52,VND2010,vendor,SkyLink Ground Services,Gate-Management-System,vpn_password,success,airport-terminal,0
IA004898,2026-06-14T06:20:08,STF1131,staff,Engineering & Maintenance,Maintenance-Ticketing,sso_mfa,fail,airport-terminal,0
IA000032,2026-06-14T06:27:51,VND2009,vendor,Falcon Cargo Handling,Staff-VPN,sso_password,success,airport-terminal,0
IA002409,2026-06-14T06:36:49,STF1015,staff,Gate Services,Baggage-Handling-System,sso_password,fail,airport-terminal,0
IA005883,2026-06-14T06:41:45,STF1156,staff,Gate Services,Maintenance-Ticketing,vpn_certificate,success,airport-terminal,0
IA002533,2026-06-14T06:57:21,VND2019,vendor,Falcon Cargo Handling,Retail-POS-Backend,badge+pin,success,vendor-remote-site,0
IA001179,2026-06-14T07:12:16,STF1096,staff,Security,Airfield-Ops-Portal,sso_password,success,airport-terminal,0
IA000510,2026-06-14T07:13:05,STF1163,staff,Retail Concessions,Cargo-Manifest-System,badge+pin,success,airport-terminal,0
IA002316,2026-06-14T07:17:08,STF1026,staff,Gate Services,HR-Self-Service,vpn_password,success,airport-terminal,0
IA003559,2026-06-14T07:18:55,VND2004,vendor,Falcon Cargo Handling,Staff-VPN,sso_password,success,vendor-remote-site,0
IA002441,2026-06-14T07:19:06,STF1026,staff,Gate Services,Cargo-Manifest-System,sso_password,success,airport-terminal,0
IA001082,2026-06-14T07:38:49,VND2026,vendor,Horizon Cleaning Services,Gate-Management-System,sso_password,fail,vendor-remote-site,0
IA000578,2026-06-14T07:51:54,STF1140,staff,Engineering & Maintenance,Retail-POS-Backend,sso_password,success,airport-terminal,0
IA004291,2026-06-14T08:01:02,STF1106,staff,Retail Concessions,Cargo-Manifest-System,badge+pin,fail,airport-terminal,0
IA001070,2026-06-14T08:05:12,VND2031,vendor,Meridian Aircraft Maintenance,Staff-VPN,badge+pin,fail,airport-terminal,0
IA003850,2026-06-14T08:05:30,STF1062,staff,Gate Services,Retail-POS-Backend,sso_password,success,airport-terminal,0
IA001125,2026-06-14T08:12:48,STF1130,staff,Engineering & Maintenance,Staff-VPN,sso_password,success,airport-terminal,0
IA002984,2026-06-14T08:24:37,STF1032,staff,Security,Retail-POS-Backend,badge+pin,success,airport-terminal,0
IA001734,2026-06-14T08:25:43,STF1095,staff,Retail Concessions,Cargo-Manifest-System,badge+pin,success,airport-terminal,0
IA005102,2026-06-14T08:25:43,STF1174,staff,Ground Operations,Baggage-Handling-System,badge+pin,success,airport-terminal,0
IA002891,2026-06-14T08:29:26,STF1168,staff,Gate Services,HR-Self-Service,badge+pin,success,airport-terminal,0
IA005084,2026-06-14T08:39:27,VND2012,vendor,AeroFuel Solutions,Departure-Control-System,badge+pin,success,vendor-remote-site,0
IA005499,2026-06-14T08:48:24,STF1168,staff,Gate Services,Maintenance-Ticketing,badge+pin,success,airport-terminal,0
IA000045,2026-06-14T08:50:01,STF1158,staff,Baggage Handling,Maintenance-Ticketing,vpn_certificate,success,airport-terminal,0
IA003531,2026-06-14T08:54:50,STF1139,staff,Gate Services,Retail-POS-Backend,sso_password,success,airport-terminal,0
IA002718,2026-06-14T08:59:44,VND2005,vendor,AeroFuel Solutions,Baggage-Handling-System,sso_password,success,vendor-remote-site,0
IA002928,2026-06-14T09:07:49,STF1044,staff,Ground Operations,Staff-VPN,badge+pin,success,airport-terminal,0
IA004511,2026-06-14T09:15:19,STF1057,staff,Cargo,Departure-Control-System,badge+pin,success,airport-terminal,0
IA000172,2026-06-14T09:16:49,STF1019,staff,Cargo,Airfield-Ops-Portal,sso_password,success,airport-terminal,0
IA003695,2026-06-14T09:18:16,STF1165,staff,Cargo,Retail-POS-Backend,badge+pin,success,airport-terminal,0
IA003443,2026-06-14T09:18:21,VND2032,vendor,AeroFuel Solutions,Retail-POS-Backend,vpn_password,fail,airport-terminal,0
IA003337,2026-06-14T09:27:44,STF1116,staff,IT,Gate-Management-System,vpn_certificate,success,airport-terminal,0
IA001054,2026-06-14T09:29:09,STF1047,staff,Gate Services,Cargo-Manifest-System,sso_mfa,success,airport-terminal,0
IA002617,2026-06-14T09:33:29,STF1137,staff,Retail Concessions,Cargo-Manifest-System,sso_password,success,airport-terminal,0
IA004429,2026-06-14T09:34:38,STF1072,staff,Retail Concessions,Departure-Control-System,sso_mfa,success,airport-terminal,0
IA001568,2026-06-14T09:39:14,STF1056,staff,IT,Retail-POS-Backend,sso_mfa,success,airport-terminal,0
IA000992,2026-06-14T09:54:36,VND2002,vendor,Horizon Cleaning Services,Gate-Management-System,badge+pin,success,airport-terminal,0
IA006032,2026-06-14T10:18:08,STF1126,staff,IT,Airfield-Ops-Portal,vpn_certificate,success,airport-terminal,0
IA005690,2026-06-14T10:21:37,STF1106,staff,Retail Concessions,Airfield-Ops-Portal,sso_password,success,airport-terminal,0
IA003047,2026-06-14T10:34:11,VND2000,vendor,SkyLink Ground Services,Baggage-Handling-System,sso_mfa,success,vendor-remote-site,0
IA002068,2026-06-14T10:59:35,STF1148,staff,Cargo,HR-Self-Service,badge+pin,success,airport-terminal,0
IA003130,2026-06-14T10:59:58,VND2021,vendor,Falcon Cargo Handling,Retail-POS-Backend,badge+pin,success,vendor-remote-site,0
IA004440,2026-06-14T11:03:03,STF1000,staff,Ground Operations,Cargo-Manifest-System,sso_password,fail,airport-terminal,0
IA004645,2026-06-14T11:06:20,STF1110,staff,Security,Maintenance-Ticketing,vpn_certificate,success,airport-terminal,0
IA004641,2026-06-14T11:13:58,VND2006,vendor,Coastal Catering Co,Maintenance-Ticketing,badge+pin,success,airport-terminal,0
IA001276,2026-06-14T11:15:52,VND2032,vendor,AeroFuel Solutions,Retail-POS-Backend,sso_password,success,airport-terminal,0
IA003568,2026-06-14T11:28:58,STF1063,staff,Retail Concessions,Retail-POS-Backend,sso_password,success,airport-terminal,0
IA004304,2026-06-14T11:32:08,STF1169,staff,Ground Operations,Departure-Control-System,sso_password,success,airport-terminal,1
IA001411,2026-06-14T11:33:15,STF1164,staff,Ground Operations,Baggage-Handling-System,vpn_password,success,airport-terminal,1
IA002386,2026-06-14T11:44:39,STF1019,staff,Cargo,Retail-POS-Backend,badge+pin,success,airport-terminal,0
IA005660,2026-06-14T12:11:04,VND2011,vendor,Falcon Cargo Handling,Departure-Control-System,sso_mfa,success,airport-terminal,0
IA004755,2026-06-14T12:15:28,STF1036,staff,Gate Services,Departure-Control-System,sso_password,success,airport-terminal,0
IA001968,2026-06-14T12:26:03,STF1146,staff,Ground Operations,Staff-VPN,sso_password,success,airport-terminal,0
IA003155,2026-06-14T12:30:56,STF1063,staff,Retail Concessions,Departure-Control-System,vpn_password,success,airport-terminal,0
IA001956,2026-06-14T12:33:06,VND2006,vendor,Coastal Catering Co,Airfield-Ops-Portal,vpn_certificate,success,airport-terminal,0
IA002364,2026-06-14T12:36:29,STF1058,staff,Gate Services,Staff-VPN,sso_password,success,airport-terminal,0
IA003722,2026-06-14T12:42:04,STF1022,staff,Ground Operations,Baggage-Handling-System,sso_password,success,airport-terminal,0
IA005413,2026-06-14T12:51:48,STF1157,staff,Gate Services,Gate-Management-System,badge+pin,success,airport-terminal,0
IA003474,2026-06-14T12:57:09,VND2019,vendor,Falcon Cargo Handling,Gate-Management-System,sso_password,success,vendor-remote-site,0
IA005462,2026-06-14T13:07:02,VND2015,vendor,AeroFuel Solutions,Cargo-Manifest-System,sso_mfa,fail,airport-terminal,0
IA005939,2026-06-14T13:20:49,STF1099,staff,Baggage Handling,Maintenance-Ticketing,sso_mfa,success,airport-terminal,0
IA005877,2026-06-14T13:27:54,STF1175,staff,Ground Operations,Airfield-Ops-Portal,sso_mfa,success,airport-terminal,0
IA005885,2026-06-14T13:30:23,VND2006,vendor,Coastal Catering Co,HR-Self-Service,sso_mfa,success,airport-terminal,0
IA003362,2026-06-14T13:32:09,VND2003,vendor,Falcon Cargo Handling,Departure-Control-System,badge+pin,success,vendor-remote-site,0
IA004330,2026-06-14T13:33:56,VND2013,vendor,Falcon Cargo Handling,Gate-Management-System,sso_password,success,vendor-remote-site,0
IA003381,2026-06-14T13:34:48,STF1054,staff,Security,Retail-POS-Backend,sso_password,success,airport-terminal,0
IA002317,2026-06-14T13:38:20,STF1119,staff,Baggage Handling,Cargo-Manifest-System,sso_mfa,success,airport-terminal,0
IA001874,2026-06-14T13:38:31,VND2006,vendor,Coastal Catering Co,Airfield-Ops-Portal,sso_password,success,airport-terminal,0
IA004115,2026-06-14T13:46:58,STF1025,staff,Security,Gate-Management-System,badge+pin,success,airport-terminal,0
IA003455,2026-06-14T13:47:08,STF1174,staff,Ground Operations,Cargo-Manifest-System,badge+pin,success,airport-terminal,0
IA006078,2026-06-14T13:56:54,VND2024,vendor,AeroFuel Solutions,Cargo-Manifest-System,sso_password,success,airport-terminal,0
IA004577,2026-06-14T14:15:20,STF1006,staff,Retail Concessions,Maintenance-Ticketing,badge+pin,success,airport-terminal,0
IA005725,2026-06-14T14:17:22,STF1127,staff,Baggage Handling,Cargo-Manifest-System,vpn_password,success,airport-terminal,0
IA002248,2026-06-14T14:17:28,STF1089,staff,Retail Concessions,Cargo-Manifest-System,badge+pin,success,airport-terminal,0
IA005288,2026-06-14T14:19:39,STF1046,staff,Cargo,Airfield-Ops-Portal,badge+pin,success,airport-terminal,0
IA000218,2026-06-14T14:24:42,STF1097,staff,Retail Concessions,Retail-POS-Backend,vpn_certificate,success,airport-terminal,0
IA000805,2026-06-14T14:29:37,VND2007,vendor,SkyLink Ground Services,Retail-POS-Backend,sso_password,success,vendor-remote-site,0
IA003910,2026-06-14T14:31:49,STF1118,staff,Engineering & Maintenance,HR-Self-Service,badge+pin,success,airport-terminal,0
IA001215,2026-06-14T14:37:46,STF1141,staff,Retail Concessions,Cargo-Manifest-System,sso_mfa,success,airport-terminal,0
IA001888,2026-06-14T14:42:31,STF1012,staff,IT,Retail-POS-Backend,badge+pin,success,airport-terminal,0
IA003802,2026-06-14T14:54:30,STF1070,staff,Ground Operations,Gate-Management-System,sso_password,success,airport-terminal,0
IA002626,2026-06-14T14:58:43,STF1054,staff,Security,Cargo-Manifest-System,sso_mfa,success,airport-terminal,0
IA004139,2026-06-14T15:00:46,STF1070,staff,Ground Operations,Staff-VPN,badge+pin,success,airport-terminal,0
IA001259,2026-06-14T15:00:58,STF1020,staff,Ground Operations,HR-Self-Service,badge+pin,success,airport-terminal,0
IA003096,2026-06-14T15:10:40,STF1035,staff,Retail Concessions,Staff-VPN,sso_password,fail,airport-terminal,0
IA003956,2026-06-14T15:13:42,STF1075,staff,Gate Services,Baggage-Handling-System,sso_mfa,success,airport-terminal,0
IA005367,2026-06-14T15:22:28,STF1077,staff,Gate Services,Staff-VPN,sso_mfa,success,airport-terminal,0
IA002298,2026-06-14T15:23:49,STF1081,staff,Cargo,Departure-Control-System,sso_password,success,airport-terminal,0
IA001181,2026-06-14T15:29:44,STF1148,staff,Cargo,Maintenance-Ticketing,sso_password,success,airport-terminal,0
IA004879,2026-06-14T15:35:50,VND2015,vendor,AeroFuel Solutions,Baggage-Handling-System,vpn_password,success,airport-terminal,0
IA005751,2026-06-14T15:38:47,STF1174,staff,Ground Operations,Airfield-Ops-Portal,sso_password,success,airport-terminal,0
IA004187,2026-06-14T15:41:03,STF1178,staff,Engineering & Maintenance,Departure-Control-System,sso_mfa,success,airport-terminal,0
IA005792,2026-06-14T15:42:49,VND2026,vendor,Horizon Cleaning Services,HR-Self-Service,sso_password,success,vendor-remote-site,0
IA001342,2026-06-14T15:56:46,STF1044,staff,Ground Operations,Staff-VPN,badge+pin,success,airport-terminal,0
IA002218,2026-06-14T16:01:56,STF1025,staff,Security,Gate-Management-System,sso_mfa,success,airport-terminal,0
IA004447,2026-06-14T16:15:56,STF1173,staff,Baggage Handling,Gate-Management-System,sso_password,success,airport-terminal,0
IA001584,2026-06-14T16:15:59,STF1135,staff,Security,Airfield-Ops-Portal,sso_password,success,airport-terminal,0
IA002323,2026-06-14T16:17:15,VND2022,vendor,Falcon Cargo Handling,Maintenance-Ticketing,badge+pin,success,airport-terminal,0
IA005607,2026-06-14T16:27:26,STF1088,staff,Ground Operations,Gate-Management-System,sso_password,success,airport-terminal,0
IA001902,2026-06-14T16:29:18,STF1060,staff,Retail Concessions,Gate-Management-System,vpn_certificate,success,airport-terminal,0
IA003965,2026-06-14T16:34:22,STF1133,staff,Baggage Handling,HR-Self-Service,badge+pin,success,airport-terminal,0
IA005372,2026-06-14T16:36:13,STF1000,staff,Ground Operations,Cargo-Manifest-System,badge+pin,success,airport-terminal,0
IA002923,2026-06-14T16:36:30,VND2024,vendor,AeroFuel Solutions,HR-Self-Service,badge+pin,success,airport-terminal,0
IA003619,2026-06-14T16:47:51,STF1066,staff,Retail Concessions,Departure-Control-System,sso_password,success,airport-terminal,0
IA000576,2026-06-14T16:49:24,STF1140,staff,Engineering & Maintenance,Gate-Management-System,badge+pin,success,airport-terminal,0
IA003517,2026-06-14T16:52:46,STF1087,staff,Ground Operations,Staff-VPN,sso_password,success,airport-terminal,0
IA005087,2026-06-14T16:55:46,STF1102,staff,IT,Maintenance-Ticketing,badge+pin,success,airport-terminal,0
IA003257,2026-06-14T17:00:11,STF1070,staff,Ground Operations,Gate-Management-System,sso_mfa,success,airport-terminal,0
IA003060,2026-06-14T17:05:19,STF1001,staff,Cargo,Staff-VPN,vpn_certificate,success,airport-terminal,0
IA002199,2026-06-14T17:08:50,STF1071,staff,Cargo,Maintenance-Ticketing,badge+pin,success,airport-terminal,0
IA002354,2026-06-14T17:20:16,STF1125,staff,Retail Concessions,Airfield-Ops-Portal,vpn_certificate,success,airport-terminal,0
IA003795,2026-06-14T17:26:51,STF1107,staff,Baggage Handling,Gate-Management-System,sso_mfa,success,airport-terminal,0
IA004189,2026-06-14T17:53:47,VND2013,vendor,Falcon Cargo Handling,Maintenance-Ticketing,badge+pin,success,airport-terminal,0
IA001775,2026-06-14T18:04:27,STF1068,staff,Ground Operations,Cargo-Manifest-System,vpn_certificate,success,airport-terminal,0
IA003863,2026-06-14T18:06:16,STF1160,staff,Gate Services,Staff-VPN,vpn_password,success,airport-terminal,1
IA004843,2026-06-14T18:25:58,STF1091,staff,IT,Cargo-Manifest-System,sso_mfa,success,airport-terminal,0
IA005081,2026-06-14T18:29:24,VND2023,vendor,SkyLink Ground Services,Staff-VPN,vpn_password,success,vendor-remote-site,1
IA000548,2026-06-14T18:50:14,STF1069,staff,Baggage Handling,HR-Self-Service,badge+pin,success,airport-terminal,0
IA003586,2026-06-14T18:54:44,STF1146,staff,Ground Operations,Maintenance-Ticketing,sso_password,success,airport-terminal,0
IA001481,2026-06-14T18:57:53,STF1075,staff,Gate Services,Departure-Control-System,vpn_password,success,airport-terminal,0
IA003287,2026-06-14T19:06:21,STF1014,staff,Baggage Handling,Gate-Management-System,sso_password,success,airport-terminal,0
IA000543,2026-06-14T19:06:46,STF1032,staff,Security,Cargo-Manifest-System,badge+pin,success,airport-terminal,0
IA001092,2026-06-14T19:16:58,STF1030,staff,Baggage Handling,Departure-Control-System,badge+pin,success,airport-terminal,0
IA000263,2026-06-14T19:19:43,STF1115,staff,Engineering & Maintenance,Departure-Control-System,vpn_certificate,success,airport-terminal,0
IA004839,2026-06-14T19:29:35,STF1127,staff,Baggage Handling,Airfield-Ops-Portal,badge+pin,success,airport-terminal,0
IA005066,2026-06-14T19:42:35,STF1126,staff,IT,Retail-POS-Backend,badge+pin,success,airport-terminal,0
IA004381,2026-06-14T19:47:35,STF1045,staff,Baggage Handling,Retail-POS-Backend,badge+pin,success,airport-terminal,0
IA004061,2026-06-14T19:59:34,STF1112,staff,Cargo,Retail-POS-Backend,vpn_password,success,airport-terminal,0
IA005588,2026-06-14T19:59:55,STF1124,staff,Gate Services,Baggage-Handling-System,sso_password,success,airport-terminal,0
IA000116,2026-06-14T20:03:58,STF1149,staff,Cargo,Cargo-Manifest-System,sso_password,success,airport-terminal,0
IA005574,2026-06-14T20:07:24,STF1121,staff,Security,Baggage-Handling-System,sso_mfa,success,airport-terminal,0
IA001546,2026-06-14T20:08:36,STF1071,staff,Cargo,Gate-Management-System,sso_password,success,airport-terminal,0
IA001459,2026-06-14T20:27:44,STF1032,staff,Security,HR-Self-Service,sso_password,success,airport-terminal,0
IA003302,2026-06-14T20:33:28,STF1126,staff,IT,Departure-Control-System,badge+pin,success,airport-terminal,0
IA000497,2026-06-14T20:35:55,STF1055,staff,Cargo,Staff-VPN,sso_password,success,airport-terminal,0
IA000858,2026-06-14T20:40:39,STF1098,staff,Engineering & Maintenance,Retail-POS-Backend,sso_password,success,airport-terminal,0
IA006145,2026-06-14T20:59:18,STF1144,staff,Security,Baggage-Handling-System,sso_password,success,airport-terminal,0
IA000080,2026-06-14T21:00:53,STF1161,staff,Ground Operations,Airfield-Ops-Portal,sso_password,success,airport-terminal,0
IA000063,2026-06-14T21:03:54,VND2005,vendor,AeroFuel Solutions,Airfield-Ops-Portal,sso_password,success,airport-terminal,0
IA003514,2026-06-14T21:06:52,VND2015,vendor,AeroFuel Solutions,Staff-VPN,vpn_certificate,success,airport-terminal,0
IA005008,2026-06-14T21:07:29,VND2030,vendor,Meridian Aircraft Maintenance,Baggage-Handling-System,sso_mfa,success,airport-terminal,0
IA001518,2026-06-14T21:15:20,STF1168,staff,Gate Services,Departure-Control-System,vpn_password,success,airport-terminal,0
IA005025,2026-06-14T21:19:33,VND2033,vendor,Meridian Aircraft Maintenance,Departure-Control-System,sso_password,fail,airport-terminal,0
IA001358,2026-06-14T21:33:25,STF1173,staff,Baggage Handling,Airfield-Ops-Portal,badge+pin,success,airport-terminal,0
IA005319,2026-06-14T21:45:20,STF1032,staff,Security,Staff-VPN,vpn_password,success,airport-terminal,0
IA005819,2026-06-14T21:45:30,STF1170,staff,Baggage Handling,HR-Self-Service,sso_password,success,airport-terminal,0
IA004185,2026-06-14T21:57:45,STF1069,staff,Baggage Handling,Departure-Control-System,badge+pin,success,airport-terminal,0
IA000824,2026-06-14T23:33:27,STF1126,staff,IT,Departure-Control-System,sso_mfa,success,airport-terminal,0
IA002892,2026-06-14T23:53:29,STF1154,staff,Ground Operations,Maintenance-Ticketing,sso_password,success,airport-terminal,0
IA004014,2026-06-15T01:02:45,STF1144,staff,Security,HR-Self-Service,badge+pin,success,airport-terminal,0
IA002453,2026-06-15T01:41:34,VND2010,vendor,SkyLink Ground Services,Gate-Management-System,badge+pin,success,airport-terminal,0
IA004801,2026-06-15T01:44:39,VND2004,vendor,Falcon Cargo Handling,Baggage-Handling-System,sso_password,success,vendor-remote-site,0
IA001476,2026-06-15T01:52:17,STF1163,staff,Retail Concessions,Gate-Management-System,badge+pin,success,airport-terminal,0
IA001120,2026-06-15T01:58:11,STF1106,staff,Retail Concessions,Gate-Management-System,badge+pin,success,airport-terminal,0
IA002274,2026-06-15T02:09:25,VND2015,vendor,AeroFuel Solutions,HR-Self-Service,badge+pin,success,airport-terminal,0
IA003368,2026-06-15T02:33:03,STF1082,staff,Retail Concessions,Baggage-Handling-System,badge+pin,success,airport-terminal,0
IA002356,2026-06-15T03:02:41,STF1160,staff,Gate Services,Staff-VPN,vpn_password,success,airport-terminal,1
IA005193,2026-06-15T04:32:02,VND2015,vendor,AeroFuel Solutions,Cargo-Manifest-System,sso_mfa,success,vendor-remote-site,0
IA002585,2026-06-15T04:37:21,STF1090,staff,Engineering & Maintenance,Departure-Control-System,sso_mfa,success,airport-terminal,0
IA003687,2026-06-15T06:05:30,STF1151,staff,Baggage Handling,Gate-Management-System,sso_mfa,success,airport-terminal,0
IA000401,2026-06-15T06:07:05,STF1142,staff,Gate Services,Departure-Control-System,sso_mfa,success,airport-terminal,0
IA003041,2026-06-15T06:09:17,STF1064,staff,Cargo,Airfield-Ops-Portal,vpn_password,success,airport-terminal,0
IA002508,2026-06-15T06:09:48,STF1052,staff,Cargo,Retail-POS-Backend,sso_mfa,success,airport-terminal,0
IA003002,2026-06-15T06:21:26,STF1070,staff,Ground Operations,Departure-Control-System,vpn_password,success,airport-terminal,0
IA003121,2026-06-15T06:28:29,STF1103,staff,Retail Concessions,Cargo-Manifest-System,vpn_certificate,success,airport-terminal,0
IA002901,2026-06-15T06:35:46,VND2005,vendor,AeroFuel Solutions,Gate-Management-System,sso_mfa,success,vendor-remote-site,0
IA005835,2026-06-15T06:37:53,STF1162,staff,Ground Operations,Staff-VPN,sso_mfa,success,airport-terminal,0
IA004707,2026-06-15T06:46:49,STF1034,staff,Ground Operations,HR-Self-Service,sso_mfa,success,airport-terminal,0
IA002507,2026-06-15T06:50:00,STF1171,staff,Retail Concessions,Departure-Control-System,sso_password,success,airport-terminal,0
IA004975,2026-06-15T06:55:57,STF1143,staff,Engineering & Maintenance,Maintenance-Ticketing,vpn_certificate,success,airport-terminal,0
IA001540,2026-06-15T06:56:24,STF1000,staff,Ground Operations,Airfield-Ops-Portal,vpn_certificate,success,airport-terminal,0
IA001383,2026-06-15T06:56:31,VND2000,vendor,SkyLink Ground Services,HR-Self-Service,vpn_certificate,success,airport-terminal,0
IA005815,2026-06-15T07:00:41,STF1040,staff,Cargo,HR-Self-Service,vpn_certificate,success,airport-terminal,0
IA001579,2026-06-15T07:18:26,STF1147,staff,Ground Operations,Staff-VPN,badge+pin,success,airport-terminal,0
IA004920,2026-06-15T07:24:55,STF1072,staff,Retail Concessions,Airfield-Ops-Portal,sso_mfa,success,airport-terminal,0
IA001454,2026-06-15T07:28:40,STF1120,staff,Engineering & Maintenance,Baggage-Handling-System,sso_password,success,airport-terminal,0
IA005013,2026-06-15T07:38:15,STF1015,staff,Gate Services,HR-Self-Service,badge+pin,success,airport-terminal,0
IA004172,2026-06-15T07:43:09,STF1048,staff,Retail Concessions,Gate-Management-System,sso_mfa,success,airport-terminal,0
IA003328,2026-06-15T07:46:05,STF1137,staff,Retail Concessions,Maintenance-Ticketing,sso_mfa,success,airport-terminal,0
IA005385,2026-06-15T08:39:11,STF1136,staff,Baggage Handling,Airfield-Ops-Portal,badge+pin,success,airport-terminal,0
IA005326,2026-06-15T08:42:20,VND2007,vendor,SkyLink Ground Services,Departure-Control-System,badge+pin,success,airport-terminal,0
IA003196,2026-06-15T08:46:59,VND2017,vendor,Horizon Cleaning Services,Staff-VPN,badge+pin,success,airport-terminal,0
IA001216,2026-06-15T08:50:39,STF1163,staff,Retail Concessions,HR-Self-Service,sso_mfa,success,airport-terminal,0
IA004626,2026-06-15T09:01:20,STF1100,staff,Engineering & Maintenance,Baggage-Handling-System,sso_password,success,airport-terminal,0
IA004095,2026-06-15T09:07:56,VND2004,vendor,Falcon Cargo Handling,HR-Self-Service,sso_password,success,vendor-remote-site,0
IA005724,2026-06-15T09:11:47,VND2016,vendor,AeroFuel Solutions,Airfield-Ops-Portal,sso_password,success,vendor-remote-site,0
IA000338,2026-06-15T09:17:20,STF1033,staff,Retail Concessions,Departure-Control-System,vpn_password,success,airport-terminal,0
IA001669,2026-06-15T10:21:45,VND2019,vendor,Falcon Cargo Handling,Maintenance-Ticketing,vpn_certificate,success,vendor-remote-site,0
IA004772,2026-06-15T10:33:08,STF1028,staff,IT,Baggage-Handling-System,sso_password,success,airport-terminal,0
IA004159,2026-06-15T10:39:50,VND2024,vendor,AeroFuel Solutions,Airfield-Ops-Portal,sso_password,success,airport-terminal,0
IA000931,2026-06-15T10:40:27,VND2002,vendor,Horizon Cleaning Services,Gate-Management-System,vpn_password,success,airport-terminal,0
IA005736,2026-06-15T11:12:44,VND2031,vendor,Meridian Aircraft Maintenance,Gate-Management-System,badge+pin,success,vendor-remote-site,0
IA005989,2026-06-15T11:14:02,VND2010,vendor,SkyLink Ground Services,Staff-VPN,badge+pin,success,vendor-remote-site,0
IA002073,2026-06-15T11:25:22,STF1163,staff,Retail Concessions,Gate-Management-System,vpn_certificate,success,airport-terminal,0
IA000558,2026-06-15T11:27:44,VND2018,vendor,Falcon Cargo Handling,Staff-VPN,badge+pin,success,airport-terminal,0
IA003749,2026-06-15T11:46:23,STF1173,staff,Baggage Handling,HR-Self-Service,sso_mfa,success,airport-terminal,0
IA003549,2026-06-15T11:50:57,STF1140,staff,Engineering & Maintenance,Gate-Management-System,badge+pin,success,airport-terminal,0
IA002184,2026-06-15T12:07:14,STF1004,staff,IT,Retail-POS-Backend,vpn_certificate,success,airport-terminal,0
IA005897,2026-06-15T12:08:36,VND2007,vendor,SkyLink Ground Services,Airfield-Ops-Portal,sso_password,success,airport-terminal,0
IA005390,2026-06-15T12:32:57,VND2030,vendor,Meridian Aircraft Maintenance,Retail-POS-Backend,vpn_certificate,success,vendor-remote-site,0
IA004073,2026-06-15T12:36:54,STF1045,staff,Baggage Handling,Retail-POS-Backend,vpn_password,success,airport-terminal,0
IA001743,2026-06-15T12:39:30,STF1143,staff,Engineering & Maintenance,Airfield-Ops-Portal,vpn_certificate,success,airport-terminal,0
IA002819,2026-06-15T12:40:28,STF1162,staff,Ground Operations,Departure-Control-System,sso_mfa,success,airport-terminal,0
IA002425,2026-06-15T12:42:25,VND2023,vendor,SkyLink Ground Services,Airfield-Ops-Portal,sso_password,success,vendor-remote-site,0
IA005424,2026-06-15T12:46:55,STF1002,staff,Ground Operations,Departure-Control-System,badge+pin,success,airport-terminal,0
IA002890,2026-06-15T12:48:58,STF1014,staff,Baggage Handling,Airfield-Ops-Portal,vpn_certificate,success,airport-terminal,0
IA006023,2026-06-15T12:54:33,STF1055,staff,Cargo,Retail-POS-Backend,badge+pin,success,airport-terminal,0
IA004369,2026-06-15T13:06:18,STF1070,staff,Ground Operations,Retail-POS-Backend,vpn_certificate,success,airport-terminal,0
IA000655,2026-06-15T13:09:40,VND2016,vendor,AeroFuel Solutions,HR-Self-Service,badge+pin,success,vendor-remote-site,0
IA003051,2026-06-15T13:19:57,STF1044,staff,Ground Operations,Cargo-Manifest-System,sso_mfa,success,airport-terminal,0
IA001769,2026-06-15T13:21:17,VND2022,vendor,Falcon Cargo Handling,Cargo-Manifest-System,vpn_certificate,success,vendor-remote-site,0
IA003891,2026-06-15T13:21:55,STF1129,staff,Security,Retail-POS-Backend,sso_password,success,airport-terminal,0
IA001384,2026-06-15T13:30:17,STF1170,staff,Baggage Handling,Staff-VPN,sso_password,success,airport-terminal,0
IA005290,2026-06-15T13:42:41,STF1142,staff,Gate Services,Departure-Control-System,badge+pin,success,airport-terminal,0
IA003595,2026-06-15T14:01:53,STF1168,staff,Gate Services,Departure-Control-System,sso_password,success,airport-terminal,0
IA003072,2026-06-15T14:09:10,STF1153,staff,Ground Operations,Departure-Control-System,sso_password,success,airport-terminal,0
IA005767,2026-06-15T14:20:52,STF1001,staff,Cargo,Gate-Management-System,vpn_password,success,airport-terminal,0
IA005163,2026-06-15T14:25:52,STF1105,staff,Baggage Handling,Airfield-Ops-Portal,sso_password,success,airport-terminal,0
IA006188,2026-06-15T14:26:10,VND2026,vendor,Horizon Cleaning Services,HR-Self-Service,sso_mfa,success,vendor-remote-site,0
IA002083,2026-06-15T14:32:38,STF1019,staff,Cargo,Departure-Control-System,badge+pin,success,airport-terminal,0
IA005296,2026-06-15T14:33:19,STF1109,staff,IT,Retail-POS-Backend,sso_password,success,airport-terminal,0
IA003872,2026-06-15T14:34:40,VND2014,vendor,AeroFuel Solutions,Staff-VPN,sso_password,success,airport-terminal,0
IA004984,2026-06-15T14:39:38,STF1125,staff,Retail Concessions,Cargo-Manifest-System,sso_password,success,airport-terminal,0
IA000575,2026-06-15T14:46:51,STF1042,staff,Retail Concessions,Cargo-Manifest-System,vpn_certificate,success,airport-terminal,0
IA001854,2026-06-15T14:51:24,VND2009,vendor,Falcon Cargo Handling,Staff-VPN,sso_password,success,vendor-remote-site,0
IA001851,2026-06-15T15:02:17,VND2008,vendor,SkyLink Ground Services,Gate-Management-System,sso_mfa,fail,vendor-remote-site,0
IA001467,2026-06-15T15:57:15,STF1154,staff,Ground Operations,Staff-VPN,badge+pin,success,airport-terminal,0
IA005802,2026-06-15T16:01:57,STF1169,staff,Ground Operations,Airfield-Ops-Portal,badge+pin,success,airport-terminal,0
IA001573,2026-06-15T16:03:09,STF1079,staff,Security,Staff-VPN,sso_mfa,success,airport-terminal,0
IA003835,2026-06-15T16:06:23,STF1067,staff,IT,Staff-VPN,sso_mfa,success,airport-terminal,0
IA003648,2026-06-15T16:37:05,STF1105,staff,Baggage Handling,Baggage-Handling-System,badge+pin,success,airport-terminal,0
IA002053,2026-06-15T16:52:27,STF1125,staff,Retail Concessions,Departure-Control-System,sso_password,fail,airport-terminal,0
IA006091,2026-06-15T16:54:25,STF1075,staff,Gate Services,Maintenance-Ticketing,sso_password,success,airport-terminal,0
IA006083,2026-06-15T16:57:09,VND2005,vendor,AeroFuel Solutions,HR-Self-Service,sso_password,success,airport-terminal,0
IA001416,2026-06-15T16:58:16,STF1077,staff,Gate Services,Airfield-Ops-Portal,sso_password,success,airport-terminal,0
IA002927,2026-06-15T17:14:29,VND2012,vendor,AeroFuel Solutions,Cargo-Manifest-System,vpn_password,success,vendor-remote-site,0
IA004615,2026-06-15T17:15:49,STF1126,staff,IT,Maintenance-Ticketing,badge+pin,success,airport-terminal,0
IA002093,2026-06-15T17:34:09,STF1178,staff,Engineering & Maintenance,HR-Self-Service,vpn_password,success,airport-terminal,0
IA004357,2026-06-15T17:40:43,STF1093,staff,Retail Concessions,Airfield-Ops-Portal,sso_password,success,airport-terminal,0
IA001941,2026-06-15T17:43:31,STF1100,staff,Engineering & Maintenance,Gate-Management-System,sso_mfa,success,airport-terminal,0
IA004432,2026-06-15T17:46:39,VND2006,vendor,Coastal Catering Co,HR-Self-Service,badge+pin,success,airport-terminal,0
IA002824,2026-06-15T17:49:39,STF1048,staff,Retail Concessions,Airfield-Ops-Portal,sso_password,success,airport-terminal,0
IA002486,2026-06-15T17:55:14,STF1039,staff,Engineering & Maintenance,HR-Self-Service,vpn_certificate,success,airport-terminal,0
IA004914,2026-06-15T17:58:10,STF1161,staff,Ground Operations,Departure-Control-System,sso_mfa,success,airport-terminal,0
IA004935,2026-06-15T18:13:15,STF1159,staff,Engineering & Maintenance,Baggage-Handling-System,sso_mfa,success,airport-terminal,0
IA002339,2026-06-15T18:13:16,STF1068,staff,Ground Operations,Maintenance-Ticketing,vpn_password,success,airport-terminal,0
IA004039,2026-06-15T18:17:47,STF1112,staff,Cargo,Airfield-Ops-Portal,badge+pin,success,airport-terminal,0
IA001062,2026-06-15T18:19:17,STF1008,staff,Ground Operations,HR-Self-Service,sso_mfa,success,airport-terminal,0
IA003906,2026-06-15T18:33:55,STF1045,staff,Baggage Handling,Baggage-Handling-System,sso_password,success,airport-terminal,0
IA003912,2026-06-15T18:36:20,VND2014,vendor,AeroFuel Solutions,Baggage-Handling-System,sso_password,success,vendor-remote-site,0
IA005351,2026-06-15T18:44:35,STF1176,staff,Engineering & Maintenance,Departure-Control-System,sso_password,success,airport-terminal,0
IA005128,2026-06-15T18:46:31,STF1050,staff,Ground Operations,Gate-Management-System,badge+pin,success,airport-terminal,0
IA002447,2026-06-15T18:58:36,VND2020,vendor,Coastal Catering Co,HR-Self-Service,badge+pin,success,airport-terminal,0
IA004758,2026-06-15T19:09:47,VND2016,vendor,AeroFuel Solutions,Departure-Control-System,sso_password,success,airport-terminal,0
IA004897,2026-06-15T19:09:52,STF1096,staff,Security,Maintenance-Ticketing,vpn_certificate,success,airport-terminal,0
IA004317,2026-06-15T19:12:22,STF1054,staff,Security,Departure-Control-System,sso_mfa,success,airport-terminal,0
IA005125,2026-06-15T19:15:47,VND2016,vendor,AeroFuel Solutions,HR-Self-Service,sso_password,fail,vendor-remote-site,0
IA005498,2026-06-15T19:21:59,STF1073,staff,Gate Services,Cargo-Manifest-System,vpn_certificate,success,airport-terminal,0
IA005624,2026-06-15T19:23:58,STF1171,staff,Retail Concessions,Departure-Control-System,sso_mfa,success,airport-terminal,0
IA004613,2026-06-15T19:28:08,STF1068,staff,Ground Operations,Gate-Management-System,sso_mfa,success,airport-terminal,0
IA001760,2026-06-15T19:32:57,STF1000,staff,Ground Operations,Gate-Management-System,sso_password,success,airport-terminal,0
IA003717,2026-06-15T19:35:46,STF1021,staff,Ground Operations,Maintenance-Ticketing,sso_mfa,success,airport-terminal,0
IA005400,2026-06-15T19:35:51,VND2006,vendor,Coastal Catering Co,Cargo-Manifest-System,vpn_certificate,success,vendor-remote-site,0
IA004473,2026-06-15T19:37:45,STF1170,staff,Baggage Handling,Gate-Management-System,badge+pin,success,airport-terminal,0
IA005229,2026-06-15T19:39:56,STF1141,staff,Retail Concessions,Staff-VPN,badge+pin,success,airport-terminal,0
IA001766,2026-06-15T19:46:35,VND2020,vendor,Coastal Catering Co,Airfield-Ops-Portal,vpn_certificate,success,vendor-remote-site,0
IA000199,2026-06-15T19:47:34,STF1012,staff,IT,Baggage-Handling-System,sso_mfa,success,airport-terminal,0
IA001832,2026-06-15T20:27:26,VND2007,vendor,SkyLink Ground Services,Departure-Control-System,badge+pin,success,airport-terminal,0
IA003253,2026-06-15T20:27:29,VND2005,vendor,AeroFuel Solutions,Departure-Control-System,vpn_password,success,airport-terminal,0
IA005566,2026-06-15T20:35:36,STF1152,staff,Ground Operations,Retail-POS-Backend,badge+pin,success,airport-terminal,0
IA000536,2026-06-15T20:37:54,STF1009,staff,Retail Concessions,Airfield-Ops-Portal,badge+pin,success,airport-terminal,0
IA001455,2026-06-15T20:39:48,STF1053,staff,Ground Operations,Airfield-Ops-Portal,sso_mfa,success,airport-terminal,0
IA001373,2026-06-15T20:55:39,STF1001,staff,Cargo,HR-Self-Service,vpn_password,success,airport-terminal,0
IA001829,2026-06-15T21:06:39,STF1085,staff,Gate Services,HR-Self-Service,sso_mfa,success,airport-terminal,0
IA002527,2026-06-15T21:23:39,VND2019,vendor,Falcon Cargo Handling,Departure-Control-System,sso_password,success,airport-terminal,0
IA004053,2026-06-15T21:24:44,VND2008,vendor,SkyLink Ground Services,Retail-POS-Backend,sso_mfa,success,vendor-remote-site,0
IA004526,2026-06-15T21:24:46,VND2004,vendor,Falcon Cargo Handling,Departure-Control-System,vpn_certificate,success,vendor-remote-site,0
IA003170,2026-06-15T21:32:32,VND2026,vendor,Horizon Cleaning Services,Baggage-Handling-System,badge+pin,success,vendor-remote-site,0
IA002516,2026-06-15T21:45:27,STF1092,staff,Baggage Handling,Baggage-Handling-System,badge+pin,success,airport-terminal,0
IA002233,2026-06-15T21:47:04,STF1001,staff,Cargo,Staff-VPN,badge+pin,success,airport-terminal,0
IA001423,2026-06-15T21:53:29,VND2005,vendor,AeroFuel Solutions,Baggage-Handling-System,badge+pin,success,vendor-remote-site,0
IA000519,2026-06-15T23:10:06,STF1091,staff,IT,Maintenance-Ticketing,badge+pin,success,airport-terminal,0
IA004409,2026-06-15T23:55:57,VND2033,vendor,Meridian Aircraft Maintenance,Staff-VPN,vpn_password,success,vendor-remote-site,1
IA005030,2026-06-16T01:50:25,VND2027,vendor,Meridian Aircraft Maintenance,HR-Self-Service,sso_mfa,success,airport-terminal,0
IA005292,2026-06-16T02:44:56,STF1090,staff,Engineering & Maintenance,Maintenance-Ticketing,sso_password,success,airport-terminal,0
IA000720,2026-06-16T02:46:26,STF1134,staff,Gate Services,Gate-Management-System,badge+pin,success,airport-terminal,0
IA000028,2026-06-16T02:59:28,STF1126,staff,IT,Airfield-Ops-Portal,sso_password,success,airport-terminal,0
IA003533,2026-06-16T03:00:20,STF1080,staff,Cargo,Gate-Management-System,sso_password,success,airport-terminal,0
IA000886,2026-06-16T03:38:52,STF1053,staff,Ground Operations,Staff-VPN,badge+pin,success,airport-terminal,0
IA005355,2026-06-16T03:55:38,STF1164,staff,Ground Operations,Staff-VPN,vpn_password,success,airport-terminal,1
IA001175,2026-06-16T04:32:02,STF1088,staff,Ground Operations,Retail-POS-Backend,sso_mfa,success,airport-terminal,0
IA004649,2026-06-16T04:45:29,STF1138,staff,Security,Cargo-Manifest-System,badge+pin,success,airport-terminal,0
IA005203,2026-06-16T04:59:49,STF1014,staff,Baggage Handling,Departure-Control-System,vpn_password,success,airport-terminal,0
IA005168,2026-06-16T06:04:09,VND2019,vendor,Falcon Cargo Handling,Retail-POS-Backend,sso_mfa,success,airport-terminal,0
IA005380,2026-06-16T06:05:21,STF1046,staff,Cargo,Retail-POS-Backend,sso_password,success,airport-terminal,0
IA005210,2026-06-16T06:19:50,STF1127,staff,Baggage Handling,Cargo-Manifest-System,badge+pin,success,airport-terminal,0
IA000396,2026-06-16T06:24:54,VND2009,vendor,Falcon Cargo Handling,Departure-Control-System,sso_mfa,success,airport-terminal,0
IA003270,2026-06-16T06:28:28,STF1139,staff,Gate Services,Cargo-Manifest-System,sso_password,success,airport-terminal,0
IA004691,2026-06-16T06:33:58,STF1143,staff,Engineering & Maintenance,Retail-POS-Backend,badge+pin,success,airport-terminal,0
IA002399,2026-06-16T06:38:51,STF1161,staff,Ground Operations,HR-Self-Service,sso_mfa,success,airport-terminal,0
IA006164,2026-06-16T06:43:46,STF1000,staff,Ground Operations,Maintenance-Ticketing,sso_mfa,fail,airport-terminal,0
IA004241,2026-06-16T06:50:27,VND2027,vendor,Meridian Aircraft Maintenance,Airfield-Ops-Portal,vpn_certificate,success,vendor-remote-site,0
IA000262,2026-06-16T06:53:50,STF1104,staff,Gate Services,Maintenance-Ticketing,sso_password,fail,airport-terminal,0
IA001865,2026-06-16T06:54:11,STF1084,staff,IT,Staff-VPN,badge+pin,success,airport-terminal,0
IA000055,2026-06-16T06:58:29,STF1093,staff,Retail Concessions,Maintenance-Ticketing,badge+pin,success,airport-terminal,0
IA002160,2026-06-16T07:00:57,STF1070,staff,Ground Operations,Gate-Management-System,badge+pin,success,airport-terminal,0
IA004951,2026-06-16T07:05:19,VND2029,vendor,Horizon Cleaning Services,Departure-Control-System,badge+pin,success,vendor-remote-site,0
IA005648,2026-06-16T07:11:29,VND2009,vendor,Falcon Cargo Handling,Gate-Management-System,badge+pin,success,vendor-remote-site,0
IA005346,2026-06-16T07:12:05,STF1007,staff,Baggage Handling,Cargo-Manifest-System,badge+pin,success,airport-terminal,0
IA004485,2026-06-16T07:23:41,STF1106,staff,Retail Concessions,Maintenance-Ticketing,badge+pin,success,airport-terminal,0
IA003471,2026-06-16T07:24:02,STF1133,staff,Baggage Handling,Baggage-Handling-System,badge+pin,success,airport-terminal,0
IA004084,2026-06-16T07:27:33,VND2006,vendor,Coastal Catering Co,Airfield-Ops-Portal,badge+pin,success,vendor-remote-site,0
IA000648,2026-06-16T07:30:04,STF1006,staff,Retail Concessions,Baggage-Handling-System,sso_mfa,fail,airport-terminal,0
IA002940,2026-06-16T07:33:27,VND2020,vendor,Coastal Catering Co,Baggage-Handling-System,sso_mfa,success,airport-terminal,0
IA005893,2026-06-16T07:39:17,STF1080,staff,Cargo,Retail-POS-Backend,vpn_certificate,success,airport-terminal,0
IA000836,2026-06-16T07:39:45,STF1060,staff,Retail Concessions,Cargo-Manifest-System,sso_mfa,success,airport-terminal,0
IA005635,2026-06-16T07:50:05,STF1077,staff,Gate Services,Maintenance-Ticketing,badge+pin,success,airport-terminal,0
IA005263,2026-06-16T07:58:17,VND2020,vendor,Coastal Catering Co,Maintenance-Ticketing,sso_mfa,success,airport-terminal,0
IA002681,2026-06-16T07:59:16,STF1088,staff,Ground Operations,HR-Self-Service,sso_password,success,airport-terminal,0
IA001654,2026-06-16T08:01:38,VND2015,vendor,AeroFuel Solutions,Gate-Management-System,badge+pin,success,airport-terminal,0
IA001152,2026-06-16T08:20:02,STF1083,staff,Security,Staff-VPN,badge+pin,success,airport-terminal,0
IA003903,2026-06-16T08:46:19,STF1170,staff,Baggage Handling,Baggage-Handling-System,sso_password,success,airport-terminal,0
IA001990,2026-06-16T08:51:24,VND2003,vendor,Falcon Cargo Handling,Staff-VPN,vpn_certificate,success,vendor-remote-site,0
IA000334,2026-06-16T09:03:14,VND2025,vendor,SkyLink Ground Services,Retail-POS-Backend,vpn_certificate,success,vendor-remote-site,0
IA001779,2026-06-16T09:09:29,STF1043,staff,Cargo,Retail-POS-Backend,badge+pin,success,airport-terminal,0
IA000393,2026-06-16T09:15:20,STF1086,staff,Baggage Handling,Retail-POS-Backend,sso_mfa,success,airport-terminal,0
IA002769,2026-06-16T09:26:58,STF1095,staff,Retail Concessions,Retail-POS-Backend,sso_password,success,airport-terminal,0
IA002671,2026-06-16T09:40:49,STF1005,staff,Retail Concessions,HR-Self-Service,badge+pin,success,airport-terminal,0
IA002174,2026-06-16T09:41:03,STF1156,staff,Gate Services,Retail-POS-Backend,badge+pin,success,airport-terminal,0
IA000756,2026-06-16T09:47:37,STF1035,staff,Retail Concessions,Staff-VPN,sso_mfa,success,airport-terminal,0
IA001848,2026-06-16T09:53:32,VND2010,vendor,SkyLink Ground Services,HR-Self-Service,sso_password,success,vendor-remote-site,0
IA003097,2026-06-16T09:56:12,STF1111,staff,Ground Operations,Maintenance-Ticketing,vpn_password,success,airport-terminal,0
IA003893,2026-06-16T09:57:18,STF1144,staff,Security,Staff-VPN,badge+pin,success,airport-terminal,0
IA004781,2026-06-16T10:18:01,VND2018,vendor,Falcon Cargo Handling,Baggage-Handling-System,sso_password,success,vendor-remote-site,0
IA002037,2026-06-16T10:37:23,VND2020,vendor,Coastal Catering Co,Airfield-Ops-Portal,sso_mfa,fail,vendor-remote-site,0
IA002960,2026-06-16T10:42:41,VND2022,vendor,Falcon Cargo Handling,Retail-POS-Backend,vpn_password,success,airport-terminal,0
IA002745,2026-06-16T11:02:53,VND2000,vendor,SkyLink Ground Services,Departure-Control-System,sso_password,success,vendor-remote-site,0
IA004721,2026-06-16T11:04:41,STF1073,staff,Gate Services,Airfield-Ops-Portal,sso_mfa,success,airport-terminal,0
IA003900,2026-06-16T11:10:50,STF1061,staff,Ground Operations,Gate-Management-System,vpn_password,success,airport-terminal,0
IA001714,2026-06-16T11:31:29,VND2031,vendor,Meridian Aircraft Maintenance,HR-Self-Service,badge+pin,success,airport-terminal,0
IA003376,2026-06-16T11:38:39,STF1128,staff,Retail Concessions,Airfield-Ops-Portal,sso_password,success,airport-terminal,0
IA000728,2026-06-16T11:42:22,STF1067,staff,IT,Airfield-Ops-Portal,sso_password,success,airport-terminal,0
IA001225,2026-06-16T11:48:23,STF1128,staff,Retail Concessions,HR-Self-Service,sso_mfa,success,airport-terminal,0
IA000799,2026-06-16T12:03:24,STF1040,staff,Cargo,Departure-Control-System,vpn_certificate,success,airport-terminal,0
IA005500,2026-06-16T12:13:46,STF1074,staff,Baggage Handling,Gate-Management-System,sso_mfa,success,airport-terminal,0
IA000228,2026-06-16T12:26:52,STF1158,staff,Baggage Handling,Airfield-Ops-Portal,sso_password,success,airport-terminal,0
IA001698,2026-06-16T12:48:04,STF1018,staff,Engineering & Maintenance,Cargo-Manifest-System,sso_mfa,success,airport-terminal,0
IA003982,2026-06-16T12:48:39,VND2022,vendor,Falcon Cargo Handling,Cargo-Manifest-System,sso_password,success,vendor-remote-site,0
IA003477,2026-06-16T12:53:31,STF1150,staff,IT,Maintenance-Ticketing,badge+pin,success,airport-terminal,0
IA003042,2026-06-16T12:54:27,STF1104,staff,Gate Services,Cargo-Manifest-System,sso_password,success,airport-terminal,0
IA002029,2026-06-16T12:56:51,STF1000,staff,Ground Operations,Baggage-Handling-System,vpn_certificate,fail,airport-terminal,0
IA005079,2026-06-16T12:59:14,STF1120,staff,Engineering & Maintenance,HR-Self-Service,badge+pin,success,airport-terminal,0
IA003001,2026-06-16T13:18:54,STF1120,staff,Engineering & Maintenance,HR-Self-Service,vpn_certificate,success,airport-terminal,0
IA006125,2026-06-16T13:50:03,VND2008,vendor,SkyLink Ground Services,Airfield-Ops-Portal,sso_mfa,success,airport-terminal,0
IA005541,2026-06-16T14:04:39,VND2006,vendor,Coastal Catering Co,Departure-Control-System,badge+pin,success,vendor-remote-site,0
IA002378,2026-06-16T14:24:28,STF1111,staff,Ground Operations,Staff-VPN,badge+pin,success,airport-terminal,0
IA002571,2026-06-16T14:34:39,STF1050,staff,Ground Operations,HR-Self-Service,sso_password,success,airport-terminal,0
IA000280,2026-06-16T14:36:46,STF1020,staff,Ground Operations,Airfield-Ops-Portal,badge+pin,success,airport-terminal,0
IA001908,2026-06-16T14:42:14,STF1155,staff,Cargo,Maintenance-Ticketing,sso_password,success,airport-terminal,0
IA003779,2026-06-16T14:58:57,STF1036,staff,Gate Services,Departure-Control-System,vpn_certificate,success,airport-terminal,0
IA003990,2026-06-16T15:11:52,STF1163,staff,Retail Concessions,Maintenance-Ticketing,badge+pin,success,airport-terminal,0
IA006181,2026-06-16T15:14:31,STF1031,staff,Cargo,Staff-VPN,vpn_password,success,airport-terminal,0
IA000940,2026-06-16T15:21:42,STF1123,staff,Baggage Handling,Gate-Management-System,vpn_certificate,success,airport-terminal,0
IA002613,2026-06-16T15:26:20,STF1145,staff,Ground Operations,Cargo-Manifest-System,sso_password,success,airport-terminal,0
IA001345,2026-06-16T15:28:13,STF1166,staff,Baggage Handling,Maintenance-Ticketing,badge+pin,success,airport-terminal,0
IA000326,2026-06-16T15:31:10,STF1110,staff,Security,Gate-Management-System,vpn_password,success,airport-terminal,0
IA003652,2026-06-16T15:33:19,STF1052,staff,Cargo,Cargo-Manifest-System,badge+pin,fail,airport-terminal,0
IA001808,2026-06-16T15:41:22,STF1001,staff,Cargo,Gate-Management-System,sso_password,success,airport-terminal,0
IA000747,2026-06-16T15:46:47,STF1159,staff,Engineering & Maintenance,HR-Self-Service,vpn_password,success,airport-terminal,0
IA000141,2026-06-16T15:47:18,VND2028,vendor,Horizon Cleaning Services,HR-Self-Service,sso_mfa,success,airport-terminal,0
IA000066,2026-06-16T15:58:52,VND2012,vendor,AeroFuel Solutions,Staff-VPN,sso_password,fail,airport-terminal,0
IA000077,2026-06-16T16:19:20,STF1042,staff,Retail Concessions,Cargo-Manifest-System,sso_mfa,success,airport-terminal,0
IA001958,2026-06-16T16:36:57,VND2006,vendor,Coastal Catering Co,HR-Self-Service,badge+pin,success,airport-terminal,0
IA004918,2026-06-16T16:48:05,VND2028,vendor,Horizon Cleaning Services,Baggage-Handling-System,sso_password,success,vendor-remote-site,0
IA003440,2026-06-16T16:48:26,VND2026,vendor,Horizon Cleaning Services,Maintenance-Ticketing,sso_password,fail,vendor-remote-site,0
IA003626,2026-06-16T16:50:52,STF1173,staff,Baggage Handling,HR-Self-Service,badge+pin,success,airport-terminal,0
IA001314,2026-06-16T16:56:20,STF1112,staff,Cargo,Cargo-Manifest-System,badge+pin,success,airport-terminal,0
IA003329,2026-06-16T16:59:50,STF1014,staff,Baggage Handling,Baggage-Handling-System,vpn_password,success,airport-terminal,0
IA005148,2026-06-16T17:00:46,STF1019,staff,Cargo,HR-Self-Service,sso_mfa,success,airport-terminal,0
IA003857,2026-06-16T17:13:53,STF1092,staff,Baggage Handling,Cargo-Manifest-System,sso_mfa,success,airport-terminal,0
IA006101,2026-06-16T17:18:31,STF1110,staff,Security,Retail-POS-Backend,sso_password,success,airport-terminal,0
IA001599,2026-06-16T17:19:44,STF1033,staff,Retail Concessions,Departure-Control-System,sso_password,success,airport-terminal,0
IA005558,2026-06-16T17:33:57,VND2025,vendor,SkyLink Ground Services,Baggage-Handling-System,sso_mfa,success,vendor-remote-site,0
IA002863,2026-06-16T17:40:52,STF1034,staff,Ground Operations,Departure-Control-System,sso_password,success,airport-terminal,0
IA001043,2026-06-16T17:50:37,STF1162,staff,Ground Operations,Maintenance-Ticketing,badge+pin,success,airport-terminal,0
IA000004,2026-06-16T17:55:44,STF1052,staff,Cargo,Airfield-Ops-Portal,vpn_password,success,airport-terminal,0
IA004165,2026-06-16T17:56:20,STF1021,staff,Ground Operations,Departure-Control-System,sso_mfa,success,airport-terminal,0
IA005489,2026-06-16T18:01:30,VND2032,vendor,AeroFuel Solutions,Cargo-Manifest-System,sso_mfa,success,vendor-remote-site,0
IA005175,2026-06-16T18:07:50,STF1094,staff,IT,Maintenance-Ticketing,vpn_certificate,success,airport-terminal,0
IA002154,2026-06-16T18:08:30,STF1064,staff,Cargo,Baggage-Handling-System,vpn_certificate,success,airport-terminal,0
IA005573,2026-06-16T18:12:28,VND2012,vendor,AeroFuel Solutions,Departure-Control-System,sso_password,success,vendor-remote-site,0
IA006162,2026-06-16T18:14:14,VND2017,vendor,Horizon Cleaning Services,Cargo-Manifest-System,sso_password,success,vendor-remote-site,0
IA003646,2026-06-16T18:25:04,STF1156,staff,Gate Services,Cargo-Manifest-System,vpn_password,success,airport-terminal,0
IA005839,2026-06-16T18:26:33,STF1105,staff,Baggage Handling,Baggage-Handling-System,sso_mfa,success,airport-terminal,0
IA001810,2026-06-16T18:26:34,STF1040,staff,Cargo,HR-Self-Service,badge+pin,success,airport-terminal,0
IA002808,2026-06-16T18:26:59,STF1129,staff,Security,Staff-VPN,vpn_password,success,airport-terminal,0
IA003825,2026-06-16T18:32:42,VND2024,vendor,AeroFuel Solutions,Cargo-Manifest-System,badge+pin,success,vendor-remote-site,0
IA003978,2026-06-16T18:32:51,STF1038,staff,Retail Concessions,Gate-Management-System,sso_password,success,airport-terminal,0
IA002009,2026-06-16T18:39:34,VND2015,vendor,AeroFuel Solutions,Baggage-Handling-System,sso_mfa,success,airport-terminal,0
IA000915,2026-06-16T18:51:42,VND2014,vendor,AeroFuel Solutions,Maintenance-Ticketing,badge+pin,success,airport-terminal,0
IA002145,2026-06-16T18:51:56,STF1173,staff,Baggage Handling,Maintenance-Ticketing,sso_password,success,airport-terminal,0
IA004112,2026-06-16T18:59:50,STF1033,staff,Retail Concessions,Maintenance-Ticketing,sso_password,success,airport-terminal,0
IA004001,2026-06-16T19:21:34,VND2018,vendor,Falcon Cargo Handling,Airfield-Ops-Portal,sso_password,success,vendor-remote-site,0
IA004272,2026-06-16T19:21:44,STF1126,staff,IT,Gate-Management-System,sso_password,success,airport-terminal,0
IA000851,2026-06-16T19:27:25,STF1014,staff,Baggage Handling,Baggage-Handling-System,vpn_certificate,success,airport-terminal,0
IA004293,2026-06-16T19:30:37,VND2028,vendor,Horizon Cleaning Services,Gate-Management-System,sso_mfa,success,airport-terminal,0
IA006172,2026-06-16T19:33:37,VND2002,vendor,Horizon Cleaning Services,Staff-VPN,sso_password,success,airport-terminal,0
IA003068,2026-06-16T20:02:15,VND2001,vendor,Meridian Aircraft Maintenance,Retail-POS-Backend,sso_mfa,success,vendor-remote-site,0
IA004285,2026-06-16T20:02:55,VND2014,vendor,AeroFuel Solutions,Maintenance-Ticketing,badge+pin,success,airport-terminal,0
IA002390,2026-06-16T20:09:33,STF1009,staff,Retail Concessions,Maintenance-Ticketing,sso_mfa,success,airport-terminal,0
IA002295,2026-06-16T20:11:55,VND2002,vendor,Horizon Cleaning Services,Baggage-Handling-System,sso_password,success,airport-terminal,0
IA001337,2026-06-16T20:22:10,STF1056,staff,IT,Cargo-Manifest-System,sso_password,success,airport-terminal,0
IA003820,2026-06-16T20:22:55,STF1141,staff,Retail Concessions,Departure-Control-System,badge+pin,success,airport-terminal,0
IA004685,2026-06-16T20:27:32,STF1081,staff,Cargo,Departure-Control-System,vpn_password,success,airport-terminal,0
IA001203,2026-06-16T20:34:07,VND2031,vendor,Meridian Aircraft Maintenance,Departure-Control-System,badge+pin,success,vendor-remote-site,0
IA004744,2026-06-16T20:38:19,STF1175,staff,Ground Operations,HR-Self-Service,sso_mfa,success,airport-terminal,0
IA002104,2026-06-16T20:42:15,STF1050,staff,Ground Operations,HR-Self-Service,sso_password,success,airport-terminal,0
IA003799,2026-06-16T20:42:20,STF1021,staff,Ground Operations,Baggage-Handling-System,badge+pin,success,airport-terminal,0
IA003651,2026-06-16T20:42:33,STF1010,staff,Gate Services,Baggage-Handling-System,vpn_certificate,success,airport-terminal,0
IA004907,2026-06-16T20:42:58,STF1124,staff,Gate Services,Retail-POS-Backend,vpn_certificate,fail,airport-terminal,0
IA005230,2026-06-16T20:54:30,STF1022,staff,Ground Operations,Maintenance-Ticketing,badge+pin,success,airport-terminal,0
IA004457,2026-06-16T21:01:46,STF1050,staff,Ground Operations,Maintenance-Ticketing,vpn_certificate,success,airport-terminal,0
IA000014,2026-06-16T21:03:31,STF1019,staff,Cargo,Gate-Management-System,sso_password,success,airport-terminal,0
IA000101,2026-06-16T21:06:53,VND2031,vendor,Meridian Aircraft Maintenance,Gate-Management-System,badge+pin,success,vendor-remote-site,0
IA001424,2026-06-16T21:11:06,STF1044,staff,Ground Operations,Gate-Management-System,badge+pin,success,airport-terminal,0
IA005060,2026-06-16T21:15:20,STF1028,staff,IT,Retail-POS-Backend,vpn_password,success,airport-terminal,0
IA000074,2026-06-16T21:25:16,STF1095,staff,Retail Concessions,Maintenance-Ticketing,vpn_certificate,success,airport-terminal,0
IA001488,2026-06-16T21:25:53,STF1036,staff,Gate Services,Gate-Management-System,sso_mfa,success,airport-terminal,0
IA000830,2026-06-16T21:34:57,VND2003,vendor,Falcon Cargo Handling,Cargo-Manifest-System,vpn_password,success,airport-terminal,0
IA002403,2026-06-16T21:40:47,STF1042,staff,Retail Concessions,Departure-Control-System,badge+pin,success,airport-terminal,0
IA003412,2026-06-17T00:39:49,STF1032,staff,Security,Cargo-Manifest-System,sso_password,success,airport-terminal,0
IA004543,2026-06-17T01:35:05,STF1015,staff,Gate Services,Maintenance-Ticketing,sso_mfa,success,airport-terminal,0
IA004238,2026-06-17T01:39:25,STF1099,staff,Baggage Handling,Staff-VPN,sso_password,success,airport-terminal,0
IA003575,2026-06-17T03:10:41,STF1120,staff,Engineering & Maintenance,HR-Self-Service,vpn_certificate,success,airport-terminal,0
IA006148,2026-06-17T03:22:52,VND2009,vendor,Falcon Cargo Handling,Gate-Management-System,vpn_certificate,success,airport-terminal,0
IA004835,2026-06-17T04:20:56,STF1028,staff,IT,Departure-Control-System,sso_password,success,airport-terminal,0
IA000155,2026-06-17T06:23:25,STF1014,staff,Baggage Handling,Gate-Management-System,badge+pin,success,airport-terminal,0
IA004776,2026-06-17T06:23:43,STF1015,staff,Gate Services,Gate-Management-System,sso_password,success,airport-terminal,0
IA003658,2026-06-17T06:45:56,VND2022,vendor,Falcon Cargo Handling,Retail-POS-Backend,badge+pin,success,vendor-remote-site,0
IA001464,2026-06-17T06:59:07,STF1115,staff,Engineering & Maintenance,Maintenance-Ticketing,badge+pin,success,airport-terminal,0
IA004006,2026-06-17T07:13:37,STF1152,staff,Ground Operations,Retail-POS-Backend,vpn_certificate,success,airport-terminal,0
IA004220,2026-06-17T07:24:37,STF1050,staff,Ground Operations,HR-Self-Service,badge+pin,success,airport-terminal,0
IA000687,2026-06-17T07:27:38,VND2029,vendor,Horizon Cleaning Services,Retail-POS-Backend,sso_password,success,vendor-remote-site,0
IA000743,2026-06-17T07:37:21,STF1094,staff,IT,Departure-Control-System,badge+pin,success,airport-terminal,0
IA001160,2026-06-17T07:45:50,VND2003,vendor,Falcon Cargo Handling,HR-Self-Service,sso_mfa,success,airport-terminal,0
IA004926,2026-06-17T07:54:57,STF1082,staff,Retail Concessions,Staff-VPN,badge+pin,success,airport-terminal,0
IA005698,2026-06-17T08:00:26,STF1167,staff,Retail Concessions,Staff-VPN,vpn_password,success,airport-terminal,1
IA003128,2026-06-17T08:00:51,STF1146,staff,Ground Operations,Maintenance-Ticketing,vpn_password,success,airport-terminal,0
IA004171,2026-06-17T08:08:43,STF1043,staff,Cargo,Baggage-Handling-System,sso_password,fail,airport-terminal,0
IA002525,2026-06-17T08:14:54,STF1138,staff,Security,Staff-VPN,sso_mfa,success,airport-terminal,0
IA001105,2026-06-17T08:21:41,VND2012,vendor,AeroFuel Solutions,Staff-VPN,badge+pin,success,vendor-remote-site,0
IA002341,2026-06-17T08:23:30,STF1123,staff,Baggage Handling,Baggage-Handling-System,vpn_certificate,success,airport-terminal,0
IA003940,2026-06-17T08:37:06,STF1032,staff,Security,Staff-VPN,badge+pin,success,airport-terminal,0
IA001355,2026-06-17T08:37:07,STF1080,staff,Cargo,Departure-Control-System,sso_password,success,airport-terminal,0
IA000960,2026-06-17T08:40:31,STF1016,staff,Gate Services,HR-Self-Service,sso_password,success,airport-terminal,0
IA001073,2026-06-17T08:40:34,VND2000,vendor,SkyLink Ground Services,Baggage-Handling-System,sso_password,success,vendor-remote-site,0
IA004703,2026-06-17T08:41:00,STF1175,staff,Ground Operations,Retail-POS-Backend,sso_password,success,airport-terminal,0
IA000624,2026-06-17T08:46:07,STF1097,staff,Retail Concessions,Cargo-Manifest-System,sso_password,success,airport-terminal,0
IA000685,2026-06-17T08:51:11,STF1053,staff,Ground Operations,Retail-POS-Backend,sso_password,success,airport-terminal,0
IA001935,2026-06-17T08:57:19,STF1071,staff,Cargo,Cargo-Manifest-System,badge+pin,success,airport-terminal,0
IA003365,2026-06-17T08:57:23,STF1124,staff,Gate Services,Retail-POS-Backend,sso_password,fail,airport-terminal,0
IA003003,2026-06-17T09:01:01,STF1174,staff,Ground Operations,Baggage-Handling-System,badge+pin,success,airport-terminal,0
IA004249,2026-06-17T09:12:22,STF1165,staff,Cargo,HR-Self-Service,badge+pin,success,airport-terminal,0
IA000444,2026-06-17T09:12:39,STF1150,staff,IT,Airfield-Ops-Portal,sso_password,fail,airport-terminal,0
IA001965,2026-06-17T09:26:00,STF1004,staff,IT,HR-Self-Service,vpn_certificate,success,airport-terminal,0
IA003967,2026-06-17T09:34:20,STF1111,staff,Ground Operations,Retail-POS-Backend,sso_mfa,success,airport-terminal,0
IA004648,2026-06-17T09:40:52,STF1109,staff,IT,Retail-POS-Backend,sso_password,success,airport-terminal,0
IA003530,2026-06-17T09:46:50,VND2008,vendor,SkyLink Ground Services,Gate-Management-System,vpn_password,success,airport-terminal,0
IA001757,2026-06-17T09:49:20,VND2016,vendor,AeroFuel Solutions,Departure-Control-System,sso_password,success,airport-terminal,0
IA002578,2026-06-17T09:58:19,STF1111,staff,Ground Operations,Staff-VPN,badge+pin,success,airport-terminal,0
IA000603,2026-06-17T10:17:38,STF1009,staff,Retail Concessions,HR-Self-Service,sso_mfa,success,airport-terminal,0
IA004338,2026-06-17T10:19:16,STF1177,staff,IT,Cargo-Manifest-System,sso_mfa,success,airport-terminal,0
IA005209,2026-06-17T10:23:16,STF1115,staff,Engineering & Maintenance,HR-Self-Service,sso_password,success,airport-terminal,0
IA002512,2026-06-17T10:33:43,STF1033,staff,Retail Concessions,HR-Self-Service,badge+pin,success,airport-terminal,0
IA000843,2026-06-17T10:45:28,STF1045,staff,Baggage Handling,Retail-POS-Backend,badge+pin,success,airport-terminal,0
IA003188,2026-06-17T10:47:52,VND2020,vendor,Coastal Catering Co,Departure-Control-System,badge+pin,success,airport-terminal,0
IA005055,2026-06-17T11:00:00,STF1091,staff,IT,Retail-POS-Backend,sso_password,success,airport-terminal,0
IA001636,2026-06-17T11:03:28,VND2002,vendor,Horizon Cleaning Services,Cargo-Manifest-System,vpn_certificate,success,vendor-remote-site,0
IA000186,2026-06-17T11:23:31,STF1089,staff,Retail Concessions,Gate-Management-System,badge+pin,success,airport-terminal,0
IA001729,2026-06-17T11:26:50,STF1043,staff,Cargo,Baggage-Handling-System,badge+pin,success,airport-terminal,0
IA004198,2026-06-17T11:51:32,STF1120,staff,Engineering & Maintenance,Staff-VPN,badge+pin,success,airport-terminal,0
IA001966,2026-06-17T12:01:33,STF1014,staff,Baggage Handling,Retail-POS-Backend,sso_password,success,airport-terminal,0
IA005154,2026-06-17T12:04:48,VND2028,vendor,Horizon Cleaning Services,Staff-VPN,vpn_password,success,vendor-remote-site,0
IA004555,2026-06-17T12:17:42,STF1098,staff,Engineering & Maintenance,Staff-VPN,sso_password,fail,airport-terminal,1
IA000413,2026-06-17T12:38:46,VND2031,vendor,Meridian Aircraft Maintenance,Departure-Control-System,badge+pin,success,vendor-remote-site,0
IA000595,2026-06-17T12:48:54,STF1060,staff,Retail Concessions,Staff-VPN,badge+pin,success,airport-terminal,0
IA006055,2026-06-17T12:50:07,VND2007,vendor,SkyLink Ground Services,Retail-POS-Backend,sso_mfa,success,airport-terminal,0
IA004870,2026-06-17T13:04:47,STF1034,staff,Ground Operations,HR-Self-Service,badge+pin,success,airport-terminal,0
IA001593,2026-06-17T13:19:37,STF1080,staff,Cargo,Maintenance-Ticketing,vpn_certificate,success,airport-terminal,0
IA003934,2026-06-17T13:20:14,STF1100,staff,Engineering & Maintenance,Staff-VPN,badge+pin,success,airport-terminal,0
IA004771,2026-06-17T13:25:45,VND2013,vendor,Falcon Cargo Handling,HR-Self-Service,sso_password,success,vendor-remote-site,0
IA005401,2026-06-17T13:35:26,VND2020,vendor,Coastal Catering Co,HR-Self-Service,badge+pin,success,vendor-remote-site,0
IA000152,2026-06-17T13:40:10,STF1049,staff,Retail Concessions,Departure-Control-System,sso_mfa,success,airport-terminal,0
IA002175,2026-06-17T13:42:10,VND2009,vendor,Falcon Cargo Handling,Cargo-Manifest-System,badge+pin,fail,vendor-remote-site,0
IA005068,2026-06-17T13:44:20,VND2011,vendor,Falcon Cargo Handling,Departure-Control-System,badge+pin,success,airport-terminal,0
IA001945,2026-06-17T13:52:03,STF1031,staff,Cargo,HR-Self-Service,sso_mfa,success,airport-terminal,0
IA006093,2026-06-17T13:59:35,STF1147,staff,Ground Operations,Baggage-Handling-System,sso_mfa,success,airport-terminal,0
IA003301,2026-06-17T14:00:54,STF1080,staff,Cargo,HR-Self-Service,sso_password,success,airport-terminal,0
IA004998,2026-06-17T14:15:43,VND2007,vendor,SkyLink Ground Services,Staff-VPN,vpn_certificate,success,airport-terminal,0
IA004936,2026-06-17T14:22:24,STF1138,staff,Security,Baggage-Handling-System,vpn_certificate,success,airport-terminal,0
IA000173,2026-06-17T14:23:15,VND2026,vendor,Horizon Cleaning Services,HR-Self-Service,sso_password,success,airport-terminal,0
IA005925,2026-06-17T14:31:12,STF1173,staff,Baggage Handling,Cargo-Manifest-System,sso_mfa,fail,airport-terminal,0
IA000182,2026-06-17T14:36:01,STF1163,staff,Retail Concessions,Cargo-Manifest-System,vpn_password,fail,airport-terminal,0
IA001428,2026-06-17T14:39:49,STF1002,staff,Ground Operations,Baggage-Handling-System,badge+pin,success,airport-terminal,0
IA006193,2026-06-17T14:40:57,STF1003,staff,IT,Maintenance-Ticketing,vpn_certificate,success,airport-terminal,0
IA000601,2026-06-17T14:49:39,STF1111,staff,Ground Operations,Retail-POS-Backend,sso_password,success,airport-terminal,0
IA000760,2026-06-17T14:59:28,STF1041,staff,Security,Gate-Management-System,sso_mfa,success,airport-terminal,0
IA004008,2026-06-17T15:16:06,STF1098,staff,Engineering & Maintenance,Staff-VPN,badge+pin,success,airport-terminal,0
IA000165,2026-06-17T15:29:04,VND2021,vendor,Falcon Cargo Handling,Gate-Management-System,badge+pin,success,airport-terminal,0
IA005636,2026-06-17T15:50:11,STF1113,staff,IT,Cargo-Manifest-System,badge+pin,success,airport-terminal,0
IA003126,2026-06-17T15:59:03,VND2019,vendor,Falcon Cargo Handling,Baggage-Handling-System,vpn_certificate,success,airport-terminal,0
IA001028,2026-06-17T16:00:49,STF1058,staff,Gate Services,Departure-Control-System,sso_mfa,success,airport-terminal,0
IA004152,2026-06-17T16:02:41,STF1177,staff,IT,Airfield-Ops-Portal,vpn_certificate,success,airport-terminal,0
IA005980,2026-06-17T16:12:54,VND2004,vendor,Falcon Cargo Handling,Baggage-Handling-System,badge+pin,success,vendor-remote-site,0
IA003840,2026-06-17T16:24:57,STF1025,staff,Security,Staff-VPN,sso_password,success,airport-terminal,0
IA006121,2026-06-17T16:27:08,STF1075,staff,Gate Services,Baggage-Handling-System,sso_password,success,airport-terminal,0
IA004181,2026-06-17T16:31:19,VND2012,vendor,AeroFuel Solutions,Staff-VPN,badge+pin,success,vendor-remote-site,0
IA003187,2026-06-17T16:43:01,STF1070,staff,Ground Operations,Staff-VPN,vpn_certificate,success,airport-terminal,0
IA005031,2026-06-17T16:47:11,STF1101,staff,Retail Concessions,Maintenance-Ticketing,sso_mfa,success,airport-terminal,0
IA005434,2026-06-17T16:57:55,STF1127,staff,Baggage Handling,Gate-Management-System,badge+pin,success,airport-terminal,0
IA002602,2026-06-17T17:06:26,STF1100,staff,Engineering & Maintenance,Airfield-Ops-Portal,badge+pin,success,airport-terminal,0
IA003211,2026-06-17T17:12:58,VND2017,vendor,Horizon Cleaning Services,Airfield-Ops-Portal,sso_mfa,success,vendor-remote-site,0
IA001270,2026-06-17T17:23:58,STF1086,staff,Baggage Handling,Departure-Control-System,sso_mfa,success,airport-terminal,0
IA001685,2026-06-17T17:29:53,VND2008,vendor,SkyLink Ground Services,Gate-Management-System,sso_password,success,airport-terminal,0
IA002347,2026-06-17T17:36:47,STF1013,staff,Cargo,HR-Self-Service,badge+pin,success,airport-terminal,0
IA006047,2026-06-17T17:42:11,STF1108,staff,Security,Staff-VPN,sso_password,success,airport-terminal,0
IA000073,2026-06-17T17:45:59,STF1078,staff,Baggage Handling,HR-Self-Service,sso_mfa,success,airport-terminal,0
IA006124,2026-06-17T17:46:01,VND2007,vendor,SkyLink Ground Services,Maintenance-Ticketing,sso_mfa,success,vendor-remote-site,0
IA004864,2026-06-17T17:53:35,STF1112,staff,Cargo,Airfield-Ops-Portal,sso_password,success,airport-terminal,0
IA000763,2026-06-17T18:01:37,STF1038,staff,Retail Concessions,Baggage-Handling-System,badge+pin,fail,airport-terminal,0
IA003703,2026-06-17T18:17:32,STF1161,staff,Ground Operations,Gate-Management-System,vpn_certificate,success,airport-terminal,0
IA004385,2026-06-17T18:24:28,STF1110,staff,Security,Retail-POS-Backend,vpn_password,success,airport-terminal,0
IA004471,2026-06-17T18:30:42,STF1129,staff,Security,Gate-Management-System,sso_mfa,success,airport-terminal,0
IA001773,2026-06-17T18:38:39,STF1032,staff,Security,Cargo-Manifest-System,badge+pin,success,airport-terminal,0
IA002877,2026-06-17T18:48:58,STF1116,staff,IT,Airfield-Ops-Portal,sso_password,success,airport-terminal,0
IA002636,2026-06-17T18:52:09,STF1003,staff,IT,Gate-Management-System,sso_password,success,airport-terminal,0
IA006149,2026-06-17T19:03:55,STF1137,staff,Retail Concessions,Retail-POS-Backend,sso_mfa,success,airport-terminal,0
IA002788,2026-06-17T19:07:32,VND2013,vendor,Falcon Cargo Handling,Baggage-Handling-System,sso_password,success,airport-terminal,0
IA005924,2026-06-17T19:13:10,STF1055,staff,Cargo,Baggage-Handling-System,sso_mfa,success,airport-terminal,0
IA001371,2026-06-17T19:23:47,STF1032,staff,Security,Staff-VPN,badge+pin,success,airport-terminal,0
IA002256,2026-06-17T19:37:32,STF1101,staff,Retail Concessions,Cargo-Manifest-System,badge+pin,success,airport-terminal,0
IA003231,2026-06-17T19:43:08,STF1162,staff,Ground Operations,Staff-VPN,badge+pin,success,airport-terminal,0
IA004449,2026-06-17T19:55:36,STF1130,staff,Engineering & Maintenance,Departure-Control-System,sso_mfa,success,airport-terminal,0
IA004067,2026-06-17T19:56:36,VND2022,vendor,Falcon Cargo Handling,HR-Self-Service,sso_mfa,success,airport-terminal,0
IA000352,2026-06-17T20:11:53,STF1020,staff,Ground Operations,HR-Self-Service,badge+pin,success,airport-terminal,0
IA003308,2026-06-17T20:24:52,STF1163,staff,Retail Concessions,Cargo-Manifest-System,badge+pin,success,airport-terminal,0
IA005543,2026-06-17T20:30:07,STF1141,staff,Retail Concessions,HR-Self-Service,vpn_certificate,success,airport-terminal,0
IA002706,2026-06-17T20:35:33,STF1067,staff,IT,Retail-POS-Backend,badge+pin,success,airport-terminal,0
IA004246,2026-06-17T20:36:40,STF1036,staff,Gate Services,HR-Self-Service,vpn_certificate,success,airport-terminal,0
IA001478,2026-06-17T20:42:19,STF1001,staff,Cargo,Cargo-Manifest-System,badge+pin,success,airport-terminal,0
IA005833,2026-06-17T20:45:56,STF1044,staff,Ground Operations,HR-Self-Service,vpn_password,fail,airport-terminal,0
IA004104,2026-06-17T20:47:24,VND2011,vendor,Falcon Cargo Handling,Cargo-Manifest-System,sso_mfa,fail,airport-terminal,0
IA003146,2026-06-17T20:54:47,STF1066,staff,Retail Concessions,Cargo-Manifest-System,sso_password,success,airport-terminal,0
IA001477,2026-06-17T20:59:43,STF1174,staff,Ground Operations,Maintenance-Ticketing,sso_mfa,success,airport-terminal,0
IA000010,2026-06-17T21:05:19,STF1074,staff,Baggage Handling,Cargo-Manifest-System,badge+pin,success,airport-terminal,0
IA004229,2026-06-17T21:14:38,VND2010,vendor,SkyLink Ground Services,Maintenance-Ticketing,sso_mfa,success,airport-terminal,0
IA004313,2026-06-17T21:16:08,STF1001,staff,Cargo,Departure-Control-System,sso_password,fail,airport-terminal,0
IA002168,2026-06-17T21:23:22,STF1098,staff,Engineering & Maintenance,Baggage-Handling-System,sso_password,fail,airport-terminal,1
IA003190,2026-06-17T21:27:12,STF1028,staff,IT,Baggage-Handling-System,sso_password,fail,airport-terminal,0
IA003868,2026-06-17T21:31:53,STF1126,staff,IT,Staff-VPN,vpn_certificate,success,airport-terminal,0
IA003602,2026-06-17T21:39:05,STF1032,staff,Security,Maintenance-Ticketing,badge+pin,success,airport-terminal,0
IA005484,2026-06-18T00:49:40,STF1078,staff,Baggage Handling,Maintenance-Ticketing,sso_password,success,airport-terminal,0
IA006105,2026-06-18T01:42:38,STF1078,staff,Baggage Handling,Airfield-Ops-Portal,vpn_certificate,success,airport-terminal,0
IA003926,2026-06-18T01:58:13,STF1153,staff,Ground Operations,Baggage-Handling-System,vpn_password,fail,airport-terminal,0
IA005828,2026-06-18T02:54:12,STF1133,staff,Baggage Handling,HR-Self-Service,sso_password,success,airport-terminal,0
IA000388,2026-06-18T02:59:46,STF1031,staff,Cargo,Staff-VPN,sso_mfa,success,airport-terminal,0
IA005016,2026-06-18T03:18:15,STF1169,staff,Ground Operations,Baggage-Handling-System,vpn_password,success,airport-terminal,1
IA002483,2026-06-18T03:18:50,VND2025,vendor,SkyLink Ground Services,Cargo-Manifest-System,vpn_certificate,success,airport-terminal,0
IA004436,2026-06-18T03:40:50,STF1179,staff,Baggage Handling,Departure-Control-System,sso_mfa,success,airport-terminal,0
IA001650,2026-06-18T06:13:24,STF1102,staff,IT,Maintenance-Ticketing,sso_mfa,success,airport-terminal,0
IA000853,2026-06-18T06:26:57,STF1072,staff,Retail Concessions,Gate-Management-System,badge+pin,success,airport-terminal,0
IA004322,2026-06-18T06:29:57,VND2031,vendor,Meridian Aircraft Maintenance,Departure-Control-System,sso_mfa,success,vendor-remote-site,0
IA005142,2026-06-18T06:30:33,STF1023,staff,Baggage Handling,Gate-Management-System,sso_password,success,airport-terminal,0
IA006147,2026-06-18T06:30:52,VND2013,vendor,Falcon Cargo Handling,Maintenance-Ticketing,badge+pin,success,vendor-remote-site,0
IA002576,2026-06-18T06:32:59,STF1142,staff,Gate Services,Baggage-Handling-System,vpn_certificate,success,airport-terminal,0
IA006131,2026-06-18T06:35:11,VND2014,vendor,AeroFuel Solutions,Gate-Management-System,badge+pin,success,airport-terminal,0
IA002155,2026-06-18T06:35:15,STF1086,staff,Baggage Handling,Maintenance-Ticketing,sso_password,success,airport-terminal,0
IA001504,2026-06-18T06:37:12,STF1061,staff,Ground Operations,Baggage-Handling-System,vpn_certificate,success,airport-terminal,0
IA004783,2026-06-18T06:50:33,STF1055,staff,Cargo,Baggage-Handling-System,sso_mfa,success,airport-terminal,0
IA002050,2026-06-18T06:53:57,VND2030,vendor,Meridian Aircraft Maintenance,Maintenance-Ticketing,sso_password,success,airport-terminal,0
IA002151,2026-06-18T06:55:07,STF1022,staff,Ground Operations,Airfield-Ops-Portal,sso_password,success,airport-terminal,0
IA001076,2026-06-18T07:02:49,STF1052,staff,Cargo,Retail-POS-Backend,sso_password,success,airport-terminal,0
IA002693,2026-06-18T07:06:57,STF1127,staff,Baggage Handling,Cargo-Manifest-System,sso_mfa,success,airport-terminal,0
IA000431,2026-06-18T07:26:53,VND2024,vendor,AeroFuel Solutions,Retail-POS-Backend,sso_password,success,airport-terminal,0
IA005117,2026-06-18T07:27:45,STF1001,staff,Cargo,HR-Self-Service,vpn_certificate,success,airport-terminal,0
IA004040,2026-06-18T07:35:55,VND2031,vendor,Meridian Aircraft Maintenance,Cargo-Manifest-System,badge+pin,success,airport-terminal,0
IA003255,2026-06-18T07:36:12,VND2014,vendor,AeroFuel Solutions,Cargo-Manifest-System,vpn_password,success,vendor-remote-site,0
IA002272,2026-06-18T07:50:28,STF1112,staff,Cargo,Staff-VPN,vpn_certificate,success,airport-terminal,0
IA004924,2026-06-18T07:50:57,STF1032,staff,Security,Staff-VPN,sso_password,success,airport-terminal,0
IA004554,2026-06-18T08:00:18,STF1032,staff,Security,Baggage-Handling-System,vpn_password,success,airport-terminal,0
IA000625,2026-06-18T08:11:23,STF1143,staff,Engineering & Maintenance,HR-Self-Service,badge+pin,success,airport-terminal,0
IA006046,2026-06-18T08:16:12,STF1059,staff,IT,Staff-VPN,sso_password,success,airport-terminal,0
IA003139,2026-06-18T08:20:40,STF1106,staff,Retail Concessions,Departure-Control-System,sso_password,success,airport-terminal,0
IA000919,2026-06-18T08:26:28,STF1089,staff,Retail Concessions,Maintenance-Ticketing,badge+pin,success,airport-terminal,0
IA005481,2026-06-18T08:31:54,VND2029,vendor,Horizon Cleaning Services,Gate-Management-System,sso_mfa,success,vendor-remote-site,0
IA000513,2026-06-18T08:36:24,STF1114,staff,Gate Services,Staff-VPN,vpn_certificate,success,airport-terminal,0
IA003564,2026-06-18T08:46:23,STF1133,staff,Baggage Handling,Cargo-Manifest-System,sso_mfa,success,airport-terminal,0
IA000643,2026-06-18T08:52:54,VND2016,vendor,AeroFuel Solutions,HR-Self-Service,vpn_password,success,vendor-remote-site,0
IA002208,2026-06-18T08:53:30,STF1155,staff,Cargo,HR-Self-Service,vpn_certificate,success,airport-terminal,0
IA003513,2026-06-18T09:21:22,STF1057,staff,Cargo,Staff-VPN,vpn_certificate,success,airport-terminal,0
IA005920,2026-06-18T09:24:17,STF1071,staff,Cargo,Baggage-Handling-System,vpn_password,success,airport-terminal,0
IA002566,2026-06-18T09:30:56,STF1134,staff,Gate Services,Departure-Control-System,badge+pin,success,airport-terminal,0
IA004530,2026-06-18T09:46:59,STF1083,staff,Security,Staff-VPN,badge+pin,success,airport-terminal,0
IA004623,2026-06-18T09:51:26,STF1075,staff,Gate Services,Staff-VPN,vpn_certificate,success,airport-terminal,0
IA002551,2026-06-18T10:19:49,STF1082,staff,Retail Concessions,Baggage-Handling-System,sso_mfa,success,airport-terminal,0
IA004756,2026-06-18T10:32:54,STF1099,staff,Baggage Handling,Staff-VPN,sso_password,success,airport-terminal,0
IA001973,2026-06-18T10:43:14,STF1120,staff,Engineering & Maintenance,Retail-POS-Backend,sso_password,success,airport-terminal,0
IA002583,2026-06-18T11:04:36,STF1012,staff,IT,HR-Self-Service,sso_password,success,airport-terminal,0
IA003192,2026-06-18T11:12:19,STF1147,staff,Ground Operations,Staff-VPN,badge+pin,success,airport-terminal,0
IA000000,2026-06-18T11:14:24,VND2007,vendor,SkyLink Ground Services,Maintenance-Ticketing,badge+pin,success,vendor-remote-site,0
IA004826,2026-06-18T11:17:50,STF1140,staff,Engineering & Maintenance,Maintenance-Ticketing,vpn_certificate,success,airport-terminal,0
IA000473,2026-06-18T11:22:39,STF1037,staff,Engineering & Maintenance,HR-Self-Service,sso_password,success,airport-terminal,0
IA003778,2026-06-18T11:23:34,STF1159,staff,Engineering & Maintenance,Retail-POS-Backend,sso_password,success,airport-terminal,0
IA000795,2026-06-18T11:32:55,STF1054,staff,Security,Retail-POS-Backend,badge+pin,success,airport-terminal,0
IA000216,2026-06-18T11:42:20,STF1053,staff,Ground Operations,Maintenance-Ticketing,sso_mfa,success,airport-terminal,0
IA005259,2026-06-18T11:47:21,STF1106,staff,Retail Concessions,Airfield-Ops-Portal,vpn_password,fail,airport-terminal,0
IA005144,2026-06-18T12:00:19,VND2013,vendor,Falcon Cargo Handling,HR-Self-Service,sso_mfa,success,airport-terminal,0
IA003228,2026-06-18T12:02:01,STF1003,staff,IT,Cargo-Manifest-System,sso_password,success,airport-terminal,0
IA005178,2026-06-18T12:10:16,STF1116,staff,IT,Cargo-Manifest-System,badge+pin,fail,airport-terminal,0
IA002567,2026-06-18T12:16:38,STF1059,staff,IT,Retail-POS-Backend,badge+pin,success,airport-terminal,0
IA002513,2026-06-18T12:17:52,STF1051,staff,Retail Concessions,HR-Self-Service,vpn_certificate,success,airport-terminal,0
IA002834,2026-06-18T12:31:30,STF1096,staff,Security,Cargo-Manifest-System,badge+pin,success,airport-terminal,0
IA005762,2026-06-18T12:35:16,STF1132,staff,Cargo,HR-Self-Service,sso_mfa,success,airport-terminal,0
IA003708,2026-06-18T12:38:13,STF1102,staff,IT,Maintenance-Ticketing,sso_mfa,success,airport-terminal,0
IA000457,2026-06-18T12:50:09,STF1160,staff,Gate Services,Airfield-Ops-Portal,vpn_certificate,success,airport-terminal,0
IA001944,2026-06-18T13:07:46,VND2002,vendor,Horizon Cleaning Services,Cargo-Manifest-System,vpn_password,success,airport-terminal,0
IA002956,2026-06-18T13:13:38,VND2020,vendor,Coastal Catering Co,Gate-Management-System,sso_password,success,airport-terminal,0
IA001852,2026-06-18T13:17:33,VND2006,vendor,Coastal Catering Co,Cargo-Manifest-System,badge+pin,fail,airport-terminal,0
IA002275,2026-06-18T13:25:17,STF1173,staff,Baggage Handling,Baggage-Handling-System,sso_password,success,airport-terminal,0
IA002113,2026-06-18T13:32:20,STF1130,staff,Engineering & Maintenance,Gate-Management-System,badge+pin,success,airport-terminal,0
IA002503,2026-06-18T13:37:17,STF1083,staff,Security,HR-Self-Service,badge+pin,success,airport-terminal,0
IA005425,2026-06-18T13:51:26,STF1080,staff,Cargo,Maintenance-Ticketing,badge+pin,success,airport-terminal,0
IA004232,2026-06-18T13:58:34,STF1104,staff,Gate Services,HR-Self-Service,sso_password,success,airport-terminal,0
IA002932,2026-06-18T14:27:27,STF1144,staff,Security,Retail-POS-Backend,badge+pin,fail,airport-terminal,0
IA001204,2026-06-18T14:54:22,STF1069,staff,Baggage Handling,Staff-VPN,vpn_password,success,airport-terminal,0
IA003436,2026-06-18T15:03:14,STF1139,staff,Gate Services,Gate-Management-System,badge+pin,fail,airport-terminal,0
IA002857,2026-06-18T15:07:02,STF1141,staff,Retail Concessions,Retail-POS-Backend,sso_password,success,airport-terminal,0
IA003163,2026-06-18T15:24:19,STF1134,staff,Gate Services,Departure-Control-System,sso_mfa,success,airport-terminal,0
IA002360,2026-06-18T15:51:34,VND2020,vendor,Coastal Catering Co,Retail-POS-Backend,badge+pin,success,vendor-remote-site,0
IA004265,2026-06-18T15:59:59,STF1059,staff,IT,Staff-VPN,sso_mfa,success,airport-terminal,0
IA001468,2026-06-18T16:00:17,VND2009,vendor,Falcon Cargo Handling,Gate-Management-System,sso_password,success,airport-terminal,0
IA002005,2026-06-18T16:03:43,VND2024,vendor,AeroFuel Solutions,Staff-VPN,sso_mfa,success,airport-terminal,0
IA004634,2026-06-18T16:03:50,STF1041,staff,Security,Retail-POS-Backend,badge+pin,success,airport-terminal,0
IA002288,2026-06-18T16:05:06,VND2025,vendor,SkyLink Ground Services,Retail-POS-Backend,sso_password,fail,airport-terminal,0
IA000217,2026-06-18T16:06:57,STF1147,staff,Ground Operations,Retail-POS-Backend,sso_mfa,success,airport-terminal,0
IA001928,2026-06-18T16:12:56,STF1029,staff,Security,Staff-VPN,vpn_password,success,airport-terminal,0
IA003434,2026-06-18T16:14:55,STF1067,staff,IT,Gate-Management-System,vpn_certificate,success,airport-terminal,0
IA000149,2026-06-18T16:16:05,STF1036,staff,Gate Services,Cargo-Manifest-System,sso_password,success,airport-terminal,0
IA003883,2026-06-18T16:28:00,STF1127,staff,Baggage Handling,Staff-VPN,sso_password,success,airport-terminal,0
IA001420,2026-06-18T16:29:50,STF1103,staff,Retail Concessions,Maintenance-Ticketing,badge+pin,success,airport-terminal,0
IA000767,2026-06-18T17:00:23,STF1097,staff,Retail Concessions,Gate-Management-System,vpn_password,success,airport-terminal,0
IA005950,2026-06-18T17:05:31,VND2000,vendor,SkyLink Ground Services,Staff-VPN,vpn_certificate,success,vendor-remote-site,0
IA002937,2026-06-18T17:14:58,STF1162,staff,Ground Operations,Retail-POS-Backend,sso_mfa,success,airport-terminal,0
IA000531,2026-06-18T17:18:22,STF1063,staff,Retail Concessions,Departure-Control-System,sso_password,success,airport-terminal,0
IA004403,2026-06-18T17:18:59,VND2032,vendor,AeroFuel Solutions,Cargo-Manifest-System,badge+pin,success,vendor-remote-site,0
IA002972,2026-06-18T17:34:37,STF1081,staff,Cargo,Maintenance-Ticketing,vpn_certificate,success,airport-terminal,0
IA005180,2026-06-18T17:52:00,STF1057,staff,Cargo,Retail-POS-Backend,sso_mfa,success,airport-terminal,0
IA002701,2026-06-18T18:03:25,VND2010,vendor,SkyLink Ground Services,Departure-Control-System,vpn_certificate,success,vendor-remote-site,0
IA000867,2026-06-18T18:08:24,STF1039,staff,Engineering & Maintenance,Retail-POS-Backend,sso_mfa,success,airport-terminal,0
IA001291,2026-06-18T18:26:20,STF1140,staff,Engineering & Maintenance,Baggage-Handling-System,vpn_certificate,success,airport-terminal,0
IA003862,2026-06-18T18:36:05,STF1041,staff,Security,Baggage-Handling-System,badge+pin,success,airport-terminal,0
IA006182,2026-06-18T19:21:29,STF1153,staff,Ground Operations,Departure-Control-System,sso_password,success,airport-terminal,0
IA003622,2026-06-18T19:37:01,STF1058,staff,Gate Services,HR-Self-Service,badge+pin,fail,airport-terminal,0
IA000256,2026-06-18T19:44:52,STF1155,staff,Cargo,Baggage-Handling-System,badge+pin,success,airport-terminal,0
IA000604,2026-06-18T19:46:50,VND2030,vendor,Meridian Aircraft Maintenance,Gate-Management-System,sso_mfa,success,airport-terminal,0
IA000177,2026-06-18T19:53:14,VND2025,vendor,SkyLink Ground Services,Airfield-Ops-Portal,sso_mfa,success,airport-terminal,0
IA005710,2026-06-18T20:02:04,VND2027,vendor,Meridian Aircraft Maintenance,Maintenance-Ticketing,badge+pin,success,vendor-remote-site,0
IA003327,2026-06-18T20:23:53,STF1144,staff,Security,HR-Self-Service,badge+pin,success,airport-terminal,0
IA000254,2026-06-18T20:35:20,STF1010,staff,Gate Services,Departure-Control-System,badge+pin,success,airport-terminal,0
IA002109,2026-06-18T20:46:00,VND2033,vendor,Meridian Aircraft Maintenance,Maintenance-Ticketing,sso_password,fail,vendor-remote-site,0
IA002907,2026-06-18T20:52:26,VND2028,vendor,Horizon Cleaning Services,Airfield-Ops-Portal,sso_password,success,airport-terminal,0
IA006167,2026-06-18T20:53:05,STF1127,staff,Baggage Handling,Airfield-Ops-Portal,sso_password,success,airport-terminal,0
IA001844,2026-06-18T20:56:03,STF1134,staff,Gate Services,Departure-Control-System,vpn_certificate,success,airport-terminal,0
IA005581,2026-06-18T20:56:50,STF1023,staff,Baggage Handling,HR-Self-Service,badge+pin,success,airport-terminal,0
IA004933,2026-06-18T21:07:28,STF1027,staff,Baggage Handling,Airfield-Ops-Portal,badge+pin,success,airport-terminal,0
IA005127,2026-06-18T21:16:29,STF1069,staff,Baggage Handling,Departure-Control-System,badge+pin,success,airport-terminal,0
IA001755,2026-06-18T21:22:10,STF1029,staff,Security,Staff-VPN,sso_mfa,success,airport-terminal,0
IA005665,2026-06-18T21:23:11,STF1176,staff,Engineering & Maintenance,Airfield-Ops-Portal,sso_password,success,airport-terminal,0
IA004990,2026-06-18T21:54:21,VND2027,vendor,Meridian Aircraft Maintenance,Retail-POS-Backend,sso_password,success,airport-terminal,0
IA003723,2026-06-18T21:56:07,STF1007,staff,Baggage Handling,Gate-Management-System,sso_mfa,fail,airport-terminal,0
IA002661,2026-06-19T00:17:47,STF1074,staff,Baggage Handling,HR-Self-Service,badge+pin,success,airport-terminal,0
IA002577,2026-06-19T00:19:55,STF1177,staff,IT,Airfield-Ops-Portal,sso_password,success,airport-terminal,0
IA005029,2026-06-19T01:27:58,STF1042,staff,Retail Concessions,Airfield-Ops-Portal,badge+pin,success,airport-terminal,0
IA002934,2026-06-19T02:01:31,STF1169,staff,Ground Operations,Staff-VPN,vpn_password,fail,airport-terminal,1
IA004140,2026-06-19T02:19:14,STF1089,staff,Retail Concessions,Retail-POS-Backend,badge+pin,success,airport-terminal,0
IA001214,2026-06-19T02:28:11,STF1016,staff,Gate Services,Baggage-Handling-System,badge+pin,success,airport-terminal,0
IA002652,2026-06-19T02:43:22,STF1169,staff,Ground Operations,Staff-VPN,vpn_password,success,airport-terminal,1
IA002979,2026-06-19T04:21:59,STF1160,staff,Gate Services,Departure-Control-System,sso_password,fail,airport-terminal,1
IA001419,2026-06-19T04:57:25,STF1167,staff,Retail Concessions,Departure-Control-System,sso_password,success,airport-terminal,1
IA002359,2026-06-19T06:02:37,VND2022,vendor,Falcon Cargo Handling,Airfield-Ops-Portal,sso_mfa,success,vendor-remote-site,0
IA005032,2026-06-19T06:03:21,STF1049,staff,Retail Concessions,Departure-Control-System,vpn_certificate,success,airport-terminal,0
IA000828,2026-06-19T06:25:46,VND2013,vendor,Falcon Cargo Handling,Gate-Management-System,badge+pin,success,airport-terminal,0
IA004541,2026-06-19T06:26:52,STF1080,staff,Cargo,HR-Self-Service,sso_mfa,success,airport-terminal,0
IA003750,2026-06-19T06:27:02,STF1048,staff,Retail Concessions,Retail-POS-Backend,badge+pin,success,airport-terminal,0
IA002097,2026-06-19T06:27:07,VND2000,vendor,SkyLink Ground Services,Cargo-Manifest-System,badge+pin,success,vendor-remote-site,0
IA003173,2026-06-19T06:42:45,STF1166,staff,Baggage Handling,Cargo-Manifest-System,sso_password,success,airport-terminal,0
IA001254,2026-06-19T06:44:30,STF1077,staff,Gate Services,Maintenance-Ticketing,badge+pin,fail,airport-terminal,0
IA001029,2026-06-19T06:55:09,STF1061,staff,Ground Operations,Retail-POS-Backend,sso_password,success,airport-terminal,0
IA000383,2026-06-19T06:59:23,STF1028,staff,IT,Gate-Management-System,badge+pin,success,airport-terminal,0
IA002076,2026-06-19T07:04:12,STF1132,staff,Cargo,HR-Self-Service,sso_mfa,success,airport-terminal,0
IA001460,2026-06-19T07:07:19,STF1081,staff,Cargo,Baggage-Handling-System,sso_password,success,airport-terminal,0
IA000876,2026-06-19T07:12:35,STF1156,staff,Gate Services,Airfield-Ops-Portal,badge+pin,success,airport-terminal,0
IA000729,2026-06-19T07:19:33,STF1009,staff,Retail Concessions,Baggage-Handling-System,sso_password,success,airport-terminal,0
IA002753,2026-06-19T07:22:17,STF1087,staff,Ground Operations,HR-Self-Service,sso_mfa,fail,airport-terminal,0
IA001858,2026-06-19T07:30:54,STF1082,staff,Retail Concessions,Baggage-Handling-System,sso_password,fail,airport-terminal,0
IA000725,2026-06-19T07:45:12,VND2000,vendor,SkyLink Ground Services,Staff-VPN,badge+pin,success,airport-terminal,0
IA000596,2026-06-19T07:56:44,STF1070,staff,Ground Operations,HR-Self-Service,sso_password,success,airport-terminal,0
IA001334,2026-06-19T08:00:56,STF1026,staff,Gate Services,Departure-Control-System,sso_password,success,airport-terminal,0
IA000049,2026-06-19T08:16:07,STF1008,staff,Ground Operations,Baggage-Handling-System,sso_password,success,airport-terminal,0
IA002132,2026-06-19T08:20:50,VND2014,vendor,AeroFuel Solutions,Airfield-Ops-Portal,badge+pin,success,vendor-remote-site,0
IA004117,2026-06-19T08:42:00,STF1122,staff,Gate Services,Airfield-Ops-Portal,vpn_password,success,airport-terminal,0
IA005471,2026-06-19T08:46:52,STF1046,staff,Cargo,HR-Self-Service,sso_password,success,airport-terminal,0
IA002326,2026-06-19T09:05:35,STF1079,staff,Security,Gate-Management-System,vpn_certificate,success,airport-terminal,0
IA004915,2026-06-19T09:23:34,VND2034,vendor,SkyLink Ground Services,Airfield-Ops-Portal,badge+pin,success,vendor-remote-site,0
IA005476,2026-06-19T09:57:39,VND2020,vendor,Coastal Catering Co,Staff-VPN,sso_password,fail,airport-terminal,0
IA002774,2026-06-19T10:15:53,STF1092,staff,Baggage Handling,Maintenance-Ticketing,sso_password,success,airport-terminal,0
IA005046,2026-06-19T10:17:02,VND2016,vendor,AeroFuel Solutions,Departure-Control-System,badge+pin,success,airport-terminal,0
IA002865,2026-06-19T10:17:12,STF1086,staff,Baggage Handling,Departure-Control-System,sso_password,fail,airport-terminal,0
IA000266,2026-06-19T10:35:18,VND2034,vendor,SkyLink Ground Services,HR-Self-Service,sso_password,success,airport-terminal,0
IA005396,2026-06-19T10:42:15,STF1075,staff,Gate Services,Baggage-Handling-System,vpn_password,success,airport-terminal,0
IA004144,2026-06-19T10:55:06,STF1063,staff,Retail Concessions,Maintenance-Ticketing,sso_password,success,airport-terminal,0
IA001620,2026-06-19T10:55:26,VND2019,vendor,Falcon Cargo Handling,Maintenance-Ticketing,sso_mfa,success,airport-terminal,0
IA005196,2026-06-19T10:56:45,STF1178,staff,Engineering & Maintenance,HR-Self-Service,badge+pin,fail,airport-terminal,0
IA001197,2026-06-19T10:57:48,STF1050,staff,Ground Operations,Airfield-Ops-Portal,vpn_password,success,airport-terminal,0
IA003581,2026-06-19T11:01:25,STF1179,staff,Baggage Handling,Departure-Control-System,sso_mfa,success,airport-terminal,0
IA003924,2026-06-19T11:07:19,STF1055,staff,Cargo,Staff-VPN,vpn_certificate,success,airport-terminal,0
IA002074,2026-06-19T11:13:49,STF1157,staff,Gate Services,Retail-POS-Backend,sso_mfa,success,airport-terminal,0
IA000438,2026-06-19T11:16:06,VND2015,vendor,AeroFuel Solutions,HR-Self-Service,sso_password,success,airport-terminal,0
IA002210,2026-06-19T11:21:48,STF1030,staff,Baggage Handling,Retail-POS-Backend,sso_mfa,success,airport-terminal,0
IA004420,2026-06-19T11:24:18,VND2014,vendor,AeroFuel Solutions,Airfield-Ops-Portal,sso_password,success,airport-terminal,0
IA001170,2026-06-19T11:41:03,VND2005,vendor,AeroFuel Solutions,Retail-POS-Backend,sso_mfa,success,airport-terminal,0
IA002089,2026-06-19T11:42:17,STF1082,staff,Retail Concessions,Retail-POS-Backend,sso_mfa,success,airport-terminal,0
IA005247,2026-06-19T12:04:15,STF1002,staff,Ground Operations,Gate-Management-System,badge+pin,success,airport-terminal,0
IA005216,2026-06-19T12:09:08,STF1034,staff,Ground Operations,Baggage-Handling-System,sso_mfa,success,airport-terminal,0
IA006018,2026-06-19T12:13:58,STF1021,staff,Ground Operations,Departure-Control-System,vpn_certificate,fail,airport-terminal,0
IA001418,2026-06-19T12:16:44,STF1090,staff,Engineering & Maintenance,Departure-Control-System,sso_password,fail,airport-terminal,0
IA004992,2026-06-19T12:22:11,VND2008,vendor,SkyLink Ground Services,Departure-Control-System,badge+pin,success,vendor-remote-site,0
IA002787,2026-06-19T12:23:51,STF1111,staff,Ground Operations,Cargo-Manifest-System,badge+pin,success,airport-terminal,0
IA004814,2026-06-19T12:27:21,VND2021,vendor,Falcon Cargo Handling,Airfield-Ops-Portal,vpn_certificate,success,vendor-remote-site,0
IA002121,2026-06-19T12:33:01,STF1010,staff,Gate Services,Staff-VPN,sso_password,success,airport-terminal,0
IA006063,2026-06-19T12:57:31,STF1160,staff,Gate Services,Airfield-Ops-Portal,badge+pin,success,airport-terminal,0
IA003960,2026-06-19T12:58:44,VND2002,vendor,Horizon Cleaning Services,Baggage-Handling-System,sso_password,success,vendor-remote-site,0
IA001617,2026-06-19T13:13:54,STF1176,staff,Engineering & Maintenance,Cargo-Manifest-System,badge+pin,success,airport-terminal,0
IA005408,2026-06-19T13:17:09,STF1003,staff,IT,HR-Self-Service,sso_password,success,airport-terminal,0
IA000201,2026-06-19T13:25:59,STF1065,staff,Security,HR-Self-Service,badge+pin,success,airport-terminal,0
IA004808,2026-06-19T13:26:51,STF1167,staff,Retail Concessions,Staff-VPN,sso_password,success,airport-terminal,0
IA001845,2026-06-19T13:28:32,VND2018,vendor,Falcon Cargo Handling,Cargo-Manifest-System,sso_password,success,airport-terminal,0
IA006168,2026-06-19T13:34:52,STF1112,staff,Cargo,HR-Self-Service,sso_password,success,airport-terminal,0
IA001656,2026-06-19T13:59:52,STF1019,staff,Cargo,Departure-Control-System,sso_password,success,airport-terminal,0
IA000291,2026-06-19T14:00:42,STF1113,staff,IT,Staff-VPN,sso_password,success,airport-terminal,0
IA000466,2026-06-19T14:01:23,STF1143,staff,Engineering & Maintenance,HR-Self-Service,sso_password,success,airport-terminal,0
IA000688,2026-06-19T14:01:25,STF1117,staff,IT,HR-Self-Service,sso_password,success,airport-terminal,0
IA004204,2026-06-19T14:02:27,STF1112,staff,Cargo,Staff-VPN,sso_password,success,airport-terminal,0
IA005999,2026-06-19T14:05:10,STF1046,staff,Cargo,Airfield-Ops-Portal,sso_password,fail,airport-terminal,0
IA004422,2026-06-19T14:09:51,STF1093,staff,Retail Concessions,Retail-POS-Backend,badge+pin,success,airport-terminal,0
IA005318,2026-06-19T14:22:09,VND2017,vendor,Horizon Cleaning Services,Departure-Control-System,vpn_certificate,success,vendor-remote-site,0
IA006009,2026-06-19T14:32:53,STF1093,staff,Retail Concessions,Retail-POS-Backend,badge+pin,success,airport-terminal,0
IA002876,2026-06-19T15:05:18,STF1062,staff,Gate Services,Baggage-Handling-System,sso_mfa,success,airport-terminal,0
IA005241,2026-06-19T15:11:10,STF1166,staff,Baggage Handling,Departure-Control-System,sso_password,success,airport-terminal,0
IA002430,2026-06-19T15:19:18,STF1139,staff,Gate Services,Baggage-Handling-System,sso_password,success,airport-terminal,0
IA004856,2026-06-19T15:28:41,STF1031,staff,Cargo,Airfield-Ops-Portal,sso_password,success,airport-terminal,0
IA003759,2026-06-19T15:34:29,STF1059,staff,IT,Airfield-Ops-Portal,vpn_certificate,success,airport-terminal,0
IA005903,2026-06-19T15:42:22,VND2020,vendor,Coastal Catering Co,HR-Self-Service,vpn_certificate,success,vendor-remote-site,0
IA001825,2026-06-19T15:51:34,STF1165,staff,Cargo,Departure-Control-System,badge+pin,fail,airport-terminal,0
IA005194,2026-06-19T16:04:04,VND2003,vendor,Falcon Cargo Handling,HR-Self-Service,badge+pin,success,vendor-remote-site,0
IA000583,2026-06-19T16:12:48,STF1010,staff,Gate Services,Staff-VPN,vpn_certificate,success,airport-terminal,0
IA003640,2026-06-19T16:25:58,STF1143,staff,Engineering & Maintenance,Baggage-Handling-System,badge+pin,success,airport-terminal,0
IA005829,2026-06-19T16:32:39,STF1145,staff,Ground Operations,Cargo-Manifest-System,vpn_password,success,airport-terminal,0
IA001199,2026-06-19T16:43:30,VND2023,vendor,SkyLink Ground Services,Staff-VPN,sso_password,success,airport-terminal,0
IA002485,2026-06-19T16:47:03,STF1025,staff,Security,HR-Self-Service,sso_mfa,success,airport-terminal,0
IA000813,2026-06-19T16:50:48,STF1036,staff,Gate Services,Baggage-Handling-System,sso_password,success,airport-terminal,0
IA003431,2026-06-19T16:54:04,STF1158,staff,Baggage Handling,Cargo-Manifest-System,badge+pin,success,airport-terminal,0
IA004986,2026-06-19T17:00:18,STF1012,staff,IT,Gate-Management-System,sso_password,success,airport-terminal,0
IA002594,2026-06-19T17:21:21,STF1021,staff,Ground Operations,Retail-POS-Backend,vpn_certificate,success,airport-terminal,0
IA000574,2026-06-19T17:23:23,STF1103,staff,Retail Concessions,Baggage-Handling-System,badge+pin,success,airport-terminal,0
IA000414,2026-06-19T17:45:22,STF1179,staff,Baggage Handling,Airfield-Ops-Portal,sso_mfa,success,airport-terminal,0
IA003576,2026-06-19T17:49:06,STF1046,staff,Cargo,Staff-VPN,sso_password,success,airport-terminal,0
IA003504,2026-06-19T17:56:24,VND2018,vendor,Falcon Cargo Handling,Maintenance-Ticketing,sso_mfa,success,airport-terminal,0
IA005107,2026-06-19T18:28:28,STF1081,staff,Cargo,Maintenance-Ticketing,vpn_certificate,success,airport-terminal,0
IA001219,2026-06-19T18:39:42,STF1088,staff,Ground Operations,Gate-Management-System,badge+pin,success,airport-terminal,0
IA002490,2026-06-19T18:56:04,STF1152,staff,Ground Operations,Retail-POS-Backend,badge+pin,success,airport-terminal,0
IA001988,2026-06-19T18:57:42,VND2031,vendor,Meridian Aircraft Maintenance,Retail-POS-Backend,badge+pin,success,vendor-remote-site,0
IA003425,2026-06-19T18:58:40,VND2000,vendor,SkyLink Ground Services,Baggage-Handling-System,badge+pin,success,vendor-remote-site,0
IA000565,2026-06-19T19:01:55,STF1146,staff,Ground Operations,Gate-Management-System,sso_password,success,airport-terminal,0
IA003743,2026-06-19T19:12:27,STF1002,staff,Ground Operations,Cargo-Manifest-System,badge+pin,success,airport-terminal,0
IA000945,2026-06-19T19:15:04,STF1171,staff,Retail Concessions,Retail-POS-Backend,sso_mfa,success,airport-terminal,0
IA004106,2026-06-19T19:15:36,STF1118,staff,Engineering & Maintenance,Staff-VPN,sso_mfa,success,airport-terminal,0
IA004153,2026-06-19T19:19:32,STF1058,staff,Gate Services,Cargo-Manifest-System,sso_password,success,airport-terminal,0
IA004694,2026-06-19T19:21:26,STF1022,staff,Ground Operations,Maintenance-Ticketing,vpn_certificate,success,airport-terminal,0
IA005608,2026-06-19T19:22:22,STF1095,staff,Retail Concessions,Maintenance-Ticketing,sso_password,fail,airport-terminal,0
IA003143,2026-06-19T19:35:12,STF1059,staff,IT,Departure-Control-System,badge+pin,success,airport-terminal,0
IA003236,2026-06-19T19:40:57,STF1041,staff,Security,Airfield-Ops-Portal,badge+pin,success,airport-terminal,0
IA001809,2026-06-19T19:44:09,STF1126,staff,IT,Departure-Control-System,badge+pin,success,airport-terminal,0
IA002935,2026-06-19T19:45:36,VND2010,vendor,SkyLink Ground Services,Maintenance-Ticketing,sso_mfa,success,vendor-remote-site,0
IA001803,2026-06-19T19:48:11,STF1137,staff,Retail Concessions,Maintenance-Ticketing,badge+pin,fail,airport-terminal,0
IA005511,2026-06-19T19:49:47,STF1174,staff,Ground Operations,Staff-VPN,sso_mfa,success,airport-terminal,0
IA002267,2026-06-19T19:50:25,STF1074,staff,Baggage Handling,Cargo-Manifest-System,badge+pin,success,airport-terminal,0
IA001154,2026-06-19T19:59:32,STF1059,staff,IT,Baggage-Handling-System,sso_password,success,airport-terminal,0
IA001905,2026-06-19T20:03:38,STF1111,staff,Ground Operations,Staff-VPN,badge+pin,success,airport-terminal,0
IA000435,2026-06-19T20:12:01,STF1052,staff,Cargo,Baggage-Handling-System,sso_password,success,airport-terminal,0
IA005846,2026-06-19T20:15:56,STF1140,staff,Engineering & Maintenance,Airfield-Ops-Portal,vpn_certificate,success,airport-terminal,0
IA000296,2026-06-19T20:27:05,VND2002,vendor,Horizon Cleaning Services,Baggage-Handling-System,badge+pin,success,airport-terminal,0
IA001190,2026-06-19T20:28:15,STF1117,staff,IT,HR-Self-Service,badge+pin,success,airport-terminal,0
IA004561,2026-06-19T20:29:39,STF1168,staff,Gate Services,Retail-POS-Backend,badge+pin,success,airport-terminal,0
IA005477,2026-06-19T20:32:49,STF1033,staff,Retail Concessions,Maintenance-Ticketing,vpn_password,success,airport-terminal,0
IA004529,2026-06-19T20:37:57,STF1007,staff,Baggage Handling,Airfield-Ops-Portal,sso_mfa,success,airport-terminal,0
IA000982,2026-06-19T20:51:42,STF1129,staff,Security,Cargo-Manifest-System,vpn_certificate,success,airport-terminal,0
IA001165,2026-06-19T21:12:08,STF1044,staff,Ground Operations,Baggage-Handling-System,sso_password,success,airport-terminal,0
IA000951,2026-06-19T21:18:48,STF1081,staff,Cargo,Departure-Control-System,sso_mfa,success,airport-terminal,0
IA006194,2026-06-19T21:54:26,STF1043,staff,Cargo,Airfield-Ops-Portal,badge+pin,success,airport-terminal,0
IA005255,2026-06-19T21:57:38,VND2033,vendor,Meridian Aircraft Maintenance,Baggage-Handling-System,sso_password,success,airport-terminal,1
IA005048,2026-06-20T00:15:06,STF1160,staff,Gate Services,Staff-VPN,sso_password,success,airport-terminal,1
IA001323,2026-06-20T00:23:38,VND2011,vendor,Falcon Cargo Handling,HR-Self-Service,badge+pin,success,vendor-remote-site,0
IA002749,2026-06-20T00:34:19,STF1149,staff,Cargo,Baggage-Handling-System,vpn_password,success,airport-terminal,1
IA001692,2026-06-20T00:52:47,STF1055,staff,Cargo,Staff-VPN,sso_mfa,success,airport-terminal,0
IA000649,2026-06-20T01:40:25,VND2006,vendor,Coastal Catering Co,HR-Self-Service,sso_password,success,airport-terminal,0
IA002449,2026-06-20T02:05:42,STF1025,staff,Security,Baggage-Handling-System,vpn_certificate,success,airport-terminal,0
IA000890,2026-06-20T02:10:58,VND2033,vendor,Meridian Aircraft Maintenance,Baggage-Handling-System,sso_password,success,vendor-remote-site,1
IA000281,2026-06-20T03:09:34,STF1149,staff,Cargo,Staff-VPN,sso_password,success,airport-terminal,1
IA004833,2026-06-20T03:25:07,VND2006,vendor,Coastal Catering Co,Baggage-Handling-System,vpn_password,success,vendor-remote-site,0
IA003541,2026-06-20T03:30:08,STF1008,staff,Ground Operations,Staff-VPN,vpn_certificate,success,airport-terminal,0
IA005593,2026-06-20T03:32:37,VND2003,vendor,Falcon Cargo Handling,Cargo-Manifest-System,badge+pin,success,vendor-remote-site,0
IA001623,2026-06-20T04:47:51,STF1159,staff,Engineering & Maintenance,Airfield-Ops-Portal,sso_mfa,success,airport-terminal,0
IA002911,2026-06-20T04:51:45,STF1135,staff,Security,Gate-Management-System,badge+pin,success,airport-terminal,0
IA001224,2026-06-20T04:57:13,STF1126,staff,IT,Maintenance-Ticketing,sso_mfa,success,airport-terminal,0
IA002680,2026-06-20T06:09:11,VND2012,vendor,AeroFuel Solutions,Staff-VPN,vpn_certificate,fail,airport-terminal,0
IA005260,2026-06-20T06:14:51,STF1022,staff,Ground Operations,Cargo-Manifest-System,badge+pin,success,airport-terminal,0
IA002462,2026-06-20T06:19:19,STF1060,staff,Retail Concessions,Departure-Control-System,sso_password,success,airport-terminal,0
IA003406,2026-06-20T06:28:48,STF1007,staff,Baggage Handling,Departure-Control-System,vpn_certificate,success,airport-terminal,0
IA001354,2026-06-20T06:39:12,STF1074,staff,Baggage Handling,HR-Self-Service,sso_password,success,airport-terminal,0
IA002618,2026-06-20T06:41:50,STF1108,staff,Security,Airfield-Ops-Portal,sso_mfa,success,airport-terminal,0
IA000751,2026-06-20T06:42:10,STF1155,staff,Cargo,Cargo-Manifest-System,badge+pin,success,airport-terminal,0
IA000658,2026-06-20T06:44:18,VND2021,vendor,Falcon Cargo Handling,Baggage-Handling-System,vpn_certificate,success,vendor-remote-site,0
IA001508,2026-06-20T06:45:03,VND2031,vendor,Meridian Aircraft Maintenance,Staff-VPN,badge+pin,success,vendor-remote-site,0
IA003614,2026-06-20T06:49:36,VND2023,vendor,SkyLink Ground Services,Airfield-Ops-Portal,sso_password,success,airport-terminal,0
IA005394,2026-06-20T06:52:26,STF1043,staff,Cargo,Gate-Management-System,sso_password,success,airport-terminal,0
IA002170,2026-06-20T06:57:21,VND2004,vendor,Falcon Cargo Handling,Retail-POS-Backend,vpn_certificate,success,vendor-remote-site,0
IA002754,2026-06-20T07:02:47,VND2031,vendor,Meridian Aircraft Maintenance,Gate-Management-System,sso_password,success,vendor-remote-site,0
IA003957,2026-06-20T07:10:38,VND2005,vendor,AeroFuel Solutions,Retail-POS-Backend,vpn_certificate,success,vendor-remote-site,0
IA000126,2026-06-20T07:16:44,STF1092,staff,Baggage Handling,Retail-POS-Backend,vpn_password,success,airport-terminal,0
IA003119,2026-06-20T07:19:38,VND2019,vendor,Falcon Cargo Handling,Maintenance-Ticketing,sso_password,success,vendor-remote-site,0
IA001240,2026-06-20T07:52:20,STF1089,staff,Retail Concessions,Airfield-Ops-Portal,sso_mfa,success,airport-terminal,0
IA004401,2026-06-20T08:08:27,STF1003,staff,IT,Maintenance-Ticketing,badge+pin,success,airport-terminal,0
IA002764,2026-06-20T08:09:43,STF1106,staff,Retail Concessions,Maintenance-Ticketing,sso_password,success,airport-terminal,0
IA001822,2026-06-20T08:17:17,STF1013,staff,Cargo,Retail-POS-Backend,vpn_certificate,success,airport-terminal,0
IA006086,2026-06-20T08:21:08,VND2000,vendor,SkyLink Ground Services,Maintenance-Ticketing,sso_mfa,success,vendor-remote-site,0
IA005969,2026-06-20T08:22:09,VND2007,vendor,SkyLink Ground Services,Baggage-Handling-System,sso_password,success,airport-terminal,0
IA001037,2026-06-20T08:48:08,STF1156,staff,Gate Services,Retail-POS-Backend,badge+pin,success,airport-terminal,0
IA004505,2026-06-20T08:53:31,STF1033,staff,Retail Concessions,Gate-Management-System,vpn_certificate,success,airport-terminal,0
IA003289,2026-06-20T09:05:39,STF1115,staff,Engineering & Maintenance,Departure-Control-System,badge+pin,success,airport-terminal,0
IA005039,2026-06-20T09:33:09,VND2034,vendor,SkyLink Ground Services,Maintenance-Ticketing,sso_password,success,airport-terminal,0
IA005869,2026-06-20T09:43:49,STF1119,staff,Baggage Handling,Departure-Control-System,sso_password,success,airport-terminal,0
IA003274,2026-06-20T09:46:28,STF1161,staff,Ground Operations,Maintenance-Ticketing,sso_password,success,airport-terminal,0
IA005580,2026-06-20T10:05:46,STF1081,staff,Cargo,Staff-VPN,vpn_certificate,success,airport-terminal,0
IA006050,2026-06-20T10:19:39,STF1118,staff,Engineering & Maintenance,Baggage-Handling-System,badge+pin,fail,airport-terminal,0
IA002867,2026-06-20T10:33:44,STF1028,staff,IT,Departure-Control-System,badge+pin,success,airport-terminal,0
IA003901,2026-06-20T10:45:02,STF1061,staff,Ground Operations,Maintenance-Ticketing,vpn_password,success,airport-terminal,0
IA005279,2026-06-20T11:03:58,STF1016,staff,Gate Services,Baggage-Handling-System,vpn_password,success,airport-terminal,0
IA000375,2026-06-20T11:04:34,VND2024,vendor,AeroFuel Solutions,Retail-POS-Backend,badge+pin,success,airport-terminal,0
IA003216,2026-06-20T11:05:35,STF1150,staff,IT,Gate-Management-System,sso_password,success,airport-terminal,0
IA000337,2026-06-20T11:22:53,STF1179,staff,Baggage Handling,Departure-Control-System,sso_password,success,airport-terminal,0
IA002493,2026-06-20T11:29:57,STF1032,staff,Security,Maintenance-Ticketing,sso_password,success,airport-terminal,0
IA003445,2026-06-20T11:41:15,STF1059,staff,IT,Cargo-Manifest-System,sso_password,success,airport-terminal,0
IA006073,2026-06-20T11:57:54,STF1121,staff,Security,Departure-Control-System,vpn_certificate,success,airport-terminal,0
IA005672,2026-06-20T11:58:27,STF1045,staff,Baggage Handling,Staff-VPN,sso_mfa,success,airport-terminal,0
IA001378,2026-06-20T12:12:02,VND2013,vendor,Falcon Cargo Handling,Airfield-Ops-Portal,sso_mfa,success,airport-terminal,0
IA000024,2026-06-20T12:21:37,STF1109,staff,IT,Airfield-Ops-Portal,badge+pin,success,airport-terminal,0
IA003366,2026-06-20T12:23:25,STF1157,staff,Gate Services,Departure-Control-System,badge+pin,success,airport-terminal,0
IA000605,2026-06-20T12:31:27,VND2018,vendor,Falcon Cargo Handling,Gate-Management-System,vpn_password,success,airport-terminal,0
IA005014,2026-06-20T12:34:36,STF1042,staff,Retail Concessions,Cargo-Manifest-System,vpn_certificate,success,airport-terminal,0
IA002716,2026-06-20T12:49:01,STF1146,staff,Ground Operations,Maintenance-Ticketing,badge+pin,success,airport-terminal,0
IA000099,2026-06-20T12:53:43,STF1075,staff,Gate Services,Maintenance-Ticketing,sso_password,success,airport-terminal,0
IA000200,2026-06-20T12:58:39,STF1055,staff,Cargo,Retail-POS-Backend,sso_mfa,success,airport-terminal,0
IA003493,2026-06-20T13:03:32,VND2034,vendor,SkyLink Ground Services,HR-Self-Service,sso_password,success,vendor-remote-site,0
IA001967,2026-06-20T13:04:28,STF1166,staff,Baggage Handling,HR-Self-Service,vpn_certificate,success,airport-terminal,0
IA000954,2026-06-20T13:06:04,STF1040,staff,Cargo,HR-Self-Service,sso_password,success,airport-terminal,0
IA002726,2026-06-20T13:17:15,STF1092,staff,Baggage Handling,Maintenance-Ticketing,vpn_password,success,airport-terminal,0
IA003847,2026-06-20T13:33:27,STF1058,staff,Gate Services,HR-Self-Service,badge+pin,fail,airport-terminal,0
IA004218,2026-06-20T13:36:41,STF1034,staff,Ground Operations,Retail-POS-Backend,sso_password,success,airport-terminal,0
IA002022,2026-06-20T13:48:52,STF1178,staff,Engineering & Maintenance,Maintenance-Ticketing,sso_mfa,success,airport-terminal,0
IA003103,2026-06-20T13:56:21,STF1012,staff,IT,Departure-Control-System,sso_password,success,airport-terminal,0
IA005659,2026-06-20T14:07:30,STF1038,staff,Retail Concessions,Baggage-Handling-System,badge+pin,success,airport-terminal,0
IA002850,2026-06-20T14:09:47,STF1057,staff,Cargo,Cargo-Manifest-System,badge+pin,success,airport-terminal,0
IA001256,2026-06-20T14:18:52,STF1145,staff,Ground Operations,Departure-Control-System,badge+pin,success,airport-terminal,0
IA000749,2026-06-20T14:51:22,STF1164,staff,Ground Operations,Departure-Control-System,vpn_password,success,airport-terminal,0
IA002694,2026-06-20T14:52:16,VND2022,vendor,Falcon Cargo Handling,Staff-VPN,badge+pin,success,airport-terminal,0
IA006198,2026-06-20T14:59:51,STF1131,staff,Engineering & Maintenance,Cargo-Manifest-System,badge+pin,success,airport-terminal,0
IA005487,2026-06-20T15:10:43,STF1127,staff,Baggage Handling,Airfield-Ops-Portal,sso_password,fail,airport-terminal,0
IA005618,2026-06-20T15:11:56,STF1036,staff,Gate Services,Cargo-Manifest-System,badge+pin,success,airport-terminal,0
IA001850,2026-06-20T15:18:22,STF1009,staff,Retail Concessions,Staff-VPN,sso_mfa,success,airport-terminal,0
IA000957,2026-06-20T15:20:32,STF1039,staff,Engineering & Maintenance,Baggage-Handling-System,vpn_certificate,success,airport-terminal,0
IA004742,2026-06-20T15:28:00,VND2029,vendor,Horizon Cleaning Services,Gate-Management-System,badge+pin,success,airport-terminal,0
IA005915,2026-06-20T15:37:32,STF1126,staff,IT,HR-Self-Service,sso_mfa,success,airport-terminal,0
IA000979,2026-06-20T15:43:48,STF1132,staff,Cargo,Gate-Management-System,vpn_certificate,success,airport-terminal,0
IA000990,2026-06-20T15:44:46,STF1070,staff,Ground Operations,Retail-POS-Backend,badge+pin,success,airport-terminal,0
IA002982,2026-06-20T15:47:47,STF1123,staff,Baggage Handling,Gate-Management-System,vpn_certificate,success,airport-terminal,0
IA000235,2026-06-20T15:58:59,STF1130,staff,Engineering & Maintenance,Maintenance-Ticketing,vpn_certificate,success,airport-terminal,0
IA000641,2026-06-20T16:01:19,STF1112,staff,Cargo,Departure-Control-System,badge+pin,success,airport-terminal,0
IA005868,2026-06-20T16:09:06,STF1018,staff,Engineering & Maintenance,Retail-POS-Backend,sso_password,success,airport-terminal,0
IA005873,2026-06-20T16:19:51,STF1120,staff,Engineering & Maintenance,Baggage-Handling-System,badge+pin,success,airport-terminal,0
IA001891,2026-06-20T16:32:45,STF1074,staff,Baggage Handling,Staff-VPN,badge+pin,success,airport-terminal,0
IA003817,2026-06-20T16:57:59,STF1156,staff,Gate Services,Gate-Management-System,badge+pin,fail,airport-terminal,0
IA001723,2026-06-20T17:00:38,STF1090,staff,Engineering & Maintenance,Staff-VPN,badge+pin,success,airport-terminal,0
IA000344,2026-06-20T17:08:04,STF1051,staff,Retail Concessions,Staff-VPN,sso_password,success,airport-terminal,0
IA005374,2026-06-20T17:33:15,STF1131,staff,Engineering & Maintenance,Gate-Management-System,sso_password,success,airport-terminal,0
IA005420,2026-06-20T17:36:37,STF1013,staff,Cargo,Retail-POS-Backend,badge+pin,success,airport-terminal,0
IA002056,2026-06-20T17:37:38,STF1172,staff,Ground Operations,Gate-Management-System,sso_mfa,success,airport-terminal,0
IA004576,2026-06-20T17:39:02,STF1018,staff,Engineering & Maintenance,Retail-POS-Backend,sso_password,success,airport-terminal,0
IA001893,2026-06-20T17:45:18,STF1145,staff,Ground Operations,Gate-Management-System,badge+pin,success,airport-terminal,0
IA005388,2026-06-20T17:45:31,VND2030,vendor,Meridian Aircraft Maintenance,HR-Self-Service,sso_mfa,success,airport-terminal,0
IA005440,2026-06-20T17:46:37,VND2020,vendor,Coastal Catering Co,HR-Self-Service,badge+pin,success,vendor-remote-site,0
IA002232,2026-06-20T17:49:48,STF1116,staff,IT,Baggage-Handling-System,sso_mfa,success,airport-terminal,0
IA000441,2026-06-20T17:50:24,STF1080,staff,Cargo,Baggage-Handling-System,badge+pin,success,airport-terminal,0
IA001837,2026-06-20T17:58:08,VND2021,vendor,Falcon Cargo Handling,Staff-VPN,sso_password,success,airport-terminal,0
IA003767,2026-06-20T18:14:13,STF1016,staff,Gate Services,Gate-Management-System,vpn_certificate,success,airport-terminal,0
IA004559,2026-06-20T18:14:36,VND2009,vendor,Falcon Cargo Handling,Cargo-Manifest-System,sso_password,success,airport-terminal,0
IA000178,2026-06-20T18:28:43,STF1058,staff,Gate Services,Gate-Management-System,badge+pin,fail,airport-terminal,0
IA000237,2026-06-20T18:32:26,STF1168,staff,Gate Services,Retail-POS-Backend,sso_password,success,airport-terminal,0
IA000739,2026-06-20T18:32:46,VND2026,vendor,Horizon Cleaning Services,Baggage-Handling-System,vpn_password,success,vendor-remote-site,0
IA003524,2026-06-20T18:47:23,STF1001,staff,Cargo,Retail-POS-Backend,badge+pin,success,airport-terminal,0
IA003497,2026-06-20T18:50:36,STF1066,staff,Retail Concessions,Baggage-Handling-System,badge+pin,success,airport-terminal,0
IA002177,2026-06-20T18:52:57,STF1113,staff,IT,HR-Self-Service,badge+pin,success,airport-terminal,0
IA000061,2026-06-20T18:53:46,STF1005,staff,Retail Concessions,Maintenance-Ticketing,sso_password,success,airport-terminal,0
IA001923,2026-06-20T19:04:04,STF1148,staff,Cargo,HR-Self-Service,sso_mfa,success,airport-terminal,0
IA001377,2026-06-20T19:18:19,STF1142,staff,Gate Services,HR-Self-Service,vpn_password,success,airport-terminal,0
IA001727,2026-06-20T19:20:02,STF1018,staff,Engineering & Maintenance,Maintenance-Ticketing,badge+pin,success,airport-terminal,0
IA002205,2026-06-20T19:30:31,STF1029,staff,Security,Baggage-Handling-System,badge+pin,success,airport-terminal,0
IA003317,2026-06-20T19:41:44,STF1096,staff,Security,Maintenance-Ticketing,badge+pin,fail,airport-terminal,0
IA003172,2026-06-20T20:02:43,VND2025,vendor,SkyLink Ground Services,Departure-Control-System,sso_mfa,fail,vendor-remote-site,0
IA004736,2026-06-20T20:16:25,STF1003,staff,IT,HR-Self-Service,vpn_certificate,success,airport-terminal,0
IA003907,2026-06-20T20:19:06,STF1115,staff,Engineering & Maintenance,HR-Self-Service,sso_password,success,airport-terminal,0
IA001682,2026-06-20T20:19:17,VND2012,vendor,AeroFuel Solutions,Gate-Management-System,badge+pin,success,airport-terminal,0
IA003838,2026-06-20T20:19:31,STF1124,staff,Gate Services,HR-Self-Service,badge+pin,success,airport-terminal,0
IA004334,2026-06-20T20:20:16,VND2006,vendor,Coastal Catering Co,Cargo-Manifest-System,sso_mfa,success,airport-terminal,0
IA000516,2026-06-20T20:24:41,STF1014,staff,Baggage Handling,Departure-Control-System,sso_mfa,success,airport-terminal,0
IA003839,2026-06-20T20:25:35,STF1010,staff,Gate Services,Retail-POS-Backend,sso_password,success,airport-terminal,0
IA002600,2026-06-20T20:34:15,STF1039,staff,Engineering & Maintenance,Gate-Management-System,sso_password,success,airport-terminal,0
IA000071,2026-06-20T20:41:24,STF1122,staff,Gate Services,Gate-Management-System,sso_password,success,airport-terminal,0
IA002843,2026-06-20T20:43:05,VND2015,vendor,AeroFuel Solutions,Departure-Control-System,sso_mfa,success,airport-terminal,0
IA004170,2026-06-20T20:45:18,STF1114,staff,Gate Services,Gate-Management-System,badge+pin,success,airport-terminal,0
IA001954,2026-06-20T20:50:49,STF1026,staff,Gate Services,Retail-POS-Backend,badge+pin,success,airport-terminal,0
IA004673,2026-06-20T20:52:22,STF1161,staff,Ground Operations,Staff-VPN,badge+pin,success,airport-terminal,0
IA003814,2026-06-20T20:56:34,STF1133,staff,Baggage Handling,HR-Self-Service,sso_password,success,airport-terminal,0
IA000064,2026-06-20T20:57:06,STF1038,staff,Retail Concessions,Maintenance-Ticketing,vpn_password,success,airport-terminal,0
IA004600,2026-06-20T20:58:53,VND2029,vendor,Horizon Cleaning Services,Baggage-Handling-System,sso_password,success,vendor-remote-site,0
IA002051,2026-06-20T21:01:23,STF1085,staff,Gate Services,Maintenance-Ticketing,sso_password,success,airport-terminal,0
IA005090,2026-06-20T21:03:28,STF1150,staff,IT,Retail-POS-Backend,badge+pin,success,airport-terminal,0
IA005699,2026-06-20T21:04:22,STF1149,staff,Cargo,Gate-Management-System,vpn_certificate,success,airport-terminal,0
IA004999,2026-06-20T21:07:39,STF1057,staff,Cargo,Retail-POS-Backend,sso_mfa,success,airport-terminal,0
IA002169,2026-06-20T21:11:42,STF1047,staff,Gate Services,HR-Self-Service,sso_mfa,success,airport-terminal,0
IA001462,2026-06-20T21:26:06,VND2022,vendor,Falcon Cargo Handling,Staff-VPN,sso_password,success,airport-terminal,0
IA003013,2026-06-20T21:32:32,STF1132,staff,Cargo,Baggage-Handling-System,badge+pin,success,airport-terminal,0
IA000361,2026-06-20T23:05:12,STF1169,staff,Ground Operations,Staff-VPN,sso_password,success,airport-terminal,1
IA001059,2026-06-21T00:42:35,STF1092,staff,Baggage Handling,Cargo-Manifest-System,sso_password,success,airport-terminal,0
IA000282,2026-06-21T02:02:57,STF1073,staff,Gate Services,Baggage-Handling-System,badge+pin,success,airport-terminal,0
IA005507,2026-06-21T02:17:52,STF1140,staff,Engineering & Maintenance,Departure-Control-System,badge+pin,success,airport-terminal,0
IA000977,2026-06-21T02:26:59,STF1018,staff,Engineering & Maintenance,Baggage-Handling-System,sso_password,fail,airport-terminal,1
IA002780,2026-06-21T02:36:18,STF1043,staff,Cargo,Departure-Control-System,vpn_certificate,success,airport-terminal,0
IA005617,2026-06-21T02:54:24,STF1117,staff,IT,Staff-VPN,sso_password,success,airport-terminal,0
IA003955,2026-06-21T03:07:02,STF1006,staff,Retail Concessions,Departure-Control-System,sso_password,success,airport-terminal,0
IA004644,2026-06-21T03:28:19,STF1134,staff,Gate Services,Staff-VPN,badge+pin,success,airport-terminal,0
IA005469,2026-06-21T03:41:12,STF1042,staff,Retail Concessions,Departure-Control-System,sso_password,success,airport-terminal,0
IA003278,2026-06-21T04:05:59,STF1047,staff,Gate Services,Gate-Management-System,badge+pin,success,airport-terminal,0
IA004456,2026-06-21T04:16:05,STF1015,staff,Gate Services,Gate-Management-System,sso_mfa,fail,airport-terminal,0
IA003435,2026-06-21T04:52:39,VND2017,vendor,Horizon Cleaning Services,Maintenance-Ticketing,badge+pin,success,vendor-remote-site,0
IA005824,2026-06-21T06:21:50,STF1118,staff,Engineering & Maintenance,Maintenance-Ticketing,vpn_password,success,airport-terminal,0
IA005930,2026-06-21T06:44:51,STF1143,staff,Engineering & Maintenance,Airfield-Ops-Portal,sso_mfa,success,airport-terminal,0
IA001086,2026-06-21T06:50:02,STF1017,staff,Gate Services,Staff-VPN,vpn_password,success,airport-terminal,0
IA003944,2026-06-21T07:09:47,STF1149,staff,Cargo,Baggage-Handling-System,sso_password,success,airport-terminal,1
IA003796,2026-06-21T07:18:35,STF1139,staff,Gate Services,Departure-Control-System,sso_mfa,success,airport-terminal,0
IA001720,2026-06-21T07:21:01,VND2027,vendor,Meridian Aircraft Maintenance,Staff-VPN,vpn_certificate,success,airport-terminal,0
IA006111,2026-06-21T07:22:02,STF1101,staff,Retail Concessions,Maintenance-Ticketing,sso_mfa,success,airport-terminal,0
IA000874,2026-06-21T07:41:17,VND2004,vendor,Falcon Cargo Handling,Gate-Management-System,badge+pin,success,airport-terminal,0
IA004303,2026-06-21T07:51:24,VND2014,vendor,AeroFuel Solutions,HR-Self-Service,vpn_password,success,airport-terminal,0
IA003279,2026-06-21T07:51:43,VND2013,vendor,Falcon Cargo Handling,HR-Self-Service,vpn_certificate,success,airport-terminal,0
IA004281,2026-06-21T07:58:04,STF1057,staff,Cargo,Gate-Management-System,sso_password,success,airport-terminal,0
IA002193,2026-06-21T08:02:22,STF1003,staff,IT,Staff-VPN,sso_mfa,success,airport-terminal,0
IA000463,2026-06-21T08:03:59,STF1066,staff,Retail Concessions,Staff-VPN,badge+pin,success,airport-terminal,0
IA003878,2026-06-21T08:06:10,STF1172,staff,Ground Operations,Maintenance-Ticketing,sso_password,success,airport-terminal,0
IA001178,2026-06-21T08:25:03,VND2029,vendor,Horizon Cleaning Services,Cargo-Manifest-System,sso_password,success,airport-terminal,0
IA004166,2026-06-21T08:29:43,STF1074,staff,Baggage Handling,Retail-POS-Backend,vpn_password,fail,airport-terminal,0
IA005606,2026-06-21T08:33:48,STF1055,staff,Cargo,Gate-Management-System,sso_mfa,success,airport-terminal,0
IA001678,2026-06-21T08:51:27,STF1128,staff,Retail Concessions,Baggage-Handling-System,sso_password,success,airport-terminal,0
IA003012,2026-06-21T08:53:11,STF1037,staff,Engineering & Maintenance,Departure-Control-System,sso_password,success,airport-terminal,0
IA001950,2026-06-21T08:54:37,STF1157,staff,Gate Services,Maintenance-Ticketing,badge+pin,success,airport-terminal,0
IA004453,2026-06-21T08:58:35,STF1146,staff,Ground Operations,Departure-Control-System,vpn_certificate,success,airport-terminal,0
IA004099,2026-06-21T09:02:08,STF1069,staff,Baggage Handling,Staff-VPN,sso_password,success,airport-terminal,0
IA003670,2026-06-21T09:11:06,VND2031,vendor,Meridian Aircraft Maintenance,Maintenance-Ticketing,badge+pin,success,vendor-remote-site,0
IA005730,2026-06-21T09:23:02,STF1058,staff,Gate Services,Gate-Management-System,sso_password,success,airport-terminal,0
IA002237,2026-06-21T09:50:57,STF1098,staff,Engineering & Maintenance,Maintenance-Ticketing,sso_password,success,airport-terminal,0
IA002744,2026-06-21T10:00:21,STF1152,staff,Ground Operations,Gate-Management-System,vpn_certificate,success,airport-terminal,0
IA004760,2026-06-21T10:11:46,VND2034,vendor,SkyLink Ground Services,Maintenance-Ticketing,sso_password,success,vendor-remote-site,0
IA006077,2026-06-21T10:24:15,STF1076,staff,Baggage Handling,Maintenance-Ticketing,vpn_password,fail,airport-terminal,0
IA003454,2026-06-21T10:26:15,STF1148,staff,Cargo,Retail-POS-Backend,badge+pin,success,airport-terminal,0
IA002408,2026-06-21T10:29:37,VND2004,vendor,Falcon Cargo Handling,Cargo-Manifest-System,badge+pin,success,vendor-remote-site,0
IA002461,2026-06-21T10:31:31,STF1166,staff,Baggage Handling,Gate-Management-System,sso_password,success,airport-terminal,0
IA000504,2026-06-21T10:33:13,STF1033,staff,Retail Concessions,Departure-Control-System,sso_password,success,airport-terminal,0
IA001147,2026-06-21T10:46:40,VND2022,vendor,Falcon Cargo Handling,Staff-VPN,sso_mfa,success,airport-terminal,0
IA000704,2026-06-21T10:56:03,VND2015,vendor,AeroFuel Solutions,Maintenance-Ticketing,sso_mfa,success,airport-terminal,0
IA004315,2026-06-21T11:05:52,STF1176,staff,Engineering & Maintenance,Cargo-Manifest-System,badge+pin,success,airport-terminal,0
IA003647,2026-06-21T11:06:03,VND2012,vendor,AeroFuel Solutions,Retail-POS-Backend,sso_password,success,airport-terminal,0
IA001677,2026-06-21T11:16:33,VND2008,vendor,SkyLink Ground Services,Cargo-Manifest-System,badge+pin,success,vendor-remote-site,0
IA002870,2026-06-21T11:23:06,STF1029,staff,Security,Staff-VPN,badge+pin,success,airport-terminal,0
IA002286,2026-06-21T11:27:51,STF1047,staff,Gate Services,Airfield-Ops-Portal,badge+pin,success,airport-terminal,0
IA005136,2026-06-21T11:33:10,STF1048,staff,Retail Concessions,HR-Self-Service,badge+pin,success,airport-terminal,0
IA003534,2026-06-21T11:57:53,STF1047,staff,Gate Services,Staff-VPN,sso_password,success,airport-terminal,0
IA003441,2026-06-21T12:09:02,VND2028,vendor,Horizon Cleaning Services,Airfield-Ops-Portal,badge+pin,success,vendor-remote-site,0
IA005106,2026-06-21T12:13:21,STF1044,staff,Ground Operations,Gate-Management-System,sso_mfa,success,airport-terminal,0
IA005789,2026-06-21T12:14:40,STF1167,staff,Retail Concessions,Departure-Control-System,sso_password,success,airport-terminal,0
IA004888,2026-06-21T12:34:33,STF1023,staff,Baggage Handling,Gate-Management-System,sso_mfa,success,airport-terminal,0
IA002968,2026-06-21T12:39:54,STF1121,staff,Security,Maintenance-Ticketing,vpn_password,success,airport-terminal,0
IA004055,2026-06-21T12:48:52,STF1011,staff,Retail Concessions,Gate-Management-System,vpn_certificate,success,airport-terminal,0
IA003620,2026-06-21T12:56:26,STF1021,staff,Ground Operations,Maintenance-Ticketing,sso_mfa,success,airport-terminal,0
IA003117,2026-06-21T13:09:26,VND2018,vendor,Falcon Cargo Handling,Staff-VPN,vpn_certificate,success,vendor-remote-site,0
IA004399,2026-06-21T13:19:37,STF1020,staff,Ground Operations,Maintenance-Ticketing,vpn_certificate,success,airport-terminal,0
IA000240,2026-06-21T13:24:27,STF1077,staff,Gate Services,Maintenance-Ticketing,badge+pin,success,airport-terminal,0
IA003123,2026-06-21T13:26:00,STF1071,staff,Cargo,HR-Self-Service,badge+pin,success,airport-terminal,0
IA003532,2026-06-21T13:29:42,STF1066,staff,Retail Concessions,Retail-POS-Backend,vpn_password,success,airport-terminal,0
IA006100,2026-06-21T13:40:45,STF1170,staff,Baggage Handling,Retail-POS-Backend,vpn_certificate,fail,airport-terminal,0
IA004601,2026-06-21T13:47:04,STF1105,staff,Baggage Handling,Airfield-Ops-Portal,badge+pin,success,airport-terminal,0
IA000111,2026-06-21T14:02:43,STF1032,staff,Security,Cargo-Manifest-System,sso_password,success,airport-terminal,0
IA002084,2026-06-21T14:11:16,STF1178,staff,Engineering & Maintenance,Maintenance-Ticketing,badge+pin,success,airport-terminal,0
IA002826,2026-06-21T14:20:46,STF1132,staff,Cargo,HR-Self-Service,badge+pin,success,airport-terminal,0
IA006104,2026-06-21T14:24:56,STF1004,staff,IT,Departure-Control-System,sso_mfa,success,airport-terminal,0
IA003865,2026-06-21T14:26:33,STF1057,staff,Cargo,Departure-Control-System,sso_mfa,success,airport-terminal,0
IA000549,2026-06-21T14:26:43,VND2001,vendor,Meridian Aircraft Maintenance,Baggage-Handling-System,vpn_certificate,success,vendor-remote-site,0
IA005508,2026-06-21T14:38:23,STF1118,staff,Engineering & Maintenance,Staff-VPN,sso_password,success,airport-terminal,0
IA000711,2026-06-21T14:47:11,STF1077,staff,Gate Services,Gate-Management-System,badge+pin,success,airport-terminal,0
IA000573,2026-06-21T14:54:39,STF1152,staff,Ground Operations,Cargo-Manifest-System,badge+pin,fail,airport-terminal,0
IA000639,2026-06-21T14:57:23,VND2025,vendor,SkyLink Ground Services,Retail-POS-Backend,sso_mfa,success,vendor-remote-site,0
IA001706,2026-06-21T14:59:19,STF1177,staff,IT,Gate-Management-System,sso_mfa,success,airport-terminal,0
IA005826,2026-06-21T14:59:29,STF1034,staff,Ground Operations,Staff-VPN,sso_mfa,success,airport-terminal,0
IA001943,2026-06-21T15:01:44,STF1049,staff,Retail Concessions,Departure-Control-System,badge+pin,success,airport-terminal,0
IA004775,2026-06-21T15:08:24,STF1087,staff,Ground Operations,Airfield-Ops-Portal,badge+pin,success,airport-terminal,0
IA005285,2026-06-21T15:23:11,STF1057,staff,Cargo,Departure-Control-System,vpn_password,success,airport-terminal,0
IA001527,2026-06-21T15:30:38,STF1176,staff,Engineering & Maintenance,Staff-VPN,sso_password,success,airport-terminal,0
IA001262,2026-06-21T15:32:19,VND2019,vendor,Falcon Cargo Handling,Airfield-Ops-Portal,vpn_password,success,airport-terminal,0
IA002080,2026-06-21T15:46:54,VND2015,vendor,AeroFuel Solutions,Baggage-Handling-System,vpn_certificate,success,vendor-remote-site,0
IA000104,2026-06-21T15:47:45,STF1028,staff,IT,Cargo-Manifest-System,sso_password,fail,airport-terminal,0
IA002785,2026-06-21T15:49:35,STF1122,staff,Gate Services,Gate-Management-System,badge+pin,success,airport-terminal,0
IA005669,2026-06-21T16:08:14,STF1114,staff,Gate Services,Departure-Control-System,sso_mfa,success,airport-terminal,0
IA001979,2026-06-21T16:08:20,STF1096,staff,Security,Staff-VPN,vpn_certificate,success,airport-terminal,0
IA002308,2026-06-21T16:21:01,STF1072,staff,Retail Concessions,Airfield-Ops-Portal,badge+pin,success,airport-terminal,0
IA002967,2026-06-21T16:29:33,STF1149,staff,Cargo,Departure-Control-System,badge+pin,success,airport-terminal,0
IA001730,2026-06-21T16:35:41,STF1042,staff,Retail Concessions,HR-Self-Service,sso_mfa,success,airport-terminal,0
IA000487,2026-06-21T16:50:02,STF1118,staff,Engineering & Maintenance,Departure-Control-System,badge+pin,success,airport-terminal,0
IA002192,2026-06-21T16:55:25,STF1175,staff,Ground Operations,Airfield-Ops-Portal,sso_mfa,success,airport-terminal,0
IA004380,2026-06-21T16:56:32,STF1162,staff,Ground Operations,Cargo-Manifest-System,badge+pin,success,airport-terminal,0
IA002290,2026-06-21T17:11:54,STF1149,staff,Cargo,Staff-VPN,vpn_password,success,airport-terminal,1
IA005461,2026-06-21T17:13:46,STF1157,staff,Gate Services,Baggage-Handling-System,sso_password,success,airport-terminal,0
IA000196,2026-06-21T17:26:59,STF1155,staff,Cargo,Gate-Management-System,vpn_certificate,success,airport-terminal,0
IA006041,2026-06-21T17:35:37,STF1025,staff,Security,Airfield-Ops-Portal,badge+pin,success,airport-terminal,0
IA002506,2026-06-21T17:43:16,STF1064,staff,Cargo,Airfield-Ops-Portal,sso_mfa,success,airport-terminal,0
IA002755,2026-06-21T17:52:39,STF1046,staff,Cargo,Baggage-Handling-System,badge+pin,success,airport-terminal,0
IA005202,2026-06-21T18:03:00,STF1037,staff,Engineering & Maintenance,Baggage-Handling-System,badge+pin,success,airport-terminal,0
IA003179,2026-06-21T18:11:01,STF1061,staff,Ground Operations,Staff-VPN,badge+pin,success,airport-terminal,0
IA001896,2026-06-21T18:15:21,STF1127,staff,Baggage Handling,Cargo-Manifest-System,badge+pin,success,airport-terminal,0
IA000234,2026-06-21T18:17:53,STF1108,staff,Security,Maintenance-Ticketing,vpn_certificate,fail,airport-terminal,0
IA000613,2026-06-21T18:19:57,VND2021,vendor,Falcon Cargo Handling,Gate-Management-System,badge+pin,success,airport-terminal,0
IA000567,2026-06-21T18:20:30,STF1103,staff,Retail Concessions,Gate-Management-System,sso_mfa,success,airport-terminal,0
IA005889,2026-06-21T18:21:18,STF1082,staff,Retail Concessions,Airfield-Ops-Portal,vpn_certificate,success,airport-terminal,0
IA005398,2026-06-21T18:21:38,STF1055,staff,Cargo,Baggage-Handling-System,badge+pin,success,airport-terminal,0
IA004570,2026-06-21T18:47:08,STF1049,staff,Retail Concessions,Departure-Control-System,badge+pin,success,airport-terminal,0
IA004092,2026-06-21T18:52:37,STF1063,staff,Retail Concessions,Maintenance-Ticketing,sso_password,success,airport-terminal,0
IA005748,2026-06-21T19:06:45,VND2012,vendor,AeroFuel Solutions,Staff-VPN,vpn_password,success,vendor-remote-site,0
IA004883,2026-06-21T19:06:57,STF1050,staff,Ground Operations,HR-Self-Service,sso_mfa,success,airport-terminal,0
IA003826,2026-06-21T19:19:32,STF1117,staff,IT,Cargo-Manifest-System,badge+pin,success,airport-terminal,0
IA000270,2026-06-21T19:27:02,STF1048,staff,Retail Concessions,Airfield-Ops-Portal,badge+pin,fail,airport-terminal,0
IA000533,2026-06-21T19:33:16,STF1017,staff,Gate Services,Retail-POS-Backend,badge+pin,success,airport-terminal,0
IA002213,2026-06-21T19:39:21,STF1155,staff,Cargo,HR-Self-Service,sso_mfa,success,airport-terminal,0
IA000476,2026-06-21T19:48:01,STF1159,staff,Engineering & Maintenance,Airfield-Ops-Portal,sso_mfa,success,airport-terminal,0
IA004242,2026-06-21T19:55:36,STF1164,staff,Ground Operations,Maintenance-Ticketing,vpn_password,success,airport-terminal,0
IA003537,2026-06-21T19:55:51,VND2032,vendor,AeroFuel Solutions,Baggage-Handling-System,badge+pin,success,airport-terminal,0
IA004696,2026-06-21T20:00:39,STF1100,staff,Engineering & Maintenance,HR-Self-Service,badge+pin,success,airport-terminal,0
IA005097,2026-06-21T20:06:24,VND2026,vendor,Horizon Cleaning Services,Retail-POS-Backend,sso_password,success,vendor-remote-site,0
IA004621,2026-06-21T20:09:44,STF1093,staff,Retail Concessions,Gate-Management-System,badge+pin,success,airport-terminal,0
IA002619,2026-06-21T20:17:14,STF1094,staff,IT,Baggage-Handling-System,badge+pin,success,airport-terminal,0
IA002209,2026-06-21T20:18:04,STF1006,staff,Retail Concessions,Airfield-Ops-Portal,badge+pin,success,airport-terminal,0
IA004747,2026-06-21T20:23:43,STF1034,staff,Ground Operations,Cargo-Manifest-System,sso_password,success,airport-terminal,0
IA002542,2026-06-21T20:28:36,VND2018,vendor,Falcon Cargo Handling,Airfield-Ops-Portal,badge+pin,success,vendor-remote-site,0
IA004504,2026-06-21T20:29:09,STF1117,staff,IT,Staff-VPN,sso_password,success,airport-terminal,0
IA001260,2026-06-21T20:30:05,VND2030,vendor,Meridian Aircraft Maintenance,Departure-Control-System,sso_password,success,vendor-remote-site,0
IA001542,2026-06-21T20:44:26,STF1139,staff,Gate Services,Maintenance-Ticketing,badge+pin,success,airport-terminal,0
IA003681,2026-06-21T20:46:40,STF1081,staff,Cargo,Departure-Control-System,badge+pin,success,airport-terminal,0
IA001243,2026-06-21T20:52:15,STF1010,staff,Gate Services,Baggage-Handling-System,sso_password,success,airport-terminal,0
IA001675,2026-06-21T21:02:04,STF1005,staff,Retail Concessions,Staff-VPN,sso_password,fail,airport-terminal,0
IA004093,2026-06-21T21:18:14,STF1010,staff,Gate Services,Staff-VPN,vpn_password,success,airport-terminal,0
IA003768,2026-06-21T21:31:50,STF1170,staff,Baggage Handling,Retail-POS-Backend,sso_password,success,airport-terminal,0
IA000943,2026-06-21T21:34:44,STF1110,staff,Security,Maintenance-Ticketing,badge+pin,success,airport-terminal,0
IA002656,2026-06-21T21:35:09,STF1164,staff,Ground Operations,Departure-Control-System,vpn_password,success,airport-terminal,1
IA002662,2026-06-21T21:38:22,STF1157,staff,Gate Services,Retail-POS-Backend,sso_password,success,airport-terminal,0
IA004437,2026-06-21T21:43:43,STF1087,staff,Ground Operations,Maintenance-Ticketing,badge+pin,fail,airport-terminal,0
IA005451,2026-06-21T21:54:01,STF1114,staff,Gate Services,Airfield-Ops-Portal,badge+pin,success,airport-terminal,0
IA000039,2026-06-21T21:57:40,STF1058,staff,Gate Services,Airfield-Ops-Portal,sso_password,success,airport-terminal,0
IA005790,2026-06-22T00:09:41,VND2021,vendor,Falcon Cargo Handling,Maintenance-Ticketing,vpn_password,success,vendor-remote-site,0
IA005083,2026-06-22T00:18:06,STF1085,staff,Gate Services,Maintenance-Ticketing,sso_mfa,success,airport-terminal,0
IA000372,2026-06-22T00:29:54,STF1160,staff,Gate Services,Departure-Control-System,vpn_password,success,airport-terminal,1
IA003506,2026-06-22T01:09:49,STF1171,staff,Retail Concessions,Staff-VPN,sso_password,success,airport-terminal,0
IA002278,2026-06-22T01:20:37,VND2033,vendor,Meridian Aircraft Maintenance,Departure-Control-System,sso_password,success,airport-terminal,1
IA000264,2026-06-22T01:39:10,STF1043,staff,Cargo,HR-Self-Service,sso_password,success,airport-terminal,0
IA002885,2026-06-22T03:58:55,STF1178,staff,Engineering & Maintenance,Gate-Management-System,sso_mfa,success,airport-terminal,0
IA003677,2026-06-22T04:38:45,STF1099,staff,Baggage Handling,Baggage-Handling-System,sso_mfa,fail,airport-terminal,0
IA002976,2026-06-22T06:01:19,STF1115,staff,Engineering & Maintenance,Retail-POS-Backend,sso_mfa,success,airport-terminal,0
IA002739,2026-06-22T06:01:20,STF1043,staff,Cargo,Gate-Management-System,badge+pin,success,airport-terminal,0
IA002106,2026-06-22T06:04:05,STF1170,staff,Baggage Handling,Airfield-Ops-Portal,sso_password,success,airport-terminal,0
IA000295,2026-06-22T06:05:51,STF1000,staff,Ground Operations,Baggage-Handling-System,vpn_password,fail,airport-terminal,0
IA001315,2026-06-22T06:06:41,STF1132,staff,Cargo,Maintenance-Ticketing,badge+pin,success,airport-terminal,0
IA000315,2026-06-22T06:18:46,STF1037,staff,Engineering & Maintenance,Cargo-Manifest-System,badge+pin,success,airport-terminal,0
IA003603,2026-06-22T06:25:14,VND2002,vendor,Horizon Cleaning Services,Staff-VPN,vpn_certificate,success,airport-terminal,0
IA003439,2026-06-22T06:29:11,STF1149,staff,Cargo,Maintenance-Ticketing,sso_password,success,airport-terminal,0
IA004065,2026-06-22T06:45:22,STF1042,staff,Retail Concessions,Departure-Control-System,vpn_certificate,success,airport-terminal,0
IA003638,2026-06-22T07:18:31,STF1093,staff,Retail Concessions,Airfield-Ops-Portal,badge+pin,success,airport-terminal,0
IA001292,2026-06-22T07:25:08,STF1032,staff,Security,Gate-Management-System,badge+pin,success,airport-terminal,0
IA002986,2026-06-22T07:28:12,STF1162,staff,Ground Operations,Airfield-Ops-Portal,badge+pin,success,airport-terminal,0
IA005344,2026-06-22T07:33:26,STF1168,staff,Gate Services,Gate-Management-System,badge+pin,success,airport-terminal,0
IA001764,2026-06-22T07:36:35,STF1056,staff,IT,Gate-Management-System,vpn_certificate,success,airport-terminal,0
IA001972,2026-06-22T07:36:59,STF1086,staff,Baggage Handling,Airfield-Ops-Portal,vpn_certificate,success,airport-terminal,0
IA003746,2026-06-22T07:40:27,STF1165,staff,Cargo,Cargo-Manifest-System,sso_mfa,success,airport-terminal,0
IA004516,2026-06-22T07:44:49,STF1060,staff,Retail Concessions,Airfield-Ops-Portal,badge+pin,success,airport-terminal,0
IA003325,2026-06-22T07:48:13,STF1129,staff,Security,Baggage-Handling-System,badge+pin,success,airport-terminal,0
IA005200,2026-06-22T07:55:05,STF1107,staff,Baggage Handling,Gate-Management-System,badge+pin,success,airport-terminal,0
IA001360,2026-06-22T07:57:01,STF1168,staff,Gate Services,Cargo-Manifest-System,badge+pin,success,airport-terminal,0
IA004089,2026-06-22T07:58:56,STF1043,staff,Cargo,Staff-VPN,sso_password,success,airport-terminal,0
IA004728,2026-06-22T08:07:57,VND2018,vendor,Falcon Cargo Handling,Staff-VPN,vpn_password,success,vendor-remote-site,0
IA002090,2026-06-22T08:19:13,VND2004,vendor,Falcon Cargo Handling,Staff-VPN,sso_password,success,vendor-remote-site,0
IA005050,2026-06-22T08:23:39,STF1068,staff,Ground Operations,Baggage-Handling-System,sso_mfa,success,airport-terminal,0
IA002422,2026-06-22T08:26:40,VND2003,vendor,Falcon Cargo Handling,Cargo-Manifest-System,sso_mfa,success,vendor-remote-site,0
IA003073,2026-06-22T08:28:02,VND2017,vendor,Horizon Cleaning Services,Baggage-Handling-System,badge+pin,success,airport-terminal,0
IA003582,2026-06-22T08:31:32,STF1090,staff,Engineering & Maintenance,Retail-POS-Backend,vpn_certificate,success,airport-terminal,0
IA000772,2026-06-22T08:38:44,STF1042,staff,Retail Concessions,Airfield-Ops-Portal,sso_password,success,airport-terminal,0
IA004443,2026-06-22T08:40:07,STF1008,staff,Ground Operations,Retail-POS-Backend,sso_mfa,success,airport-terminal,0
IA002123,2026-06-22T08:55:09,VND2025,vendor,SkyLink Ground Services,Departure-Control-System,sso_password,success,airport-terminal,0
IA001659,2026-06-22T08:58:21,VND2020,vendor,Coastal Catering Co,Retail-POS-Backend,vpn_certificate,success,airport-terminal,0
IA005315,2026-06-22T09:22:52,STF1151,staff,Baggage Handling,HR-Self-Service,sso_password,success,airport-terminal,0
IA004441,2026-06-22T09:32:55,VND2006,vendor,Coastal Catering Co,Cargo-Manifest-System,badge+pin,success,vendor-remote-site,0
IA003132,2026-06-22T09:33:44,STF1154,staff,Ground Operations,HR-Self-Service,vpn_certificate,success,airport-terminal,0
IA006185,2026-06-22T09:43:40,STF1084,staff,IT,Departure-Control-System,vpn_password,success,airport-terminal,0
IA001385,2026-06-22T09:45:04,VND2015,vendor,AeroFuel Solutions,Staff-VPN,sso_password,fail,airport-terminal,0
IA003125,2026-06-22T09:46:14,STF1133,staff,Baggage Handling,Staff-VPN,sso_password,success,airport-terminal,0
IA000279,2026-06-22T09:51:25,STF1023,staff,Baggage Handling,Staff-VPN,sso_mfa,success,airport-terminal,0
IA004417,2026-06-22T09:52:22,STF1109,staff,IT,Departure-Control-System,sso_password,success,airport-terminal,0
IA000394,2026-06-22T10:06:09,STF1015,staff,Gate Services,Gate-Management-System,badge+pin,success,airport-terminal,0
IA003991,2026-06-22T10:09:21,STF1121,staff,Security,Cargo-Manifest-System,sso_mfa,success,airport-terminal,0
IA000762,2026-06-22T10:13:08,STF1171,staff,Retail Concessions,Cargo-Manifest-System,sso_mfa,success,airport-terminal,0
IA004769,2026-06-22T10:25:25,VND2029,vendor,Horizon Cleaning Services,Gate-Management-System,badge+pin,success,airport-terminal,0
IA004591,2026-06-22T10:38:23,STF1157,staff,Gate Services,Retail-POS-Backend,sso_password,success,airport-terminal,0
IA003763,2026-06-22T10:47:34,STF1123,staff,Baggage Handling,Staff-VPN,badge+pin,success,airport-terminal,0
IA004901,2026-06-22T11:03:21,STF1127,staff,Baggage Handling,Maintenance-Ticketing,badge+pin,success,airport-terminal,0
IA000973,2026-06-22T11:03:54,STF1101,staff,Retail Concessions,Airfield-Ops-Portal,sso_password,success,airport-terminal,0
IA000452,2026-06-22T11:12:39,VND2009,vendor,Falcon Cargo Handling,Baggage-Handling-System,sso_password,success,vendor-remote-site,0
IA003306,2026-06-22T11:17:33,STF1002,staff,Ground Operations,Maintenance-Ticketing,badge+pin,success,airport-terminal,0
IA003503,2026-06-22T11:19:33,STF1117,staff,IT,Departure-Control-System,vpn_certificate,success,airport-terminal,0
IA002616,2026-06-22T11:22:34,VND2009,vendor,Falcon Cargo Handling,Staff-VPN,sso_password,success,airport-terminal,0
IA004710,2026-06-22T11:22:44,STF1138,staff,Security,HR-Self-Service,vpn_password,success,airport-terminal,0
IA003095,2026-06-22T11:42:24,STF1017,staff,Gate Services,Baggage-Handling-System,sso_password,success,airport-terminal,0
IA005813,2026-06-22T11:42:37,STF1113,staff,IT,Departure-Control-System,sso_mfa,success,airport-terminal,0
IA005582,2026-06-22T11:59:47,STF1170,staff,Baggage Handling,Departure-Control-System,sso_mfa,success,airport-terminal,0
IA001563,2026-06-22T12:07:44,STF1025,staff,Security,Retail-POS-Backend,sso_mfa,success,airport-terminal,0
IA000831,2026-06-22T12:08:45,STF1146,staff,Ground Operations,Departure-Control-System,sso_password,success,airport-terminal,0
IA000598,2026-06-22T12:17:38,STF1151,staff,Baggage Handling,HR-Self-Service,sso_password,success,airport-terminal,0
IA004792,2026-06-22T12:30:10,STF1106,staff,Retail Concessions,Airfield-Ops-Portal,sso_password,success,airport-terminal,0
IA006021,2026-06-22T12:34:49,STF1023,staff,Baggage Handling,Staff-VPN,vpn_password,success,airport-terminal,0
IA005570,2026-06-22T13:06:51,STF1163,staff,Retail Concessions,Baggage-Handling-System,badge+pin,success,airport-terminal,0
IA005695,2026-06-22T13:10:09,VND2002,vendor,Horizon Cleaning Services,Cargo-Manifest-System,sso_mfa,success,vendor-remote-site,0
IA004010,2026-06-22T13:20:39,STF1119,staff,Baggage Handling,HR-Self-Service,vpn_certificate,success,airport-terminal,0
IA004739,2026-06-22T13:22:10,STF1096,staff,Security,Departure-Control-System,sso_password,success,airport-terminal,0
IA004407,2026-06-22T13:31:03,STF1083,staff,Security,Baggage-Handling-System,badge+pin,success,airport-terminal,0
IA003672,2026-06-22T13:37:35,STF1139,staff,Gate Services,HR-Self-Service,badge+pin,success,airport-terminal,0
IA002908,2026-06-22T13:38:09,STF1150,staff,IT,Staff-VPN,badge+pin,fail,airport-terminal,0
IA002064,2026-06-22T14:06:22,STF1157,staff,Gate Services,HR-Self-Service,sso_mfa,success,airport-terminal,0
IA000607,2026-06-22T14:13:05,STF1139,staff,Gate Services,Gate-Management-System,sso_password,success,airport-terminal,0
IA003115,2026-06-22T14:14:22,STF1137,staff,Retail Concessions,HR-Self-Service,vpn_password,success,airport-terminal,0
IA003913,2026-06-22T14:21:32,STF1007,staff,Baggage Handling,Gate-Management-System,vpn_certificate,success,airport-terminal,0
IA002838,2026-06-22T14:28:37,STF1072,staff,Retail Concessions,HR-Self-Service,sso_password,success,airport-terminal,0
IA001461,2026-06-22T14:33:22,STF1071,staff,Cargo,Maintenance-Ticketing,sso_mfa,success,airport-terminal,0
IA000827,2026-06-22T14:37:59,STF1003,staff,IT,Retail-POS-Backend,badge+pin,success,airport-terminal,0
IA005515,2026-06-22T14:41:22,STF1031,staff,Cargo,Airfield-Ops-Portal,badge+pin,success,airport-terminal,0
IA005156,2026-06-22T14:41:58,STF1161,staff,Ground Operations,Maintenance-Ticketing,vpn_certificate,success,airport-terminal,0
IA005310,2026-06-22T14:48:37,STF1101,staff,Retail Concessions,Airfield-Ops-Portal,sso_mfa,success,airport-terminal,0
IA001634,2026-06-22T15:01:12,STF1138,staff,Security,Baggage-Handling-System,sso_password,success,airport-terminal,0
IA004337,2026-06-22T15:10:29,VND2019,vendor,Falcon Cargo Handling,Departure-Control-System,sso_password,success,airport-terminal,0
IA002546,2026-06-22T15:10:32,STF1102,staff,IT,Retail-POS-Backend,sso_mfa,success,airport-terminal,0
IA002791,2026-06-22T15:15:16,STF1085,staff,Gate Services,Retail-POS-Backend,sso_password,success,airport-terminal,0
IA004962,2026-06-22T15:26:26,STF1142,staff,Gate Services,HR-Self-Service,sso_password,success,airport-terminal,0
IA003070,2026-06-22T15:26:53,STF1036,staff,Gate Services,Airfield-Ops-Portal,sso_mfa,success,airport-terminal,0
IA002331,2026-06-22T15:39:24,STF1123,staff,Baggage Handling,Baggage-Handling-System,badge+pin,success,airport-terminal,0
IA001167,2026-06-22T15:43:24,VND2034,vendor,SkyLink Ground Services,Departure-Control-System,badge+pin,success,vendor-remote-site,0
IA004302,2026-06-22T15:58:48,STF1071,staff,Cargo,Baggage-Handling-System,badge+pin,success,airport-terminal,0
IA001853,2026-06-22T16:00:19,VND2011,vendor,Falcon Cargo Handling,Staff-VPN,badge+pin,success,vendor-remote-site,0
IA000299,2026-06-22T16:18:46,STF1010,staff,Gate Services,HR-Self-Service,badge+pin,success,airport-terminal,0
IA000582,2026-06-22T16:45:39,STF1171,staff,Retail Concessions,Airfield-Ops-Portal,badge+pin,success,airport-terminal,0
IA003849,2026-06-22T16:55:55,STF1143,staff,Engineering & Maintenance,HR-Self-Service,badge+pin,success,airport-terminal,0
IA000882,2026-06-22T17:02:31,STF1103,staff,Retail Concessions,Airfield-Ops-Portal,sso_password,success,airport-terminal,0
IA004352,2026-06-22T17:02:42,STF1060,staff,Retail Concessions,Airfield-Ops-Portal,sso_password,success,airport-terminal,0
IA003262,2026-06-22T17:03:55,STF1073,staff,Gate Services,Baggage-Handling-System,sso_mfa,success,airport-terminal,0
IA005945,2026-06-22T17:06:15,STF1055,staff,Cargo,HR-Self-Service,vpn_password,success,airport-terminal,0
IA003296,2026-06-22T17:19:07,VND2029,vendor,Horizon Cleaning Services,Maintenance-Ticketing,sso_mfa,success,airport-terminal,0
IA001501,2026-06-22T17:35:20,STF1056,staff,IT,HR-Self-Service,vpn_password,success,airport-terminal,0
IA003911,2026-06-22T17:37:17,STF1145,staff,Ground Operations,Airfield-Ops-Portal,badge+pin,success,airport-terminal,0
IA002264,2026-06-22T17:44:40,STF1140,staff,Engineering & Maintenance,Airfield-Ops-Portal,sso_mfa,success,airport-terminal,0
IA001986,2026-06-22T17:46:41,STF1033,staff,Retail Concessions,HR-Self-Service,sso_password,success,airport-terminal,0
IA002345,2026-06-22T17:59:11,VND2005,vendor,AeroFuel Solutions,HR-Self-Service,sso_password,fail,vendor-remote-site,0
IA006115,2026-06-22T18:09:51,STF1162,staff,Ground Operations,Retail-POS-Backend,vpn_certificate,success,airport-terminal,0
IA004056,2026-06-22T18:13:07,STF1170,staff,Baggage Handling,Staff-VPN,vpn_password,success,airport-terminal,0
IA004967,2026-06-22T18:18:56,STF1136,staff,Baggage Handling,Departure-Control-System,badge+pin,success,airport-terminal,0
IA005123,2026-06-22T18:25:38,STF1166,staff,Baggage Handling,Airfield-Ops-Portal,sso_mfa,success,airport-terminal,0
IA000103,2026-06-22T18:43:11,VND2028,vendor,Horizon Cleaning Services,HR-Self-Service,badge+pin,success,airport-terminal,0
IA004161,2026-06-22T18:51:22,STF1112,staff,Cargo,Gate-Management-System,vpn_certificate,success,airport-terminal,0
IA002404,2026-06-22T19:07:38,STF1087,staff,Ground Operations,Baggage-Handling-System,badge+pin,success,airport-terminal,0
IA001316,2026-06-22T19:19:36,VND2014,vendor,AeroFuel Solutions,HR-Self-Service,badge+pin,success,vendor-remote-site,0
IA001217,2026-06-22T19:23:03,VND2029,vendor,Horizon Cleaning Services,Retail-POS-Backend,sso_password,success,vendor-remote-site,0
IA005473,2026-06-22T19:29:27,VND2020,vendor,Coastal Catering Co,HR-Self-Service,badge+pin,success,vendor-remote-site,0
IA000766,2026-06-22T19:53:47,STF1019,staff,Cargo,Maintenance-Ticketing,vpn_certificate,success,airport-terminal,0
IA004195,2026-06-22T19:55:14,STF1159,staff,Engineering & Maintenance,Baggage-Handling-System,badge+pin,success,airport-terminal,0
IA002848,2026-06-22T20:17:53,STF1109,staff,IT,Staff-VPN,sso_password,success,airport-terminal,0
IA000723,2026-06-22T20:20:49,STF1021,staff,Ground Operations,Cargo-Manifest-System,sso_password,success,airport-terminal,0
IA000965,2026-06-22T21:02:38,STF1042,staff,Retail Concessions,Baggage-Handling-System,vpn_password,success,airport-terminal,0
IA002872,2026-06-22T21:04:28,STF1089,staff,Retail Concessions,Cargo-Manifest-System,sso_mfa,fail,airport-terminal,0
IA004757,2026-06-22T21:07:00,STF1128,staff,Retail Concessions,Maintenance-Ticketing,vpn_certificate,success,airport-terminal,0
IA005863,2026-06-22T21:34:33,VND2004,vendor,Falcon Cargo Handling,Gate-Management-System,sso_password,success,vendor-remote-site,0
IA001930,2026-06-22T21:35:49,VND2025,vendor,SkyLink Ground Services,HR-Self-Service,sso_password,success,vendor-remote-site,0
IA004188,2026-06-22T21:42:36,STF1092,staff,Baggage Handling,Maintenance-Ticketing,sso_password,success,airport-terminal,0
IA004804,2026-06-22T21:43:29,VND2007,vendor,SkyLink Ground Services,Retail-POS-Backend,sso_mfa,success,vendor-remote-site,0
IA000740,2026-06-22T21:44:09,STF1088,staff,Ground Operations,HR-Self-Service,sso_password,success,airport-terminal,0
IA001663,2026-06-22T21:50:20,VND2022,vendor,Falcon Cargo Handling,Airfield-Ops-Portal,sso_mfa,fail,airport-terminal,0
IA005347,2026-06-22T23:27:38,STF1019,staff,Cargo,Departure-Control-System,vpn_password,success,airport-terminal,0
IA002798,2026-06-23T00:58:13,STF1134,staff,Gate Services,Gate-Management-System,badge+pin,success,airport-terminal,0
IA004510,2026-06-23T02:00:12,VND2033,vendor,Meridian Aircraft Maintenance,Staff-VPN,vpn_password,success,vendor-remote-site,1
IA000932,2026-06-23T02:11:51,STF1072,staff,Retail Concessions,Baggage-Handling-System,sso_password,success,airport-terminal,0
IA004919,2026-06-23T02:28:06,VND2004,vendor,Falcon Cargo Handling,Maintenance-Ticketing,badge+pin,success,vendor-remote-site,0
IA000451,2026-06-23T03:04:04,STF1175,staff,Ground Operations,Departure-Control-System,sso_mfa,success,airport-terminal,0
IA002224,2026-06-23T04:14:19,VND2024,vendor,AeroFuel Solutions,Staff-VPN,sso_password,success,vendor-remote-site,0
IA003184,2026-06-23T04:22:22,STF1120,staff,Engineering & Maintenance,Staff-VPN,sso_mfa,success,airport-terminal,0
IA006166,2026-06-23T04:42:20,STF1125,staff,Retail Concessions,Retail-POS-Backend,sso_mfa,success,airport-terminal,0
IA000029,2026-06-23T06:09:45,STF1031,staff,Cargo,Baggage-Handling-System,vpn_password,success,airport-terminal,0
IA002332,2026-06-23T06:15:29,STF1172,staff,Ground Operations,Staff-VPN,badge+pin,success,airport-terminal,0
IA000572,2026-06-23T06:21:45,STF1088,staff,Ground Operations,Maintenance-Ticketing,badge+pin,success,airport-terminal,0
IA003065,2026-06-23T06:29:55,VND2011,vendor,Falcon Cargo Handling,Staff-VPN,sso_password,success,airport-terminal,0
IA000301,2026-06-23T06:31:08,STF1174,staff,Ground Operations,Maintenance-Ticketing,badge+pin,success,airport-terminal,0
IA005130,2026-06-23T06:39:58,STF1129,staff,Security,Airfield-Ops-Portal,sso_mfa,success,airport-terminal,0
IA006076,2026-06-23T06:44:15,STF1025,staff,Security,Gate-Management-System,sso_mfa,success,airport-terminal,0
IA000699,2026-06-23T06:55:07,STF1043,staff,Cargo,Staff-VPN,sso_mfa,success,airport-terminal,0
IA005926,2026-06-23T06:56:29,VND2027,vendor,Meridian Aircraft Maintenance,Gate-Management-System,sso_password,fail,airport-terminal,0
IA004290,2026-06-23T06:57:04,STF1041,staff,Security,Cargo-Manifest-System,vpn_certificate,success,airport-terminal,0
IA004636,2026-06-23T06:57:08,STF1128,staff,Retail Concessions,Cargo-Manifest-System,badge+pin,success,airport-terminal,0
IA002832,2026-06-23T07:01:39,VND2030,vendor,Meridian Aircraft Maintenance,Gate-Management-System,sso_mfa,success,airport-terminal,0
IA004871,2026-06-23T07:04:27,STF1062,staff,Gate Services,Airfield-Ops-Portal,badge+pin,success,airport-terminal,0
IA004593,2026-06-23T07:10:25,STF1144,staff,Security,HR-Self-Service,sso_mfa,success,airport-terminal,0
IA001554,2026-06-23T07:21:47,STF1164,staff,Ground Operations,Staff-VPN,sso_password,success,airport-terminal,0
IA000530,2026-06-23T07:37:55,STF1036,staff,Gate Services,Airfield-Ops-Portal,sso_mfa,success,airport-terminal,0
IA004033,2026-06-23T07:44:01,STF1039,staff,Engineering & Maintenance,Baggage-Handling-System,badge+pin,fail,airport-terminal,0
IA004390,2026-06-23T07:46:32,STF1158,staff,Baggage Handling,HR-Self-Service,sso_password,success,airport-terminal,0
IA000744,2026-06-23T07:56:39,VND2030,vendor,Meridian Aircraft Maintenance,Airfield-Ops-Portal,badge+pin,fail,vendor-remote-site,0
IA001445,2026-06-23T08:14:27,STF1050,staff,Ground Operations,Cargo-Manifest-System,vpn_certificate,success,airport-terminal,0
IA005604,2026-06-23T08:21:13,VND2028,vendor,Horizon Cleaning Services,Cargo-Manifest-System,badge+pin,success,vendor-remote-site,0
IA001949,2026-06-23T08:32:24,STF1057,staff,Cargo,Maintenance-Ticketing,vpn_password,success,airport-terminal,0
IA002914,2026-06-23T08:35:35,STF1107,staff,Baggage Handling,Staff-VPN,badge+pin,success,airport-terminal,0
IA000227,2026-06-23T08:36:47,STF1089,staff,Retail Concessions,Cargo-Manifest-System,sso_password,success,airport-terminal,0
IA004630,2026-06-23T08:37:12,STF1062,staff,Gate Services,Gate-Management-System,vpn_certificate,success,airport-terminal,0
IA005294,2026-06-23T08:57:50,STF1035,staff,Retail Concessions,Cargo-Manifest-System,badge+pin,success,airport-terminal,0
IA002315,2026-06-23T09:00:24,STF1136,staff,Baggage Handling,Airfield-Ops-Portal,sso_mfa,success,airport-terminal,0
IA002760,2026-06-23T09:18:35,VND2000,vendor,SkyLink Ground Services,Gate-Management-System,sso_password,success,vendor-remote-site,0
IA002355,2026-06-23T09:23:25,STF1040,staff,Cargo,Retail-POS-Backend,badge+pin,success,airport-terminal,0
IA004823,2026-06-23T09:33:03,STF1074,staff,Baggage Handling,Cargo-Manifest-System,sso_mfa,success,airport-terminal,0
IA002319,2026-06-23T09:38:34,VND2015,vendor,AeroFuel Solutions,Departure-Control-System,sso_mfa,success,airport-terminal,0
IA004723,2026-06-23T10:16:07,VND2000,vendor,SkyLink Ground Services,Maintenance-Ticketing,badge+pin,success,vendor-remote-site,0
IA002108,2026-06-23T10:16:31,VND2016,vendor,AeroFuel Solutions,Cargo-Manifest-System,badge+pin,success,airport-terminal,0
IA002782,2026-06-23T10:20:26,STF1054,staff,Security,Retail-POS-Backend,badge+pin,success,airport-terminal,0
IA000693,2026-06-23T10:21:28,STF1163,staff,Retail Concessions,Staff-VPN,sso_mfa,success,airport-terminal,0
IA003842,2026-06-23T10:29:26,STF1091,staff,IT,Airfield-Ops-Portal,sso_password,success,airport-terminal,0
IA004902,2026-06-23T10:29:48,STF1054,staff,Security,Airfield-Ops-Portal,badge+pin,success,airport-terminal,0
IA002729,2026-06-23T10:45:20,STF1135,staff,Security,Cargo-Manifest-System,sso_mfa,success,airport-terminal,0
IA003824,2026-06-23T10:49:28,VND2024,vendor,AeroFuel Solutions,Departure-Control-System,vpn_certificate,success,airport-terminal,0
IA000942,2026-06-23T10:52:16,VND2009,vendor,Falcon Cargo Handling,Staff-VPN,sso_mfa,success,airport-terminal,0
IA000650,2026-06-23T10:58:24,VND2020,vendor,Coastal Catering Co,Departure-Control-System,vpn_password,success,airport-terminal,0
IA000818,2026-06-23T11:01:30,STF1004,staff,IT,Maintenance-Ticketing,sso_mfa,success,airport-terminal,0
IA000972,2026-06-23T11:25:06,VND2001,vendor,Meridian Aircraft Maintenance,Staff-VPN,sso_password,success,vendor-remote-site,0
IA002096,2026-06-23T11:32:39,VND2011,vendor,Falcon Cargo Handling,Cargo-Manifest-System,sso_mfa,success,airport-terminal,0
IA002846,2026-06-23T11:33:25,VND2003,vendor,Falcon Cargo Handling,Gate-Management-System,badge+pin,success,vendor-remote-site,0
IA000412,2026-06-23T11:37:53,STF1057,staff,Cargo,Departure-Control-System,sso_password,success,airport-terminal,0
IA005532,2026-06-23T11:41:15,STF1100,staff,Engineering & Maintenance,Airfield-Ops-Portal,badge+pin,fail,airport-terminal,0
IA005668,2026-06-23T11:49:58,STF1168,staff,Gate Services,HR-Self-Service,badge+pin,success,airport-terminal,0
IA000439,2026-06-23T11:57:46,STF1167,staff,Retail Concessions,Cargo-Manifest-System,sso_password,success,airport-terminal,0
IA003374,2026-06-23T12:19:03,STF1080,staff,Cargo,Cargo-Manifest-System,badge+pin,fail,airport-terminal,0
IA005849,2026-06-23T12:25:43,STF1115,staff,Engineering & Maintenance,Maintenance-Ticketing,badge+pin,success,airport-terminal,0
IA001799,2026-06-23T12:31:52,STF1023,staff,Baggage Handling,Staff-VPN,sso_password,success,airport-terminal,0
IA000397,2026-06-23T12:41:04,STF1153,staff,Ground Operations,Baggage-Handling-System,vpn_password,success,airport-terminal,0
IA005359,2026-06-23T12:43:13,VND2017,vendor,Horizon Cleaning Services,Baggage-Handling-System,vpn_certificate,success,vendor-remote-site,0
IA005423,2026-06-23T12:43:46,STF1050,staff,Ground Operations,Maintenance-Ticketing,vpn_certificate,success,airport-terminal,0
IA000654,2026-06-23T12:59:18,VND2011,vendor,Falcon Cargo Handling,Departure-Control-System,sso_password,success,vendor-remote-site,0
IA003149,2026-06-23T13:06:42,STF1094,staff,IT,Maintenance-Ticketing,vpn_password,success,airport-terminal,0
IA005161,2026-06-23T13:13:25,VND2007,vendor,SkyLink Ground Services,Departure-Control-System,vpn_password,success,vendor-remote-site,0
IA000997,2026-06-23T13:26:00,STF1121,staff,Security,Cargo-Manifest-System,vpn_password,success,airport-terminal,0
IA003360,2026-06-23T13:30:51,STF1016,staff,Gate Services,Baggage-Handling-System,badge+pin,success,airport-terminal,0
IA005856,2026-06-23T13:31:26,STF1020,staff,Ground Operations,Airfield-Ops-Portal,badge+pin,success,airport-terminal,0
IA000657,2026-06-23T14:12:04,VND2013,vendor,Falcon Cargo Handling,Departure-Control-System,sso_mfa,success,airport-terminal,0
IA001921,2026-06-23T14:15:14,STF1177,staff,IT,Cargo-Manifest-System,badge+pin,success,airport-terminal,0
IA002313,2026-06-23T14:18:46,STF1133,staff,Baggage Handling,Staff-VPN,sso_mfa,success,airport-terminal,0
IA001536,2026-06-23T14:31:53,VND2000,vendor,SkyLink Ground Services,Baggage-Handling-System,vpn_certificate,success,vendor-remote-site,0
IA004462,2026-06-23T14:32:12,STF1116,staff,IT,HR-Self-Service,sso_password,success,airport-terminal,0
IA001686,2026-06-23T14:37:24,STF1009,staff,Retail Concessions,Airfield-Ops-Portal,sso_mfa,success,airport-terminal,0
IA003787,2026-06-23T14:39:35,STF1099,staff,Baggage Handling,HR-Self-Service,sso_password,success,airport-terminal,0
IA001361,2026-06-23T14:46:45,STF1074,staff,Baggage Handling,Cargo-Manifest-System,sso_password,success,airport-terminal,0
IA004377,2026-06-23T15:07:39,STF1027,staff,Baggage Handling,Retail-POS-Backend,badge+pin,success,airport-terminal,0
IA003008,2026-06-23T15:27:04,STF1010,staff,Gate Services,Maintenance-Ticketing,badge+pin,success,airport-terminal,0
IA006109,2026-06-23T15:37:07,VND2002,vendor,Horizon Cleaning Services,HR-Self-Service,vpn_certificate,fail,vendor-remote-site,0
IA005972,2026-06-23T15:45:50,STF1066,staff,Retail Concessions,HR-Self-Service,vpn_certificate,success,airport-terminal,0
IA005329,2026-06-23T15:46:55,STF1166,staff,Baggage Handling,Cargo-Manifest-System,badge+pin,success,airport-terminal,0
IA003240,2026-06-23T15:48:38,STF1134,staff,Gate Services,Gate-Management-System,sso_mfa,success,airport-terminal,0
IA002321,2026-06-23T15:58:22,VND2004,vendor,Falcon Cargo Handling,Cargo-Manifest-System,badge+pin,success,airport-terminal,0
IA000976,2026-06-23T16:01:32,STF1097,staff,Retail Concessions,HR-Self-Service,badge+pin,fail,airport-terminal,0
IA000542,2026-06-23T16:01:50,STF1168,staff,Gate Services,Baggage-Handling-System,badge+pin,success,airport-terminal,0
IA000670,2026-06-23T16:11:47,STF1158,staff,Baggage Handling,Retail-POS-Backend,vpn_password,success,airport-terminal,0
IA002182,2026-06-23T16:27:43,VND2023,vendor,SkyLink Ground Services,Maintenance-Ticketing,vpn_certificate,success,airport-terminal,0
IA003176,2026-06-23T17:17:48,STF1136,staff,Baggage Handling,Cargo-Manifest-System,sso_password,success,airport-terminal,0
IA000206,2026-06-23T17:22:39,STF1151,staff,Baggage Handling,Departure-Control-System,badge+pin,fail,airport-terminal,0
IA006146,2026-06-23T17:38:23,STF1067,staff,IT,Cargo-Manifest-System,vpn_password,success,airport-terminal,0
IA001281,2026-06-23T17:43:46,STF1166,staff,Baggage Handling,Cargo-Manifest-System,sso_password,success,airport-terminal,0
IA001341,2026-06-23T17:45:14,VND2001,vendor,Meridian Aircraft Maintenance,Gate-Management-System,badge+pin,success,airport-terminal,0
IA000271,2026-06-23T18:04:25,VND2022,vendor,Falcon Cargo Handling,HR-Self-Service,sso_mfa,success,airport-terminal,0
IA000791,2026-06-23T18:05:57,STF1111,staff,Ground Operations,Gate-Management-System,vpn_password,success,airport-terminal,0
IA004969,2026-06-23T18:14:03,STF1005,staff,Retail Concessions,Gate-Management-System,sso_mfa,success,airport-terminal,0
IA000382,2026-06-23T18:15:01,STF1106,staff,Retail Concessions,Staff-VPN,vpn_certificate,success,airport-terminal,0
IA002569,2026-06-23T18:27:23,VND2013,vendor,Falcon Cargo Handling,Retail-POS-Backend,badge+pin,success,vendor-remote-site,0
IA000783,2026-06-23T18:43:20,STF1072,staff,Retail Concessions,Airfield-Ops-Portal,badge+pin,success,airport-terminal,0
IA004205,2026-06-23T19:00:32,STF1134,staff,Gate Services,Staff-VPN,sso_password,success,airport-terminal,0
IA000174,2026-06-23T19:20:07,STF1031,staff,Cargo,Cargo-Manifest-System,badge+pin,success,airport-terminal,0
IA001066,2026-06-23T19:30:10,STF1121,staff,Security,Cargo-Manifest-System,sso_mfa,success,airport-terminal,0
IA002497,2026-06-23T19:31:36,STF1079,staff,Security,Airfield-Ops-Portal,sso_mfa,success,airport-terminal,0
IA002225,2026-06-23T19:35:19,STF1078,staff,Baggage Handling,Departure-Control-System,sso_password,success,airport-terminal,0
IA004887,2026-06-23T19:59:19,VND2029,vendor,Horizon Cleaning Services,Maintenance-Ticketing,sso_password,success,airport-terminal,0
IA005519,2026-06-23T20:00:19,STF1088,staff,Ground Operations,Departure-Control-System,badge+pin,success,airport-terminal,0
IA003082,2026-06-23T20:06:38,STF1003,staff,IT,HR-Self-Service,badge+pin,fail,airport-terminal,0
IA005992,2026-06-23T20:08:55,STF1176,staff,Engineering & Maintenance,HR-Self-Service,badge+pin,success,airport-terminal,0
IA000138,2026-06-23T20:22:09,STF1046,staff,Cargo,Gate-Management-System,vpn_password,success,airport-terminal,0
IA001226,2026-06-23T20:34:17,STF1143,staff,Engineering & Maintenance,Airfield-Ops-Portal,vpn_password,success,airport-terminal,0
IA003286,2026-06-23T20:49:24,STF1036,staff,Gate Services,Baggage-Handling-System,vpn_password,success,airport-terminal,0
IA005599,2026-06-23T21:14:04,VND2009,vendor,Falcon Cargo Handling,Cargo-Manifest-System,badge+pin,success,vendor-remote-site,0
IA002253,2026-06-23T21:19:30,STF1111,staff,Ground Operations,HR-Self-Service,sso_password,success,airport-terminal,0
IA002418,2026-06-23T21:28:07,STF1041,staff,Security,Gate-Management-System,sso_mfa,success,airport-terminal,0
IA003528,2026-06-23T21:31:01,STF1058,staff,Gate Services,Retail-POS-Backend,vpn_certificate,success,airport-terminal,0
IA001268,2026-06-23T21:33:13,VND2023,vendor,SkyLink Ground Services,Airfield-Ops-Portal,sso_password,success,vendor-remote-site,0
IA001177,2026-06-23T21:33:29,STF1135,staff,Security,Staff-VPN,badge+pin,success,airport-terminal,0
IA000528,2026-06-23T21:50:28,VND2014,vendor,AeroFuel Solutions,Gate-Management-System,sso_password,success,vendor-remote-site,0
IA005220,2026-06-23T21:52:51,STF1127,staff,Baggage Handling,Baggage-Handling-System,sso_password,success,airport-terminal,0
IA003252,2026-06-23T21:52:53,STF1025,staff,Security,Departure-Control-System,sso_password,fail,airport-terminal,0
IA001014,2026-06-23T23:22:52,STF1035,staff,Retail Concessions,Departure-Control-System,badge+pin,success,airport-terminal,0
IA006020,2026-06-23T23:35:54,STF1100,staff,Engineering & Maintenance,Departure-Control-System,badge+pin,success,airport-terminal,0
IA001900,2026-06-23T23:59:02,STF1001,staff,Cargo,Retail-POS-Backend,sso_password,success,airport-terminal,0
IA004091,2026-06-24T00:14:21,VND2018,vendor,Falcon Cargo Handling,Gate-Management-System,vpn_password,success,airport-terminal,0
IA000589,2026-06-24T00:27:37,STF1089,staff,Retail Concessions,Baggage-Handling-System,vpn_password,success,airport-terminal,0
IA004383,2026-06-24T01:15:46,STF1103,staff,Retail Concessions,Baggage-Handling-System,sso_mfa,success,airport-terminal,0
IA001241,2026-06-24T01:47:04,STF1030,staff,Baggage Handling,Departure-Control-System,vpn_certificate,success,airport-terminal,0
IA005150,2026-06-24T03:16:24,STF1049,staff,Retail Concessions,Retail-POS-Backend,sso_password,success,airport-terminal,0
IA001920,2026-06-24T04:12:33,STF1085,staff,Gate Services,Departure-Control-System,vpn_certificate,success,airport-terminal,0
IA005157,2026-06-24T04:24:25,STF1108,staff,Security,Departure-Control-System,sso_password,success,airport-terminal,0
IA002469,2026-06-24T04:55:43,STF1087,staff,Ground Operations,Gate-Management-System,sso_password,success,airport-terminal,0
IA001356,2026-06-24T06:08:18,STF1004,staff,IT,Maintenance-Ticketing,sso_mfa,success,airport-terminal,0
IA000526,2026-06-24T06:17:22,STF1003,staff,IT,Departure-Control-System,vpn_password,success,airport-terminal,0
IA005975,2026-06-24T06:32:54,STF1016,staff,Gate Services,Departure-Control-System,badge+pin,success,airport-terminal,0
IA001528,2026-06-24T06:35:42,VND2030,vendor,Meridian Aircraft Maintenance,Gate-Management-System,sso_password,success,airport-terminal,0
IA002813,2026-06-24T06:44:12,VND2021,vendor,Falcon Cargo Handling,Departure-Control-System,sso_password,success,vendor-remote-site,0
IA001997,2026-06-24T07:13:48,STF1157,staff,Gate Services,Baggage-Handling-System,badge+pin,success,airport-terminal,0
IA003790,2026-06-24T07:15:08,VND2000,vendor,SkyLink Ground Services,HR-Self-Service,sso_password,success,vendor-remote-site,0
IA000642,2026-06-24T07:17:28,VND2022,vendor,Falcon Cargo Handling,Maintenance-Ticketing,badge+pin,success,vendor-remote-site,0
IA005768,2026-06-24T07:29:22,STF1078,staff,Baggage Handling,Staff-VPN,vpn_password,success,airport-terminal,0
IA005954,2026-06-24T07:37:13,STF1021,staff,Ground Operations,Maintenance-Ticketing,badge+pin,success,airport-terminal,0
IA005529,2026-06-24T07:37:16,STF1115,staff,Engineering & Maintenance,Retail-POS-Backend,vpn_password,success,airport-terminal,0
IA004307,2026-06-24T07:38:20,STF1024,staff,Retail Concessions,Baggage-Handling-System,vpn_certificate,success,airport-terminal,0
IA004239,2026-06-24T07:42:16,STF1122,staff,Gate Services,Baggage-Handling-System,sso_mfa,success,airport-terminal,0
IA006137,2026-06-24T07:55:58,STF1093,staff,Retail Concessions,Airfield-Ops-Portal,badge+pin,fail,airport-terminal,0
IA003888,2026-06-24T07:55:58,STF1011,staff,Retail Concessions,Gate-Management-System,sso_mfa,success,airport-terminal,0
IA002759,2026-06-24T08:02:22,STF1056,staff,IT,Baggage-Handling-System,badge+pin,success,airport-terminal,0
IA005605,2026-06-24T08:13:38,STF1164,staff,Ground Operations,Baggage-Handling-System,vpn_password,success,airport-terminal,1
IA003245,2026-06-24T08:13:39,STF1008,staff,Ground Operations,Staff-VPN,vpn_password,success,airport-terminal,0
IA000611,2026-06-24T08:22:35,STF1125,staff,Retail Concessions,Retail-POS-Backend,badge+pin,success,airport-terminal,0
IA004603,2026-06-24T08:24:36,VND2006,vendor,Coastal Catering Co,Cargo-Manifest-System,sso_password,success,airport-terminal,0
IA005800,2026-06-24T08:29:12,STF1039,staff,Engineering & Maintenance,Retail-POS-Backend,sso_password,success,airport-terminal,0
IA004925,2026-06-24T08:36:08,STF1099,staff,Baggage Handling,Baggage-Handling-System,sso_password,success,airport-terminal,0
IA002622,2026-06-24T08:39:36,STF1058,staff,Gate Services,Baggage-Handling-System,vpn_password,success,airport-terminal,0
IA005132,2026-06-24T08:44:34,STF1139,staff,Gate Services,Airfield-Ops-Portal,badge+pin,fail,airport-terminal,0
IA003201,2026-06-24T08:46:39,STF1049,staff,Retail Concessions,Staff-VPN,sso_mfa,success,airport-terminal,0
IA003248,2026-06-24T08:52:29,STF1130,staff,Engineering & Maintenance,Departure-Control-System,sso_password,success,airport-terminal,0
IA001812,2026-06-24T09:03:27,VND2010,vendor,SkyLink Ground Services,Maintenance-Ticketing,badge+pin,success,airport-terminal,0
IA005879,2026-06-24T09:05:17,STF1110,staff,Security,Retail-POS-Backend,badge+pin,success,airport-terminal,0
IA003668,2026-06-24T09:11:16,STF1010,staff,Gate Services,Cargo-Manifest-System,badge+pin,fail,airport-terminal,0
IA003641,2026-06-24T09:12:59,STF1138,staff,Security,Staff-VPN,sso_mfa,success,airport-terminal,0
IA001927,2026-06-24T09:40:51,STF1046,staff,Cargo,Airfield-Ops-Portal,sso_password,success,airport-terminal,0
IA005369,2026-06-24T09:46:09,STF1032,staff,Security,Retail-POS-Backend,sso_password,success,airport-terminal,0
IA005478,2026-06-24T09:52:24,VND2000,vendor,SkyLink Ground Services,Baggage-Handling-System,sso_password,fail,airport-terminal,0
IA005041,2026-06-24T10:09:12,STF1159,staff,Engineering & Maintenance,Baggage-Handling-System,sso_mfa,success,airport-terminal,0
IA002381,2026-06-24T10:18:11,STF1164,staff,Ground Operations,Retail-POS-Backend,sso_mfa,fail,airport-terminal,0
IA005280,2026-06-24T10:19:42,STF1164,staff,Ground Operations,Staff-VPN,sso_password,fail,airport-terminal,1
IA001578,2026-06-24T10:24:50,VND2011,vendor,Falcon Cargo Handling,Gate-Management-System,vpn_password,success,vendor-remote-site,0
IA003016,2026-06-24T10:27:37,STF1021,staff,Ground Operations,Baggage-Handling-System,sso_mfa,success,airport-terminal,0
IA002137,2026-06-24T10:29:03,STF1147,staff,Ground Operations,Baggage-Handling-System,vpn_certificate,success,airport-terminal,0
IA005088,2026-06-24T10:32:53,STF1177,staff,IT,HR-Self-Service,sso_mfa,success,airport-terminal,0
IA004828,2026-06-24T10:57:27,STF1109,staff,IT,Departure-Control-System,sso_mfa,success,airport-terminal,0
IA000205,2026-06-24T10:59:40,STF1041,staff,Security,Retail-POS-Backend,badge+pin,success,airport-terminal,0
IA001140,2026-06-24T11:00:40,VND2002,vendor,Horizon Cleaning Services,HR-Self-Service,vpn_certificate,success,vendor-remote-site,0
IA006178,2026-06-24T11:09:43,STF1107,staff,Baggage Handling,Retail-POS-Backend,sso_password,success,airport-terminal,0
IA000525,2026-06-24T11:15:34,STF1060,staff,Retail Concessions,Maintenance-Ticketing,vpn_certificate,success,airport-terminal,0
IA004182,2026-06-24T11:21:42,STF1105,staff,Baggage Handling,Staff-VPN,vpn_certificate,success,airport-terminal,0
IA002201,2026-06-24T11:24:27,STF1044,staff,Ground Operations,HR-Self-Service,sso_mfa,success,airport-terminal,0
IA000255,2026-06-24T11:24:34,STF1161,staff,Ground Operations,Departure-Control-System,vpn_certificate,success,airport-terminal,0
IA002320,2026-06-24T11:27:09,STF1164,staff,Ground Operations,Staff-VPN,sso_password,success,airport-terminal,1
IA004421,2026-06-24T11:32:31,VND2034,vendor,SkyLink Ground Services,Baggage-Handling-System,sso_mfa,success,airport-terminal,0
IA001365,2026-06-24T11:33:22,STF1095,staff,Retail Concessions,Airfield-Ops-Portal,sso_password,success,airport-terminal,0
IA003896,2026-06-24T11:40:55,VND2016,vendor,AeroFuel Solutions,Retail-POS-Backend,sso_password,success,vendor-remote-site,0
IA004519,2026-06-24T11:45:55,VND2012,vendor,AeroFuel Solutions,Staff-VPN,sso_mfa,success,vendor-remote-site,0
IA000135,2026-06-24T11:50:43,VND2005,vendor,AeroFuel Solutions,Gate-Management-System,sso_mfa,success,vendor-remote-site,0
IA003338,2026-06-24T11:55:40,STF1088,staff,Ground Operations,Maintenance-Ticketing,badge+pin,success,airport-terminal,0
IA003540,2026-06-24T12:30:00,STF1114,staff,Gate Services,Departure-Control-System,sso_mfa,success,airport-terminal,0
IA005187,2026-06-24T12:56:50,STF1074,staff,Baggage Handling,Cargo-Manifest-System,sso_password,success,airport-terminal,0
IA002070,2026-06-24T13:01:03,STF1136,staff,Baggage Handling,HR-Self-Service,badge+pin,success,airport-terminal,0
IA004943,2026-06-24T13:05:06,VND2024,vendor,AeroFuel Solutions,Gate-Management-System,sso_password,success,vendor-remote-site,0
IA000681,2026-06-24T13:23:26,VND2028,vendor,Horizon Cleaning Services,Cargo-Manifest-System,sso_password,success,vendor-remote-site,0
IA001100,2026-06-24T13:27:56,STF1012,staff,IT,Baggage-Handling-System,sso_password,success,airport-terminal,0
IA003598,2026-06-24T13:28:54,STF1009,staff,Retail Concessions,Maintenance-Ticketing,sso_mfa,success,airport-terminal,0
IA002482,2026-06-24T13:36:35,STF1084,staff,IT,Cargo-Manifest-System,vpn_password,success,airport-terminal,0
IA004508,2026-06-24T13:38:33,STF1013,staff,Cargo,Gate-Management-System,sso_mfa,success,airport-terminal,0
IA002047,2026-06-24T13:40:05,VND2004,vendor,Falcon Cargo Handling,Maintenance-Ticketing,badge+pin,success,vendor-remote-site,0
IA004371,2026-06-24T13:40:09,STF1055,staff,Cargo,Gate-Management-System,vpn_password,success,airport-terminal,0
IA003748,2026-06-24T13:44:08,STF1035,staff,Retail Concessions,Departure-Control-System,sso_mfa,success,airport-terminal,0
IA000825,2026-06-24T13:52:16,STF1105,staff,Baggage Handling,Airfield-Ops-Portal,badge+pin,success,airport-terminal,0
IA005124,2026-06-24T14:08:41,STF1145,staff,Ground Operations,Baggage-Handling-System,badge+pin,success,airport-terminal,0
IA000443,2026-06-24T14:26:21,STF1176,staff,Engineering & Maintenance,Airfield-Ops-Portal,badge+pin,fail,airport-terminal,0
IA004944,2026-06-24T14:28:50,VND2008,vendor,SkyLink Ground Services,Cargo-Manifest-System,sso_password,success,airport-terminal,0
IA003669,2026-06-24T14:39:11,STF1006,staff,Retail Concessions,Gate-Management-System,sso_password,success,airport-terminal,0
IA004211,2026-06-24T14:40:50,STF1161,staff,Ground Operations,Maintenance-Ticketing,sso_mfa,success,airport-terminal,0
IA003153,2026-06-24T14:44:32,VND2030,vendor,Meridian Aircraft Maintenance,Gate-Management-System,vpn_password,success,airport-terminal,0
IA006067,2026-06-24T15:04:01,VND2025,vendor,SkyLink Ground Services,Gate-Management-System,badge+pin,success,vendor-remote-site,0
IA005078,2026-06-24T15:13:04,STF1049,staff,Retail Concessions,Gate-Management-System,sso_password,success,airport-terminal,0
IA004553,2026-06-24T15:18:33,STF1147,staff,Ground Operations,Baggage-Handling-System,sso_password,success,airport-terminal,0
IA003335,2026-06-24T15:22:38,STF1124,staff,Gate Services,Staff-VPN,vpn_certificate,success,airport-terminal,0
IA002260,2026-06-24T15:26:16,STF1039,staff,Engineering & Maintenance,HR-Self-Service,sso_password,success,airport-terminal,0
IA005894,2026-06-24T15:32:15,STF1016,staff,Gate Services,Maintenance-Ticketing,badge+pin,success,airport-terminal,0
IA002383,2026-06-24T15:32:48,STF1169,staff,Ground Operations,Maintenance-Ticketing,badge+pin,fail,airport-terminal,0
IA003733,2026-06-24T15:55:53,STF1143,staff,Engineering & Maintenance,Airfield-Ops-Portal,sso_mfa,success,airport-terminal,0
IA001359,2026-06-24T16:08:39,VND2014,vendor,AeroFuel Solutions,Maintenance-Ticketing,badge+pin,success,vendor-remote-site,0
IA006117,2026-06-24T16:08:49,STF1062,staff,Gate Services,HR-Self-Service,sso_password,success,airport-terminal,0
IA004252,2026-06-24T16:11:08,VND2029,vendor,Horizon Cleaning Services,Cargo-Manifest-System,sso_mfa,success,vendor-remote-site,0
IA005610,2026-06-24T16:13:06,STF1164,staff,Ground Operations,Retail-POS-Backend,sso_password,success,airport-terminal,0
IA000276,2026-06-24T16:15:01,STF1047,staff,Gate Services,HR-Self-Service,vpn_password,success,airport-terminal,0
IA001438,2026-06-24T16:26:28,VND2033,vendor,Meridian Aircraft Maintenance,HR-Self-Service,sso_password,success,airport-terminal,0
IA001586,2026-06-24T16:33:49,STF1028,staff,IT,Staff-VPN,badge+pin,success,airport-terminal,0
IA002856,2026-06-24T16:36:08,STF1033,staff,Retail Concessions,Cargo-Manifest-System,badge+pin,success,airport-terminal,0
IA004000,2026-06-24T16:38:46,STF1044,staff,Ground Operations,Cargo-Manifest-System,sso_password,success,airport-terminal,0
IA004057,2026-06-24T16:40:10,STF1073,staff,Gate Services,Maintenance-Ticketing,badge+pin,fail,airport-terminal,0
IA004044,2026-06-24T16:45:11,STF1173,staff,Baggage Handling,Baggage-Handling-System,badge+pin,success,airport-terminal,0
IA001694,2026-06-24T16:46:04,STF1079,staff,Security,Airfield-Ops-Portal,sso_mfa,success,airport-terminal,0
IA002700,2026-06-24T17:10:14,STF1109,staff,IT,Departure-Control-System,sso_mfa,success,airport-terminal,0
IA000860,2026-06-24T17:25:06,VND2008,vendor,SkyLink Ground Services,Departure-Control-System,sso_password,success,vendor-remote-site,0
IA005147,2026-06-24T17:28:05,VND2001,vendor,Meridian Aircraft Maintenance,HR-Self-Service,vpn_password,success,vendor-remote-site,0
IA003699,2026-06-24T17:40:12,VND2034,vendor,SkyLink Ground Services,Staff-VPN,badge+pin,success,airport-terminal,0
IA004590,2026-06-24T17:57:53,VND2003,vendor,Falcon Cargo Handling,Airfield-Ops-Portal,sso_mfa,success,vendor-remote-site,0
IA004077,2026-06-24T18:04:15,STF1040,staff,Cargo,Departure-Control-System,badge+pin,success,airport-terminal,0
IA002608,2026-06-24T18:07:12,VND2012,vendor,AeroFuel Solutions,Airfield-Ops-Portal,badge+pin,success,vendor-remote-site,0
IA000348,2026-06-24T18:17:46,STF1174,staff,Ground Operations,Maintenance-Ticketing,sso_password,success,airport-terminal,0
IA000909,2026-06-24T18:20:23,STF1037,staff,Engineering & Maintenance,HR-Self-Service,badge+pin,success,airport-terminal,0
IA004451,2026-06-24T18:23:32,STF1007,staff,Baggage Handling,Cargo-Manifest-System,vpn_certificate,success,airport-terminal,0
IA000580,2026-06-24T18:27:05,VND2020,vendor,Coastal Catering Co,Airfield-Ops-Portal,sso_password,success,vendor-remote-site,0
IA000937,2026-06-24T18:41:42,STF1090,staff,Engineering & Maintenance,HR-Self-Service,sso_password,success,airport-terminal,0
IA002683,2026-06-24T18:43:04,STF1086,staff,Baggage Handling,Departure-Control-System,vpn_password,success,airport-terminal,0
IA001998,2026-06-24T18:55:35,STF1153,staff,Ground Operations,Maintenance-Ticketing,badge+pin,success,airport-terminal,0
IA002428,2026-06-24T18:58:01,STF1098,staff,Engineering & Maintenance,HR-Self-Service,badge+pin,success,airport-terminal,0
IA002670,2026-06-24T19:11:37,STF1023,staff,Baggage Handling,Cargo-Manifest-System,sso_password,fail,airport-terminal,0
IA004699,2026-06-24T19:15:23,VND2031,vendor,Meridian Aircraft Maintenance,HR-Self-Service,badge+pin,success,vendor-remote-site,0
IA005554,2026-06-24T19:20:28,STF1029,staff,Security,Gate-Management-System,badge+pin,success,airport-terminal,0
IA001403,2026-06-24T19:29:01,STF1024,staff,Retail Concessions,Gate-Management-System,badge+pin,success,airport-terminal,0
IA004063,2026-06-24T19:33:25,VND2009,vendor,Falcon Cargo Handling,Maintenance-Ticketing,vpn_certificate,success,airport-terminal,0
IA000043,2026-06-24T19:34:32,STF1022,staff,Ground Operations,Departure-Control-System,vpn_certificate,success,airport-terminal,0
IA002165,2026-06-24T19:40:18,STF1044,staff,Ground Operations,Staff-VPN,vpn_certificate,fail,airport-terminal,0
IA000811,2026-06-24T19:46:54,STF1109,staff,IT,Maintenance-Ticketing,badge+pin,success,airport-terminal,0
IA005657,2026-06-24T19:50:27,STF1106,staff,Retail Concessions,Staff-VPN,badge+pin,success,airport-terminal,0
IA005867,2026-06-24T19:56:55,STF1114,staff,Gate Services,Baggage-Handling-System,sso_password,success,airport-terminal,0
IA000527,2026-06-24T20:02:04,STF1032,staff,Security,Retail-POS-Backend,sso_password,success,airport-terminal,0
IA000645,2026-06-24T20:10:55,STF1055,staff,Cargo,Cargo-Manifest-System,badge+pin,success,airport-terminal,0
IA004215,2026-06-24T20:11:07,STF1102,staff,IT,Staff-VPN,sso_password,success,airport-terminal,0
IA004018,2026-06-24T20:14:22,STF1058,staff,Gate Services,Gate-Management-System,sso_password,success,airport-terminal,0
IA005929,2026-06-24T20:14:29,VND2002,vendor,Horizon Cleaning Services,Retail-POS-Backend,badge+pin,success,airport-terminal,0
IA001877,2026-06-24T20:23:18,STF1171,staff,Retail Concessions,Gate-Management-System,badge+pin,success,airport-terminal,0
IA005322,2026-06-24T20:39:10,STF1004,staff,IT,HR-Self-Service,sso_password,success,airport-terminal,0
IA000983,2026-06-24T20:44:07,STF1174,staff,Ground Operations,HR-Self-Service,badge+pin,success,airport-terminal,0
IA000202,2026-06-24T20:45:03,STF1050,staff,Ground Operations,Cargo-Manifest-System,sso_password,success,airport-terminal,0
IA003094,2026-06-24T20:48:36,STF1106,staff,Retail Concessions,Departure-Control-System,badge+pin,success,airport-terminal,0
IA002158,2026-06-24T20:50:18,VND2009,vendor,Falcon Cargo Handling,Airfield-Ops-Portal,vpn_certificate,success,vendor-remote-site,0
IA000098,2026-06-24T20:53:42,STF1097,staff,Retail Concessions,Retail-POS-Backend,vpn_password,fail,airport-terminal,0
IA001938,2026-06-24T20:54:22,STF1158,staff,Baggage Handling,Retail-POS-Backend,badge+pin,success,airport-terminal,0
IA001701,2026-06-24T20:55:28,STF1033,staff,Retail Concessions,Airfield-Ops-Portal,sso_password,success,airport-terminal,0
IA002752,2026-06-24T21:08:09,VND2020,vendor,Coastal Catering Co,Staff-VPN,badge+pin,success,airport-terminal,0
IA006042,2026-06-24T21:28:14,VND2008,vendor,SkyLink Ground Services,Airfield-Ops-Portal,badge+pin,success,airport-terminal,0
IA005569,2026-06-24T21:31:18,STF1119,staff,Baggage Handling,Baggage-Handling-System,badge+pin,success,airport-terminal,0
IA005959,2026-06-24T21:52:48,VND2030,vendor,Meridian Aircraft Maintenance,Airfield-Ops-Portal,sso_password,success,airport-terminal,0
IA001207,2026-06-24T21:56:29,STF1049,staff,Retail Concessions,Staff-VPN,vpn_certificate,success,airport-terminal,0
IA004037,2026-06-24T23:38:54,STF1169,staff,Ground Operations,Staff-VPN,vpn_password,fail,airport-terminal,1
IA000666,2026-06-24T23:56:21,STF1003,staff,IT,Maintenance-Ticketing,badge+pin,success,airport-terminal,0
IA001387,2026-06-25T00:10:48,STF1013,staff,Cargo,Staff-VPN,sso_password,success,airport-terminal,0
IA001807,2026-06-25T01:06:48,VND2000,vendor,SkyLink Ground Services,Retail-POS-Backend,vpn_certificate,success,vendor-remote-site,0
IA002799,2026-06-25T01:17:35,STF1018,staff,Engineering & Maintenance,Departure-Control-System,vpn_password,fail,airport-terminal,1
IA001176,2026-06-25T01:23:06,STF1144,staff,Security,Cargo-Manifest-System,sso_password,fail,airport-terminal,0
IA004654,2026-06-25T02:05:15,STF1129,staff,Security,Departure-Control-System,sso_mfa,fail,airport-terminal,0
IA000422,2026-06-25T02:20:50,STF1146,staff,Ground Operations,Staff-VPN,vpn_certificate,success,airport-terminal,0
IA001145,2026-06-25T02:29:33,VND2010,vendor,SkyLink Ground Services,Departure-Control-System,badge+pin,success,airport-terminal,0
IA001707,2026-06-25T04:07:18,STF1165,staff,Cargo,HR-Self-Service,vpn_password,success,airport-terminal,0
IA004595,2026-06-25T04:49:05,VND2020,vendor,Coastal Catering Co,Airfield-Ops-Portal,sso_password,success,vendor-remote-site,0
IA005908,2026-06-25T06:03:35,STF1144,staff,Security,HR-Self-Service,sso_password,success,airport-terminal,0
IA003713,2026-06-25T06:05:31,VND2027,vendor,Meridian Aircraft Maintenance,Maintenance-Ticketing,sso_password,success,airport-terminal,0
IA002202,2026-06-25T06:07:31,STF1173,staff,Baggage Handling,HR-Self-Service,vpn_password,success,airport-terminal,0
IA003929,2026-06-25T06:11:45,STF1049,staff,Retail Concessions,Baggage-Handling-System,vpn_password,success,airport-terminal,0
IA000440,2026-06-25T06:21:05,STF1146,staff,Ground Operations,Maintenance-Ticketing,badge+pin,success,airport-terminal,0
IA005404,2026-06-25T06:28:47,STF1004,staff,IT,Staff-VPN,badge+pin,success,airport-terminal,0
IA004347,2026-06-25T06:50:49,VND2018,vendor,Falcon Cargo Handling,Departure-Control-System,badge+pin,success,airport-terminal,0
IA005719,2026-06-25T06:54:22,STF1080,staff,Cargo,HR-Self-Service,vpn_certificate,success,airport-terminal,0
IA000405,2026-06-25T06:57:59,STF1026,staff,Gate Services,HR-Self-Service,sso_mfa,fail,airport-terminal,0
IA004844,2026-06-25T07:22:17,STF1055,staff,Cargo,Gate-Management-System,sso_password,success,airport-terminal,0
IA004004,2026-06-25T07:23:54,STF1017,staff,Gate Services,Airfield-Ops-Portal,vpn_password,success,airport-terminal,0
IA002860,2026-06-25T07:26:21,STF1092,staff,Baggage Handling,Cargo-Manifest-System,badge+pin,success,airport-terminal,0
IA001079,2026-06-25T07:27:53,STF1057,staff,Cargo,Baggage-Handling-System,sso_password,success,airport-terminal,0
IA003326,2026-06-25T07:31:03,VND2000,vendor,SkyLink Ground Services,Airfield-Ops-Portal,badge+pin,success,vendor-remote-site,0
IA002758,2026-06-25T07:34:58,STF1120,staff,Engineering & Maintenance,HR-Self-Service,badge+pin,success,airport-terminal,0
IA003461,2026-06-25T07:56:13,STF1043,staff,Cargo,Airfield-Ops-Portal,sso_mfa,success,airport-terminal,0
IA000810,2026-06-25T08:02:29,VND2003,vendor,Falcon Cargo Handling,HR-Self-Service,badge+pin,success,airport-terminal,0
IA001591,2026-06-25T08:06:50,VND2028,vendor,Horizon Cleaning Services,Gate-Management-System,badge+pin,success,airport-terminal,0
IA000016,2026-06-25T08:12:43,STF1026,staff,Gate Services,Cargo-Manifest-System,badge+pin,success,airport-terminal,0
IA000630,2026-06-25T08:23:04,STF1016,staff,Gate Services,Airfield-Ops-Portal,badge+pin,success,airport-terminal,0
IA003162,2026-06-25T08:25:46,STF1135,staff,Security,HR-Self-Service,badge+pin,success,airport-terminal,0
IA000950,2026-06-25T08:29:25,VND2024,vendor,AeroFuel Solutions,Airfield-Ops-Portal,sso_password,success,airport-terminal,0
IA005601,2026-06-25T08:36:30,VND2005,vendor,AeroFuel Solutions,Airfield-Ops-Portal,badge+pin,success,vendor-remote-site,0
IA002489,2026-06-25T08:43:25,VND2021,vendor,Falcon Cargo Handling,Departure-Control-System,badge+pin,success,airport-terminal,0
IA000015,2026-06-25T08:56:16,STF1046,staff,Cargo,Departure-Control-System,sso_password,success,airport-terminal,0
IA001693,2026-06-25T09:09:15,STF1140,staff,Engineering & Maintenance,Departure-Control-System,sso_password,success,airport-terminal,0
IA002173,2026-06-25T09:15:11,STF1050,staff,Ground Operations,Maintenance-Ticketing,badge+pin,success,airport-terminal,0
IA000017,2026-06-25T09:21:53,VND2028,vendor,Horizon Cleaning Services,Gate-Management-System,sso_mfa,success,airport-terminal,0
IA000309,2026-06-25T09:33:26,STF1113,staff,IT,Gate-Management-System,sso_password,success,airport-terminal,0
IA003145,2026-06-25T09:41:40,STF1075,staff,Gate Services,Gate-Management-System,sso_mfa,success,airport-terminal,0
IA001414,2026-06-25T09:47:03,STF1015,staff,Gate Services,Retail-POS-Backend,badge+pin,success,airport-terminal,0
IA005796,2026-06-25T09:56:47,STF1139,staff,Gate Services,Airfield-Ops-Portal,sso_password,success,airport-terminal,0
IA000384,2026-06-25T09:58:48,STF1146,staff,Ground Operations,Retail-POS-Backend,sso_password,fail,airport-terminal,0
IA002898,2026-06-25T10:08:10,STF1006,staff,Retail Concessions,Cargo-Manifest-System,sso_mfa,success,airport-terminal,0
IA004105,2026-06-25T10:34:02,STF1175,staff,Ground Operations,HR-Self-Service,sso_password,success,airport-terminal,0
IA003756,2026-06-25T10:34:10,STF1099,staff,Baggage Handling,Maintenance-Ticketing,sso_mfa,success,airport-terminal,0
IA002478,2026-06-25T10:44:24,VND2021,vendor,Falcon Cargo Handling,Airfield-Ops-Portal,badge+pin,success,airport-terminal,0
IA004387,2026-06-25T10:49:36,VND2011,vendor,Falcon Cargo Handling,HR-Self-Service,badge+pin,success,vendor-remote-site,0
IA001582,2026-06-25T10:59:02,VND2030,vendor,Meridian Aircraft Maintenance,Baggage-Handling-System,badge+pin,success,airport-terminal,0
IA001879,2026-06-25T11:24:51,STF1146,staff,Ground Operations,Retail-POS-Backend,vpn_certificate,success,airport-terminal,0
IA004219,2026-06-25T11:27:40,STF1163,staff,Retail Concessions,Gate-Management-System,sso_password,success,airport-terminal,0
IA000787,2026-06-25T11:30:52,STF1073,staff,Gate Services,Departure-Control-System,badge+pin,success,airport-terminal,0
IA005126,2026-06-25T11:35:21,VND2016,vendor,AeroFuel Solutions,Retail-POS-Backend,badge+pin,success,airport-terminal,0
IA005667,2026-06-25T11:39:50,VND2002,vendor,Horizon Cleaning Services,Retail-POS-Backend,sso_mfa,success,airport-terminal,0
IA005015,2026-06-25T11:53:08,STF1120,staff,Engineering & Maintenance,Staff-VPN,sso_password,success,airport-terminal,0
IA004430,2026-06-25T12:02:53,STF1060,staff,Retail Concessions,Airfield-Ops-Portal,sso_mfa,success,airport-terminal,0
IA005818,2026-06-25T12:07:55,STF1028,staff,IT,Gate-Management-System,vpn_certificate,success,airport-terminal,0
IA000232,2026-06-25T12:12:05,STF1069,staff,Baggage Handling,HR-Self-Service,vpn_certificate,success,airport-terminal,0
IA001621,2026-06-25T12:17:28,STF1003,staff,IT,Baggage-Handling-System,sso_password,success,airport-terminal,0
IA000924,2026-06-25T12:20:39,STF1118,staff,Engineering & Maintenance,Cargo-Manifest-System,sso_password,success,airport-terminal,0
IA000672,2026-06-25T12:47:21,STF1145,staff,Ground Operations,Gate-Management-System,sso_mfa,success,airport-terminal,0
IA006095,2026-06-25T12:50:46,STF1147,staff,Ground Operations,Retail-POS-Backend,badge+pin,success,airport-terminal,0
IA001886,2026-06-25T12:54:29,VND2013,vendor,Falcon Cargo Handling,Departure-Control-System,badge+pin,success,vendor-remote-site,0
IA003981,2026-06-25T12:58:14,STF1118,staff,Engineering & Maintenance,Airfield-Ops-Portal,badge+pin,success,airport-terminal,0
IA000204,2026-06-25T13:21:23,STF1034,staff,Ground Operations,Baggage-Handling-System,badge+pin,success,airport-terminal,0
IA004599,2026-06-25T13:22:55,STF1001,staff,Cargo,Airfield-Ops-Portal,vpn_certificate,success,airport-terminal,0
IA000351,2026-06-25T13:47:16,STF1087,staff,Ground Operations,Cargo-Manifest-System,sso_password,success,airport-terminal,0
IA002515,2026-06-25T13:55:14,STF1004,staff,IT,Staff-VPN,sso_password,success,airport-terminal,0
IA001519,2026-06-25T14:18:43,STF1081,staff,Cargo,HR-Self-Service,vpn_certificate,fail,airport-terminal,0
IA000903,2026-06-25T14:21:24,VND2001,vendor,Meridian Aircraft Maintenance,Staff-VPN,sso_mfa,success,airport-terminal,0
IA002216,2026-06-25T14:23:39,STF1161,staff,Ground Operations,HR-Self-Service,badge+pin,success,airport-terminal,0
IA000180,2026-06-25T14:27:51,STF1073,staff,Gate Services,Retail-POS-Backend,sso_password,success,airport-terminal,0
IA005600,2026-06-25T14:30:41,VND2026,vendor,Horizon Cleaning Services,Gate-Management-System,sso_password,success,vendor-remote-site,0
IA003509,2026-06-25T14:35:15,STF1160,staff,Gate Services,Baggage-Handling-System,sso_password,success,airport-terminal,0
IA005485,2026-06-25T14:42:26,STF1031,staff,Cargo,Staff-VPN,sso_mfa,fail,airport-terminal,0
IA001013,2026-06-25T14:46:21,STF1116,staff,IT,Cargo-Manifest-System,badge+pin,success,airport-terminal,0
IA001607,2026-06-25T14:51:14,STF1059,staff,IT,Gate-Management-System,sso_password,success,airport-terminal,0
IA004702,2026-06-25T14:56:21,STF1105,staff,Baggage Handling,Baggage-Handling-System,sso_mfa,success,airport-terminal,0
IA000257,2026-06-25T14:59:59,STF1138,staff,Security,Maintenance-Ticketing,badge+pin,success,airport-terminal,0
IA001605,2026-06-25T15:07:16,STF1100,staff,Engineering & Maintenance,Gate-Management-System,sso_password,success,airport-terminal,0
IA001572,2026-06-25T15:17:30,STF1118,staff,Engineering & Maintenance,Gate-Management-System,sso_mfa,success,airport-terminal,0
IA003543,2026-06-25T15:19:50,STF1093,staff,Retail Concessions,Departure-Control-System,badge+pin,success,airport-terminal,0
IA000962,2026-06-25T15:21:17,VND2014,vendor,AeroFuel Solutions,HR-Self-Service,sso_password,success,airport-terminal,0
IA003702,2026-06-25T15:24:19,STF1105,staff,Baggage Handling,Cargo-Manifest-System,badge+pin,success,airport-terminal,0
IA002234,2026-06-25T15:36:49,VND2022,vendor,Falcon Cargo Handling,Departure-Control-System,badge+pin,success,vendor-remote-site,0
IA001598,2026-06-25T15:38:01,VND2029,vendor,Horizon Cleaning Services,Gate-Management-System,sso_mfa,success,airport-terminal,0
IA004726,2026-06-25T15:40:19,STF1143,staff,Engineering & Maintenance,Retail-POS-Backend,badge+pin,success,airport-terminal,0
IA005785,2026-06-25T15:44:22,STF1131,staff,Engineering & Maintenance,Maintenance-Ticketing,vpn_certificate,success,airport-terminal,0
IA005941,2026-06-25T15:56:36,VND2033,vendor,Meridian Aircraft Maintenance,Departure-Control-System,vpn_password,success,vendor-remote-site,1
IA001146,2026-06-25T15:57:38,STF1147,staff,Ground Operations,Maintenance-Ticketing,badge+pin,success,airport-terminal,0
IA001955,2026-06-25T15:58:56,STF1059,staff,IT,Staff-VPN,vpn_certificate,success,airport-terminal,0
IA004202,2026-06-25T16:08:24,STF1160,staff,Gate Services,Airfield-Ops-Portal,vpn_password,success,airport-terminal,0
IA003205,2026-06-25T16:32:19,STF1040,staff,Cargo,Staff-VPN,badge+pin,success,airport-terminal,0
IA000068,2026-06-25T16:45:33,STF1001,staff,Cargo,Airfield-Ops-Portal,sso_password,success,airport-terminal,0
IA002844,2026-06-25T16:55:46,STF1068,staff,Ground Operations,Cargo-Manifest-System,sso_password,success,airport-terminal,0
IA003976,2026-06-25T17:20:55,STF1060,staff,Retail Concessions,Staff-VPN,sso_mfa,success,airport-terminal,0
IA000273,2026-06-25T17:24:44,STF1113,staff,IT,Maintenance-Ticketing,sso_password,success,airport-terminal,0
IA003508,2026-06-25T17:49:34,STF1094,staff,IT,Cargo-Manifest-System,sso_password,success,airport-terminal,0
IA005282,2026-06-25T17:58:17,STF1103,staff,Retail Concessions,Departure-Control-System,badge+pin,success,airport-terminal,0
IA005960,2026-06-25T17:59:45,STF1163,staff,Retail Concessions,Cargo-Manifest-System,sso_mfa,success,airport-terminal,0
IA003635,2026-06-25T18:00:04,STF1077,staff,Gate Services,Gate-Management-System,sso_password,success,airport-terminal,0
IA003449,2026-06-25T18:06:20,STF1087,staff,Ground Operations,Departure-Control-System,sso_mfa,success,airport-terminal,0
IA003129,2026-06-25T18:11:38,STF1164,staff,Ground Operations,Departure-Control-System,sso_password,success,airport-terminal,1
IA003989,2026-06-25T18:16:32,STF1061,staff,Ground Operations,Departure-Control-System,sso_password,success,airport-terminal,0
IA004625,2026-06-25T18:16:55,STF1002,staff,Ground Operations,Baggage-Handling-System,sso_mfa,success,airport-terminal,0
IA005040,2026-06-25T18:33:50,STF1088,staff,Ground Operations,HR-Self-Service,sso_password,success,airport-terminal,0
IA002738,2026-06-25T18:51:24,STF1118,staff,Engineering & Maintenance,Airfield-Ops-Portal,sso_password,success,airport-terminal,0
IA005934,2026-06-25T19:05:00,VND2018,vendor,Falcon Cargo Handling,HR-Self-Service,vpn_certificate,success,vendor-remote-site,0
IA006171,2026-06-25T19:17:42,VND2020,vendor,Coastal Catering Co,Cargo-Manifest-System,sso_mfa,success,vendor-remote-site,0
IA004474,2026-06-25T19:33:34,STF1084,staff,IT,Baggage-Handling-System,sso_mfa,success,airport-terminal,0
IA004489,2026-06-25T19:36:51,STF1032,staff,Security,Airfield-Ops-Portal,sso_mfa,success,airport-terminal,0
IA005766,2026-06-25T19:48:04,STF1122,staff,Gate Services,Baggage-Handling-System,sso_password,success,airport-terminal,0
IA003316,2026-06-25T19:48:30,STF1172,staff,Ground Operations,Departure-Control-System,badge+pin,success,airport-terminal,0
IA001470,2026-06-25T19:51:47,STF1028,staff,IT,Departure-Control-System,vpn_certificate,success,airport-terminal,0
IA004176,2026-06-25T19:57:34,STF1022,staff,Ground Operations,Retail-POS-Backend,sso_password,success,airport-terminal,0
IA006132,2026-06-25T20:06:36,STF1105,staff,Baggage Handling,Departure-Control-System,sso_password,success,airport-terminal,0
IA004661,2026-06-25T20:18:09,STF1047,staff,Gate Services,Gate-Management-System,sso_password,success,airport-terminal,0
IA003793,2026-06-25T20:23:21,VND2010,vendor,SkyLink Ground Services,HR-Self-Service,vpn_password,success,vendor-remote-site,0
IA002831,2026-06-25T20:25:40,STF1022,staff,Ground Operations,HR-Self-Service,badge+pin,success,airport-terminal,0
IA005164,2026-06-25T20:36:46,STF1055,staff,Cargo,Cargo-Manifest-System,sso_password,success,airport-terminal,0
IA004469,2026-06-25T20:38:34,STF1029,staff,Security,Airfield-Ops-Portal,badge+pin,success,airport-terminal,0
IA002966,2026-06-25T20:44:44,STF1178,staff,Engineering & Maintenance,Staff-VPN,badge+pin,success,airport-terminal,0
IA001166,2026-06-25T20:47:25,STF1086,staff,Baggage Handling,Maintenance-Ticketing,vpn_password,success,airport-terminal,0
IA002541,2026-06-25T20:48:45,VND2003,vendor,Falcon Cargo Handling,Departure-Control-System,vpn_certificate,success,vendor-remote-site,0
IA000267,2026-06-25T20:48:53,STF1131,staff,Engineering & Maintenance,Retail-POS-Backend,badge+pin,success,airport-terminal,0
IA001999,2026-06-25T20:51:55,STF1166,staff,Baggage Handling,Cargo-Manifest-System,vpn_certificate,success,airport-terminal,0
IA004927,2026-06-25T21:05:01,VND2006,vendor,Coastal Catering Co,Airfield-Ops-Portal,badge+pin,success,vendor-remote-site,0
IA000369,2026-06-25T21:08:46,STF1005,staff,Retail Concessions,HR-Self-Service,vpn_password,success,airport-terminal,0
IA002015,2026-06-25T21:26:19,VND2030,vendor,Meridian Aircraft Maintenance,Cargo-Manifest-System,sso_password,success,airport-terminal,0
IA003023,2026-06-25T21:29:20,VND2017,vendor,Horizon Cleaning Services,Staff-VPN,sso_password,success,vendor-remote-site,0
IA000864,2026-06-25T21:38:42,VND2014,vendor,AeroFuel Solutions,Staff-VPN,sso_mfa,success,vendor-remote-site,0
IA004633,2026-06-25T21:43:30,STF1059,staff,IT,Airfield-Ops-Portal,sso_password,success,airport-terminal,0
IA001253,2026-06-25T21:48:56,STF1154,staff,Ground Operations,Gate-Management-System,sso_password,success,airport-terminal,0
IA004312,2026-06-25T21:52:33,STF1122,staff,Gate Services,Airfield-Ops-Portal,badge+pin,fail,airport-terminal,0
IA005072,2026-06-25T21:55:12,VND2021,vendor,Falcon Cargo Handling,Staff-VPN,sso_password,success,vendor-remote-site,0
IA001432,2026-06-25T23:02:51,STF1020,staff,Ground Operations,HR-Self-Service,sso_password,success,airport-terminal,0
IA004253,2026-06-25T23:09:53,VND2033,vendor,Meridian Aircraft Maintenance,Cargo-Manifest-System,badge+pin,success,airport-terminal,0
IA003392,2026-06-25T23:34:44,STF1035,staff,Retail Concessions,Baggage-Handling-System,badge+pin,success,airport-terminal,0
IA004652,2026-06-25T23:46:35,STF1037,staff,Engineering & Maintenance,Departure-Control-System,sso_mfa,success,airport-terminal,0
IA002950,2026-06-26T01:25:53,STF1086,staff,Baggage Handling,Airfield-Ops-Portal,badge+pin,success,airport-terminal,0
IA003444,2026-06-26T02:00:10,VND2023,vendor,SkyLink Ground Services,Baggage-Handling-System,vpn_password,success,vendor-remote-site,1
IA006108,2026-06-26T02:25:09,STF1151,staff,Baggage Handling,HR-Self-Service,badge+pin,success,airport-terminal,0
IA004368,2026-06-26T04:03:28,STF1156,staff,Gate Services,Baggage-Handling-System,badge+pin,success,airport-terminal,0
IA000404,2026-06-26T04:47:40,STF1110,staff,Security,Airfield-Ops-Portal,vpn_certificate,success,airport-terminal,0
IA002698,2026-06-26T06:04:56,STF1118,staff,Engineering & Maintenance,Staff-VPN,badge+pin,success,airport-terminal,0
IA004750,2026-06-26T06:10:13,STF1117,staff,IT,Baggage-Handling-System,sso_mfa,success,airport-terminal,0
IA001331,2026-06-26T06:34:00,STF1034,staff,Ground Operations,Retail-POS-Backend,sso_mfa,success,airport-terminal,0
IA004825,2026-06-26T06:38:05,STF1068,staff,Ground Operations,Retail-POS-Backend,badge+pin,success,airport-terminal,0
IA001184,2026-06-26T06:43:16,STF1145,staff,Ground Operations,Baggage-Handling-System,badge+pin,success,airport-terminal,0
IA002783,2026-06-26T06:43:53,VND2032,vendor,AeroFuel Solutions,HR-Self-Service,sso_password,success,vendor-remote-site,0
IA005704,2026-06-26T06:50:34,STF1051,staff,Retail Concessions,Retail-POS-Backend,badge+pin,success,airport-terminal,0
IA003615,2026-06-26T06:52:28,STF1159,staff,Engineering & Maintenance,Baggage-Handling-System,sso_mfa,success,airport-terminal,0
IA000123,2026-06-26T07:05:24,VND2009,vendor,Falcon Cargo Handling,Baggage-Handling-System,badge+pin,success,vendor-remote-site,0
IA004650,2026-06-26T07:32:07,STF1102,staff,IT,Gate-Management-System,sso_mfa,success,airport-terminal,0
IA001050,2026-06-26T07:36:17,STF1115,staff,Engineering & Maintenance,Retail-POS-Backend,vpn_password,success,airport-terminal,0
IA000801,2026-06-26T07:36:32,STF1160,staff,Gate Services,Retail-POS-Backend,vpn_certificate,success,airport-terminal,0
IA004145,2026-06-26T07:39:13,STF1002,staff,Ground Operations,Retail-POS-Backend,badge+pin,success,airport-terminal,0
IA004207,2026-06-26T07:43:08,VND2034,vendor,SkyLink Ground Services,Staff-VPN,badge+pin,success,vendor-remote-site,0
IA002580,2026-06-26T07:44:12,STF1140,staff,Engineering & Maintenance,Retail-POS-Backend,badge+pin,success,airport-terminal,0
IA002757,2026-06-26T07:59:29,STF1025,staff,Security,HR-Self-Service,badge+pin,success,airport-terminal,0
IA000096,2026-06-26T08:02:21,STF1020,staff,Ground Operations,Retail-POS-Backend,vpn_password,success,airport-terminal,0
IA003996,2026-06-26T08:03:48,STF1060,staff,Retail Concessions,Baggage-Handling-System,vpn_password,success,airport-terminal,0
IA000861,2026-06-26T08:15:58,STF1037,staff,Engineering & Maintenance,HR-Self-Service,sso_password,success,airport-terminal,0
IA005436,2026-06-26T08:27:35,VND2023,vendor,SkyLink Ground Services,Departure-Control-System,vpn_password,fail,vendor-remote-site,1
IA002685,2026-06-26T08:33:20,STF1072,staff,Retail Concessions,Cargo-Manifest-System,sso_password,success,airport-terminal,0
IA004724,2026-06-26T08:39:02,VND2015,vendor,AeroFuel Solutions,Baggage-Handling-System,badge+pin,success,vendor-remote-site,0
IA003789,2026-06-26T08:39:23,VND2029,vendor,Horizon Cleaning Services,Maintenance-Ticketing,sso_password,fail,airport-terminal,0
IA000207,2026-06-26T08:41:42,STF1061,staff,Ground Operations,Airfield-Ops-Portal,sso_mfa,success,airport-terminal,0
IA002389,2026-06-26T08:45:10,STF1101,staff,Retail Concessions,Maintenance-Ticketing,sso_password,success,airport-terminal,0
IA005625,2026-06-26T08:49:01,STF1055,staff,Cargo,Cargo-Manifest-System,badge+pin,success,airport-terminal,0
IA003678,2026-06-26T08:49:50,STF1136,staff,Baggage Handling,Retail-POS-Backend,badge+pin,success,airport-terminal,0
IA004184,2026-06-26T08:50:03,STF1090,staff,Engineering & Maintenance,Gate-Management-System,badge+pin,success,airport-terminal,0
IA004435,2026-06-26T09:02:47,STF1151,staff,Baggage Handling,Gate-Management-System,sso_mfa,success,airport-terminal,0
IA003740,2026-06-26T09:03:48,STF1136,staff,Baggage Handling,Maintenance-Ticketing,sso_mfa,success,airport-terminal,0
IA005010,2026-06-26T09:22:11,STF1151,staff,Baggage Handling,Departure-Control-System,sso_mfa,success,airport-terminal,0
IA005837,2026-06-26T09:22:31,VND2019,vendor,Falcon Cargo Handling,Staff-VPN,sso_mfa,success,airport-terminal,0
IA001351,2026-06-26T09:34:16,STF1048,staff,Retail Concessions,Airfield-Ops-Portal,sso_password,success,airport-terminal,0
IA004268,2026-06-26T09:39:02,STF1121,staff,Security,Staff-VPN,vpn_certificate,success,airport-terminal,0
IA005653,2026-06-26T09:41:37,STF1047,staff,Gate Services,Retail-POS-Backend,vpn_password,success,airport-terminal,0
IA002720,2026-06-26T09:42:29,STF1167,staff,Retail Concessions,Cargo-Manifest-System,badge+pin,success,airport-terminal,0
IA005595,2026-06-26T09:44:06,STF1024,staff,Retail Concessions,Airfield-Ops-Portal,vpn_password,success,airport-terminal,0
IA005702,2026-06-26T09:51:29,STF1094,staff,IT,Staff-VPN,sso_mfa,success,airport-terminal,0
IA003780,2026-06-26T09:54:41,STF1046,staff,Cargo,Departure-Control-System,badge+pin,success,airport-terminal,0
IA001335,2026-06-26T10:07:45,STF1018,staff,Engineering & Maintenance,Baggage-Handling-System,sso_password,fail,airport-terminal,1
IA003066,2026-06-26T10:08:56,STF1175,staff,Ground Operations,Retail-POS-Backend,badge+pin,success,airport-terminal,0
IA004873,2026-06-26T10:10:23,STF1084,staff,IT,Airfield-Ops-Portal,sso_password,success,airport-terminal,0
IA000724,2026-06-26T10:14:39,STF1172,staff,Ground Operations,Retail-POS-Backend,vpn_certificate,success,airport-terminal,0
IA000690,2026-06-26T10:16:20,VND2026,vendor,Horizon Cleaning Services,Retail-POS-Backend,sso_password,success,airport-terminal,0
IA001665,2026-06-26T10:20:35,STF1101,staff,Retail Concessions,Staff-VPN,vpn_password,success,airport-terminal,0
IA002686,2026-06-26T10:29:57,VND2034,vendor,SkyLink Ground Services,Maintenance-Ticketing,sso_password,success,vendor-remote-site,0
IA002392,2026-06-26T10:30:05,STF1149,staff,Cargo,Retail-POS-Backend,sso_password,success,airport-terminal,0
IA000212,2026-06-26T10:33:15,STF1136,staff,Baggage Handling,Baggage-Handling-System,badge+pin,success,airport-terminal,0
IA002239,2026-06-26T10:34:10,STF1175,staff,Ground Operations,HR-Self-Service,vpn_password,fail,airport-terminal,0
IA005371,2026-06-26T10:43:38,VND2022,vendor,Falcon Cargo Handling,Retail-POS-Backend,sso_password,success,airport-terminal,0
IA004343,2026-06-26T10:48:49,STF1039,staff,Engineering & Maintenance,Maintenance-Ticketing,sso_mfa,success,airport-terminal,0
IA005190,2026-06-26T10:53:17,VND2014,vendor,AeroFuel Solutions,Gate-Management-System,sso_password,fail,vendor-remote-site,0
IA001238,2026-06-26T10:53:21,STF1141,staff,Retail Concessions,HR-Self-Service,badge+pin,success,airport-terminal,0
IA002529,2026-06-26T10:56:49,STF1003,staff,IT,Baggage-Handling-System,sso_mfa,success,airport-terminal,0
IA003309,2026-06-26T11:05:22,STF1061,staff,Ground Operations,Departure-Control-System,badge+pin,success,airport-terminal,0
IA002411,2026-06-26T11:07:02,STF1013,staff,Cargo,Gate-Management-System,sso_mfa,success,airport-terminal,0
IA003650,2026-06-26T11:17:18,VND2014,vendor,AeroFuel Solutions,Cargo-Manifest-System,sso_mfa,success,airport-terminal,0
IA001742,2026-06-26T11:32:06,STF1007,staff,Baggage Handling,Staff-VPN,sso_password,success,airport-terminal,0
IA004798,2026-06-26T11:35:11,STF1051,staff,Retail Concessions,Airfield-Ops-Portal,badge+pin,success,airport-terminal,0
IA004041,2026-06-26T11:50:51,STF1096,staff,Security,Retail-POS-Backend,sso_password,success,airport-terminal,0
IA005726,2026-06-26T11:55:35,STF1016,staff,Gate Services,Staff-VPN,sso_password,success,airport-terminal,0
IA005019,2026-06-26T12:09:56,VND2008,vendor,SkyLink Ground Services,Gate-Management-System,vpn_password,fail,vendor-remote-site,0
IA005264,2026-06-26T12:14:54,VND2033,vendor,Meridian Aircraft Maintenance,Departure-Control-System,sso_password,success,airport-terminal,1
IA002817,2026-06-26T12:24:33,STF1017,staff,Gate Services,Cargo-Manifest-System,badge+pin,success,airport-terminal,0
IA005033,2026-06-26T12:34:05,STF1029,staff,Security,Maintenance-Ticketing,vpn_password,success,airport-terminal,0
IA005711,2026-06-26T12:59:59,STF1018,staff,Engineering & Maintenance,Staff-VPN,badge+pin,success,airport-terminal,0
IA004565,2026-06-26T13:10:19,VND2032,vendor,AeroFuel Solutions,Maintenance-Ticketing,badge+pin,success,airport-terminal,0
IA005281,2026-06-26T13:24:46,VND2000,vendor,SkyLink Ground Services,Cargo-Manifest-System,sso_mfa,success,airport-terminal,0
IA002243,2026-06-26T13:25:27,VND2015,vendor,AeroFuel Solutions,Airfield-Ops-Portal,vpn_certificate,success,vendor-remote-site,0
IA004282,2026-06-26T13:28:03,STF1080,staff,Cargo,Baggage-Handling-System,badge+pin,success,airport-terminal,0
IA003644,2026-06-26T13:40:35,STF1053,staff,Ground Operations,HR-Self-Service,sso_password,success,airport-terminal,0
IA004852,2026-06-26T13:44:06,STF1011,staff,Retail Concessions,Cargo-Manifest-System,badge+pin,success,airport-terminal,0
IA005677,2026-06-26T13:44:39,STF1064,staff,Cargo,Cargo-Manifest-System,sso_mfa,success,airport-terminal,0
IA005256,2026-06-26T13:51:55,STF1163,staff,Retail Concessions,Gate-Management-System,vpn_certificate,success,airport-terminal,0
IA001304,2026-06-26T13:52:26,STF1050,staff,Ground Operations,Maintenance-Ticketing,sso_password,success,airport-terminal,0
IA005840,2026-06-26T13:54:38,STF1163,staff,Retail Concessions,Baggage-Handling-System,sso_password,success,airport-terminal,0
IA004311,2026-06-26T14:03:19,STF1000,staff,Ground Operations,HR-Self-Service,badge+pin,success,airport-terminal,0
IA002046,2026-06-26T14:08:53,STF1060,staff,Retail Concessions,Cargo-Manifest-System,sso_mfa,success,airport-terminal,0
IA003657,2026-06-26T14:11:34,STF1034,staff,Ground Operations,Staff-VPN,badge+pin,success,airport-terminal,0
IA006044,2026-06-26T14:17:50,STF1166,staff,Baggage Handling,Baggage-Handling-System,vpn_password,success,airport-terminal,0
IA000498,2026-06-26T14:18:56,STF1038,staff,Retail Concessions,Gate-Management-System,sso_password,success,airport-terminal,0
IA005402,2026-06-26T14:28:13,STF1062,staff,Gate Services,Cargo-Manifest-System,vpn_password,success,airport-terminal,0
IA004627,2026-06-26T14:36:05,STF1024,staff,Retail Concessions,Airfield-Ops-Portal,badge+pin,success,airport-terminal,0
IA001206,2026-06-26T14:46:29,STF1014,staff,Baggage Handling,Staff-VPN,badge+pin,success,airport-terminal,0
IA001788,2026-06-26T14:56:05,STF1069,staff,Baggage Handling,Airfield-Ops-Portal,badge+pin,success,airport-terminal,0
IA004125,2026-06-26T15:10:34,STF1146,staff,Ground Operations,Retail-POS-Backend,vpn_password,success,airport-terminal,0
IA004669,2026-06-26T15:14:27,STF1055,staff,Cargo,Maintenance-Ticketing,sso_mfa,success,airport-terminal,0
IA003617,2026-06-26T15:15:07,STF1100,staff,Engineering & Maintenance,Baggage-Handling-System,badge+pin,success,airport-terminal,0
IA002470,2026-06-26T15:44:04,STF1100,staff,Engineering & Maintenance,Cargo-Manifest-System,sso_password,success,airport-terminal,0
IA001436,2026-06-26T15:47:02,STF1179,staff,Baggage Handling,Airfield-Ops-Portal,sso_mfa,fail,airport-terminal,0
IA001409,2026-06-26T15:58:11,STF1096,staff,Security,HR-Self-Service,sso_mfa,success,airport-terminal,0
IA004068,2026-06-26T16:00:35,STF1113,staff,IT,Gate-Management-System,vpn_certificate,success,airport-terminal,0
IA004424,2026-06-26T16:03:13,STF1173,staff,Baggage Handling,Retail-POS-Backend,badge+pin,fail,airport-terminal,0
IA001951,2026-06-26T16:10:23,STF1038,staff,Retail Concessions,Baggage-Handling-System,badge+pin,success,airport-terminal,0
IA003679,2026-06-26T16:17:21,VND2008,vendor,SkyLink Ground Services,Departure-Control-System,sso_mfa,success,vendor-remote-site,0
IA005801,2026-06-26T16:21:36,STF1150,staff,IT,Cargo-Manifest-System,vpn_certificate,success,airport-terminal,0
IA005165,2026-06-26T16:24:31,STF1012,staff,IT,Cargo-Manifest-System,badge+pin,success,airport-terminal,0
IA005568,2026-06-26T16:28:56,STF1030,staff,Baggage Handling,Maintenance-Ticketing,sso_password,success,airport-terminal,0
IA005745,2026-06-26T16:37:38,STF1002,staff,Ground Operations,Staff-VPN,sso_mfa,success,airport-terminal,0
IA001780,2026-06-26T16:55:00,STF1176,staff,Engineering & Maintenance,Cargo-Manifest-System,vpn_certificate,success,airport-terminal,0
IA001790,2026-06-26T16:56:39,STF1090,staff,Engineering & Maintenance,HR-Self-Service,sso_password,success,airport-terminal,0
IA000477,2026-06-26T16:59:57,STF1156,staff,Gate Services,Maintenance-Ticketing,badge+pin,success,airport-terminal,0
IA000454,2026-06-26T17:38:42,STF1023,staff,Baggage Handling,Airfield-Ops-Portal,sso_mfa,success,airport-terminal,0
IA004450,2026-06-26T17:41:37,STF1040,staff,Cargo,Maintenance-Ticketing,sso_mfa,success,airport-terminal,0
IA000455,2026-06-26T17:46:22,VND2024,vendor,AeroFuel Solutions,Baggage-Handling-System,vpn_certificate,success,vendor-remote-site,0
IA000833,2026-06-26T17:52:23,STF1049,staff,Retail Concessions,Retail-POS-Backend,badge+pin,success,airport-terminal,0
IA001213,2026-06-26T17:57:20,STF1000,staff,Ground Operations,Baggage-Handling-System,badge+pin,success,airport-terminal,0
IA003028,2026-06-26T17:59:09,STF1079,staff,Security,HR-Self-Service,sso_password,fail,airport-terminal,0
IA003542,2026-06-26T18:02:20,STF1165,staff,Cargo,Airfield-Ops-Portal,sso_password,success,airport-terminal,0
IA004391,2026-06-26T18:02:46,VND2019,vendor,Falcon Cargo Handling,Airfield-Ops-Portal,badge+pin,success,vendor-remote-site,0
IA004979,2026-06-26T18:13:16,STF1151,staff,Baggage Handling,Cargo-Manifest-System,badge+pin,success,airport-terminal,0
IA002989,2026-06-26T18:13:41,STF1108,staff,Security,Airfield-Ops-Portal,badge+pin,success,airport-terminal,0
IA000835,2026-06-26T18:21:10,STF1107,staff,Baggage Handling,Maintenance-Ticketing,sso_password,success,airport-terminal,0
IA000461,2026-06-26T18:45:19,STF1001,staff,Cargo,Cargo-Manifest-System,sso_password,success,airport-terminal,0
IA000246,2026-06-26T19:02:04,VND2019,vendor,Falcon Cargo Handling,Departure-Control-System,sso_password,success,vendor-remote-site,0
IA001379,2026-06-26T19:02:56,STF1106,staff,Retail Concessions,Cargo-Manifest-System,sso_mfa,success,airport-terminal,0
IA005112,2026-06-26T19:16:06,STF1096,staff,Security,Gate-Management-System,sso_password,success,airport-terminal,0
IA003784,2026-06-26T19:25:20,STF1108,staff,Security,HR-Self-Service,sso_password,success,airport-terminal,0
IA004995,2026-06-26T19:28:56,STF1135,staff,Security,Cargo-Manifest-System,vpn_password,success,airport-terminal,0
IA004180,2026-06-26T19:41:25,STF1069,staff,Baggage Handling,HR-Self-Service,sso_password,success,airport-terminal,0
IA001860,2026-06-26T19:47:22,STF1168,staff,Gate Services,Gate-Management-System,sso_mfa,success,airport-terminal,0
IA001186,2026-06-26T19:54:21,VND2014,vendor,AeroFuel Solutions,Maintenance-Ticketing,badge+pin,success,airport-terminal,0
IA000675,2026-06-26T19:57:55,STF1047,staff,Gate Services,Retail-POS-Backend,sso_password,success,airport-terminal,0
IA005491,2026-06-26T20:17:56,STF1076,staff,Baggage Handling,Cargo-Manifest-System,badge+pin,success,airport-terminal,0
IA001332,2026-06-26T20:21:26,STF1026,staff,Gate Services,Maintenance-Ticketing,sso_mfa,fail,airport-terminal,0
IA002153,2026-06-26T20:31:09,STF1052,staff,Cargo,Gate-Management-System,badge+pin,success,airport-terminal,0
IA005337,2026-06-26T20:37:06,STF1084,staff,IT,Baggage-Handling-System,vpn_certificate,success,airport-terminal,0
IA004177,2026-06-26T20:38:31,STF1114,staff,Gate Services,Staff-VPN,sso_mfa,success,airport-terminal,0
IA005661,2026-06-26T20:44:48,STF1004,staff,IT,Maintenance-Ticketing,badge+pin,success,airport-terminal,0
IA001712,2026-06-26T20:46:09,STF1177,staff,IT,Departure-Control-System,vpn_password,success,airport-terminal,0
IA001815,2026-06-26T21:00:12,STF1137,staff,Retail Concessions,Baggage-Handling-System,badge+pin,success,airport-terminal,0
IA003947,2026-06-26T21:00:34,STF1166,staff,Baggage Handling,Departure-Control-System,badge+pin,success,airport-terminal,0
IA000011,2026-06-26T21:01:19,VND2025,vendor,SkyLink Ground Services,HR-Self-Service,vpn_password,fail,vendor-remote-site,0
IA003419,2026-06-26T21:25:31,STF1003,staff,IT,Retail-POS-Backend,sso_password,success,airport-terminal,0
IA005373,2026-06-26T21:26:46,STF1108,staff,Security,Staff-VPN,vpn_password,success,airport-terminal,0
IA004398,2026-06-26T21:27:01,STF1007,staff,Baggage Handling,Departure-Control-System,badge+pin,success,airport-terminal,0
IA005830,2026-06-26T21:31:58,STF1152,staff,Ground Operations,Airfield-Ops-Portal,badge+pin,success,airport-terminal,0
IA002717,2026-06-26T21:49:10,VND2012,vendor,AeroFuel Solutions,Cargo-Manifest-System,vpn_password,success,airport-terminal,0
IA004525,2026-06-26T21:51:09,VND2010,vendor,SkyLink Ground Services,Maintenance-Ticketing,sso_mfa,success,airport-terminal,0
IA002280,2026-06-26T21:53:11,STF1050,staff,Ground Operations,Maintenance-Ticketing,sso_password,success,airport-terminal,0
IA005467,2026-06-26T21:53:27,VND2000,vendor,SkyLink Ground Services,Airfield-Ops-Portal,sso_password,fail,airport-terminal,0
IA002868,2026-06-26T21:57:55,STF1143,staff,Engineering & Maintenance,Cargo-Manifest-System,sso_password,success,airport-terminal,0
IA005276,2026-06-26T23:15:54,VND2029,vendor,Horizon Cleaning Services,HR-Self-Service,sso_password,success,vendor-remote-site,0
IA005297,2026-06-26T23:25:20,STF1025,staff,Security,Gate-Management-System,vpn_certificate,success,airport-terminal,0
IA003460,2026-06-26T23:35:57,VND2023,vendor,SkyLink Ground Services,Staff-VPN,vpn_password,success,airport-terminal,1
IA000873,2026-06-27T00:27:06,STF1101,staff,Retail Concessions,Retail-POS-Backend,badge+pin,success,airport-terminal,0
IA006057,2026-06-27T01:47:18,VND2025,vendor,SkyLink Ground Services,Maintenance-Ticketing,sso_password,success,airport-terminal,0
IA003697,2026-06-27T01:53:46,STF1131,staff,Engineering & Maintenance,Baggage-Handling-System,sso_password,success,airport-terminal,0
IA004482,2026-06-27T02:04:17,STF1056,staff,IT,Airfield-Ops-Portal,sso_password,success,airport-terminal,0
IA003144,2026-06-27T02:42:09,VND2021,vendor,Falcon Cargo Handling,Retail-POS-Backend,badge+pin,success,vendor-remote-site,0
IA002623,2026-06-27T03:53:14,STF1169,staff,Ground Operations,Maintenance-Ticketing,badge+pin,success,airport-terminal,0
IA003058,2026-06-27T04:12:04,STF1031,staff,Cargo,Retail-POS-Backend,sso_mfa,success,airport-terminal,0
IA001772,2026-06-27T04:25:10,STF1057,staff,Cargo,HR-Self-Service,sso_password,success,airport-terminal,0
IA002491,2026-06-27T06:08:55,STF1174,staff,Ground Operations,Baggage-Handling-System,vpn_certificate,success,airport-terminal,0
IA003265,2026-06-27T06:14:04,STF1097,staff,Retail Concessions,Maintenance-Ticketing,vpn_password,success,airport-terminal,0
IA005172,2026-06-27T06:29:03,VND2019,vendor,Falcon Cargo Handling,Gate-Management-System,badge+pin,success,vendor-remote-site,0
IA004126,2026-06-27T06:36:50,STF1030,staff,Baggage Handling,Airfield-Ops-Portal,sso_password,success,airport-terminal,0
IA003418,2026-06-27T06:47:59,STF1125,staff,Retail Concessions,Staff-VPN,sso_mfa,success,airport-terminal,0
IA004439,2026-06-27T06:59:11,STF1108,staff,Security,Airfield-Ops-Portal,vpn_certificate,success,airport-terminal,0
IA002498,2026-06-27T07:02:55,STF1136,staff,Baggage Handling,Cargo-Manifest-System,sso_mfa,success,airport-terminal,0
IA001012,2026-06-27T07:12:30,STF1173,staff,Baggage Handling,HR-Self-Service,badge+pin,success,airport-terminal,0
IA004655,2026-06-27T07:13:14,VND2030,vendor,Meridian Aircraft Maintenance,Airfield-Ops-Portal,badge+pin,success,airport-terminal,0
IA004533,2026-06-27T07:16:38,STF1063,staff,Retail Concessions,Cargo-Manifest-System,badge+pin,success,airport-terminal,0
IA004300,2026-06-27T07:28:08,STF1045,staff,Baggage Handling,Staff-VPN,sso_password,success,airport-terminal,0
IA000691,2026-06-27T07:39:48,STF1081,staff,Cargo,Baggage-Handling-System,vpn_certificate,success,airport-terminal,0
IA004082,2026-06-27T08:12:18,STF1032,staff,Security,Airfield-Ops-Portal,sso_mfa,success,airport-terminal,0
IA004960,2026-06-27T08:18:06,STF1032,staff,Security,Gate-Management-System,sso_mfa,success,airport-terminal,0
IA003168,2026-06-27T08:22:06,VND2008,vendor,SkyLink Ground Services,Departure-Control-System,sso_password,success,vendor-remote-site,0
IA005707,2026-06-27T08:36:42,STF1042,staff,Retail Concessions,HR-Self-Service,badge+pin,success,airport-terminal,0
IA005094,2026-06-27T08:40:25,STF1136,staff,Baggage Handling,HR-Self-Service,sso_password,success,airport-terminal,0
IA004074,2026-06-27T08:51:05,STF1096,staff,Security,Baggage-Handling-System,vpn_certificate,success,airport-terminal,0
IA005205,2026-06-27T09:04:39,STF1016,staff,Gate Services,Gate-Management-System,vpn_password,success,airport-terminal,0
IA002643,2026-06-27T09:06:30,STF1018,staff,Engineering & Maintenance,Departure-Control-System,sso_password,fail,airport-terminal,1
IA004678,2026-06-27T09:10:49,STF1176,staff,Engineering & Maintenance,Baggage-Handling-System,sso_password,success,airport-terminal,0
IA004237,2026-06-27T09:11:35,STF1054,staff,Security,HR-Self-Service,sso_password,success,airport-terminal,0
IA000323,2026-06-27T09:22:23,VND2000,vendor,SkyLink Ground Services,Maintenance-Ticketing,sso_mfa,success,vendor-remote-site,0
IA005513,2026-06-27T09:24:33,STF1164,staff,Ground Operations,Staff-VPN,sso_password,fail,airport-terminal,1
IA002265,2026-06-27T09:26:47,STF1159,staff,Engineering & Maintenance,Gate-Management-System,vpn_certificate,fail,airport-terminal,0
IA001861,2026-06-27T09:30:14,VND2026,vendor,Horizon Cleaning Services,Cargo-Manifest-System,badge+pin,success,vendor-remote-site,0
IA002520,2026-06-27T09:51:06,STF1053,staff,Ground Operations,HR-Self-Service,vpn_certificate,success,airport-terminal,0
IA000806,2026-06-27T09:58:34,STF1017,staff,Gate Services,Maintenance-Ticketing,sso_mfa,success,airport-terminal,0
IA003921,2026-06-27T10:05:19,VND2005,vendor,AeroFuel Solutions,Gate-Management-System,badge+pin,success,vendor-remote-site,0
IA002147,2026-06-27T10:34:51,STF1016,staff,Gate Services,Staff-VPN,badge+pin,success,airport-terminal,0
IA006190,2026-06-27T10:40:58,STF1138,staff,Security,Staff-VPN,sso_mfa,success,airport-terminal,0
IA004534,2026-06-27T10:41:48,VND2022,vendor,Falcon Cargo Handling,Cargo-Manifest-System,sso_password,success,vendor-remote-site,0
IA005047,2026-06-27T10:49:02,STF1117,staff,IT,Staff-VPN,sso_password,success,airport-terminal,0
IA001615,2026-06-27T10:52:09,VND2021,vendor,Falcon Cargo Handling,Airfield-Ops-Portal,badge+pin,success,vendor-remote-site,0
IA004108,2026-06-27T10:53:15,VND2007,vendor,SkyLink Ground Services,Cargo-Manifest-System,sso_mfa,success,vendor-remote-site,0
IA003914,2026-06-27T11:00:58,STF1018,staff,Engineering & Maintenance,Retail-POS-Backend,sso_password,success,airport-terminal,0
IA002353,2026-06-27T11:15:55,STF1056,staff,IT,Gate-Management-System,badge+pin,success,airport-terminal,0
IA005720,2026-06-27T11:34:18,VND2029,vendor,Horizon Cleaning Services,Airfield-Ops-Portal,sso_password,success,vendor-remote-site,0
IA003090,2026-06-27T11:51:52,VND2000,vendor,SkyLink Ground Services,Cargo-Manifest-System,vpn_certificate,success,vendor-remote-site,0
IA001017,2026-06-27T12:00:29,STF1044,staff,Ground Operations,Departure-Control-System,vpn_certificate,success,airport-terminal,0
IA003304,2026-06-27T12:31:47,STF1061,staff,Ground Operations,Airfield-Ops-Portal,badge+pin,success,airport-terminal,0
IA004480,2026-06-27T12:53:35,STF1056,staff,IT,Airfield-Ops-Portal,badge+pin,success,airport-terminal,0
IA003404,2026-06-27T12:59:23,STF1073,staff,Gate Services,Gate-Management-System,sso_password,success,airport-terminal,0
IA002962,2026-06-27T12:59:43,VND2023,vendor,SkyLink Ground Services,Departure-Control-System,vpn_password,success,airport-terminal,1
IA002805,2026-06-27T13:15:50,STF1146,staff,Ground Operations,Baggage-Handling-System,sso_mfa,success,airport-terminal,0
IA004922,2026-06-27T13:17:24,STF1070,staff,Ground Operations,Maintenance-Ticketing,sso_password,success,airport-terminal,0
IA004571,2026-06-27T13:41:37,STF1049,staff,Retail Concessions,Baggage-Handling-System,badge+pin,success,airport-terminal,0
IA003105,2026-06-27T13:47:56,STF1064,staff,Cargo,Airfield-Ops-Portal,sso_password,success,airport-terminal,0
IA005110,2026-06-27T13:51:15,STF1114,staff,Gate Services,Retail-POS-Backend,vpn_password,success,airport-terminal,0
IA006017,2026-06-27T13:52:35,STF1161,staff,Ground Operations,Cargo-Manifest-System,badge+pin,success,airport-terminal,0
IA004333,2026-06-27T13:55:40,STF1003,staff,IT,Cargo-Manifest-System,vpn_certificate,success,airport-terminal,0
IA003398,2026-06-27T14:24:59,STF1097,staff,Retail Concessions,Baggage-Handling-System,badge+pin,fail,airport-terminal,0
IA003676,2026-06-27T14:35:43,STF1052,staff,Cargo,Baggage-Handling-System,badge+pin,success,airport-terminal,0
IA004989,2026-06-27T14:35:55,STF1129,staff,Security,Airfield-Ops-Portal,badge+pin,success,airport-terminal,0
IA000107,2026-06-27T14:39:27,STF1094,staff,IT,Gate-Management-System,sso_password,success,airport-terminal,0
IA001894,2026-06-27T14:40:14,VND2014,vendor,AeroFuel Solutions,Retail-POS-Backend,sso_mfa,success,vendor-remote-site,0
IA005444,2026-06-27T14:55:11,STF1018,staff,Engineering & Maintenance,Staff-VPN,sso_mfa,success,airport-terminal,0
IA005962,2026-06-27T15:07:59,VND2007,vendor,SkyLink Ground Services,Airfield-Ops-Portal,sso_password,success,vendor-remote-site,0
IA002361,2026-06-27T15:10:31,STF1002,staff,Ground Operations,Retail-POS-Backend,vpn_certificate,success,airport-terminal,0
IA000569,2026-06-27T15:12:45,VND2015,vendor,AeroFuel Solutions,Departure-Control-System,badge+pin,success,airport-terminal,0
IA005747,2026-06-27T15:20:56,STF1006,staff,Retail Concessions,Retail-POS-Backend,vpn_certificate,success,airport-terminal,0
IA004643,2026-06-27T15:42:10,STF1008,staff,Ground Operations,Maintenance-Ticketing,badge+pin,success,airport-terminal,0
IA005872,2026-06-27T15:43:34,STF1156,staff,Gate Services,Staff-VPN,sso_password,success,airport-terminal,0
IA002351,2026-06-27T15:45:16,STF1132,staff,Cargo,Staff-VPN,badge+pin,success,airport-terminal,0
IA000129,2026-06-27T15:55:59,STF1014,staff,Baggage Handling,Baggage-Handling-System,sso_password,success,airport-terminal,0
IA003133,2026-06-27T15:59:03,STF1084,staff,IT,Maintenance-Ticketing,badge+pin,success,airport-terminal,0
IA002704,2026-06-27T16:04:27,STF1105,staff,Baggage Handling,Baggage-Handling-System,vpn_password,success,airport-terminal,0
IA004885,2026-06-27T16:20:57,STF1010,staff,Gate Services,Maintenance-Ticketing,vpn_certificate,success,airport-terminal,0
IA005944,2026-06-27T16:25:10,STF1115,staff,Engineering & Maintenance,Maintenance-Ticketing,badge+pin,success,airport-terminal,0
IA002466,2026-06-27T16:26:35,STF1003,staff,IT,Maintenance-Ticketing,vpn_password,success,airport-terminal,0
IA006165,2026-06-27T16:27:49,STF1013,staff,Cargo,Cargo-Manifest-System,vpn_certificate,success,airport-terminal,0
IA003005,2026-06-27T16:56:02,VND2001,vendor,Meridian Aircraft Maintenance,HR-Self-Service,sso_password,success,airport-terminal,0
IA002254,2026-06-27T17:00:34,STF1124,staff,Gate Services,Airfield-Ops-Portal,vpn_certificate,success,airport-terminal,0
IA000293,2026-06-27T17:01:49,STF1059,staff,IT,HR-Self-Service,sso_mfa,success,airport-terminal,0
IA001631,2026-06-27T17:06:55,STF1171,staff,Retail Concessions,Departure-Control-System,sso_password,success,airport-terminal,0
IA001057,2026-06-27T17:25:15,VND2013,vendor,Falcon Cargo Handling,Baggage-Handling-System,badge+pin,fail,vendor-remote-site,0
IA002367,2026-06-27T17:26:56,STF1019,staff,Cargo,Gate-Management-System,badge+pin,success,airport-terminal,0
IA001653,2026-06-27T17:42:07,STF1084,staff,IT,Staff-VPN,sso_password,success,airport-terminal,0
IA003275,2026-06-27T17:43:22,STF1103,staff,Retail Concessions,HR-Self-Service,vpn_certificate,success,airport-terminal,0
IA001933,2026-06-27T17:52:59,STF1146,staff,Ground Operations,HR-Self-Service,badge+pin,success,airport-terminal,0
IA004671,2026-06-27T17:55:02,STF1110,staff,Security,Maintenance-Ticketing,sso_password,success,airport-terminal,0
IA004693,2026-06-27T18:08:32,STF1127,staff,Baggage Handling,Airfield-Ops-Portal,sso_password,success,airport-terminal,0
IA002606,2026-06-27T18:13:40,STF1077,staff,Gate Services,Gate-Management-System,sso_password,success,airport-terminal,0
IA000686,2026-06-27T18:16:05,STF1020,staff,Ground Operations,Maintenance-Ticketing,badge+pin,success,airport-terminal,0
IA003254,2026-06-27T18:19:57,STF1103,staff,Retail Concessions,Maintenance-Ticketing,vpn_certificate,success,airport-terminal,0
IA005035,2026-06-27T18:25:55,STF1041,staff,Security,Retail-POS-Backend,badge+pin,success,airport-terminal,0
IA004075,2026-06-27T18:33:12,STF1118,staff,Engineering & Maintenance,Departure-Control-System,badge+pin,success,airport-terminal,0
IA003529,2026-06-27T18:36:06,STF1079,staff,Security,Staff-VPN,badge+pin,success,airport-terminal,0
IA002702,2026-06-27T18:39:51,STF1062,staff,Gate Services,Staff-VPN,badge+pin,success,airport-terminal,0
IA005244,2026-06-27T18:40:47,STF1141,staff,Retail Concessions,Retail-POS-Backend,sso_mfa,success,airport-terminal,0
IA001915,2026-06-27T18:43:30,VND2003,vendor,Falcon Cargo Handling,Airfield-Ops-Portal,sso_mfa,success,vendor-remote-site,0
IA004578,2026-06-27T18:51:06,STF1113,staff,IT,Cargo-Manifest-System,vpn_certificate,success,airport-terminal,0
IA004121,2026-06-27T18:54:46,VND2018,vendor,Falcon Cargo Handling,Staff-VPN,sso_mfa,success,airport-terminal,0
IA004942,2026-06-27T18:54:53,STF1114,staff,Gate Services,Staff-VPN,sso_password,success,airport-terminal,0
IA003220,2026-06-27T18:54:57,STF1041,staff,Security,Baggage-Handling-System,sso_mfa,success,airport-terminal,0
IA002522,2026-06-27T19:07:18,STF1003,staff,IT,Airfield-Ops-Portal,badge+pin,success,airport-terminal,0
IA003271,2026-06-27T19:13:23,VND2012,vendor,AeroFuel Solutions,Cargo-Manifest-System,badge+pin,success,airport-terminal,0
IA003484,2026-06-27T19:23:35,STF1144,staff,Security,Maintenance-Ticketing,sso_mfa,success,airport-terminal,0
IA000362,2026-06-27T19:25:08,STF1082,staff,Retail Concessions,Departure-Control-System,badge+pin,success,airport-terminal,0
IA006056,2026-06-27T19:25:14,STF1088,staff,Ground Operations,Retail-POS-Backend,sso_mfa,fail,airport-terminal,0
IA002664,2026-06-27T19:26:29,STF1071,staff,Cargo,Cargo-Manifest-System,vpn_password,fail,airport-terminal,0
IA004118,2026-06-27T19:33:55,STF1126,staff,IT,Retail-POS-Backend,sso_mfa,success,airport-terminal,0
IA000086,2026-06-27T19:42:02,STF1030,staff,Baggage Handling,Retail-POS-Backend,vpn_password,success,airport-terminal,0
IA001299,2026-06-27T19:46:37,STF1060,staff,Retail Concessions,Cargo-Manifest-System,sso_mfa,success,airport-terminal,0
IA002715,2026-06-27T19:47:15,STF1173,staff,Baggage Handling,Baggage-Handling-System,sso_password,success,airport-terminal,0
IA001021,2026-06-27T19:56:29,STF1026,staff,Gate Services,Cargo-Manifest-System,sso_password,success,airport-terminal,0
IA002269,2026-06-27T20:18:13,VND2034,vendor,SkyLink Ground Services,Departure-Control-System,sso_password,success,vendor-remote-site,0
IA002801,2026-06-27T20:18:20,STF1027,staff,Baggage Handling,Cargo-Manifest-System,vpn_password,success,airport-terminal,0
IA001567,2026-06-27T20:24:31,STF1106,staff,Retail Concessions,Departure-Control-System,badge+pin,success,airport-terminal,0
IA002219,2026-06-27T20:25:06,STF1018,staff,Engineering & Maintenance,Staff-VPN,sso_password,success,airport-terminal,0
IA002632,2026-06-27T20:27:20,STF1106,staff,Retail Concessions,Cargo-Manifest-System,sso_password,success,airport-terminal,0
IA001785,2026-06-27T20:54:41,STF1079,staff,Security,Gate-Management-System,sso_password,success,airport-terminal,0
IA002436,2026-06-27T21:00:23,STF1010,staff,Gate Services,Gate-Management-System,badge+pin,success,airport-terminal,0
IA001201,2026-06-27T21:05:46,STF1020,staff,Ground Operations,Cargo-Manifest-System,vpn_certificate,success,airport-terminal,0
IA000934,2026-06-27T21:07:35,STF1024,staff,Retail Concessions,HR-Self-Service,badge+pin,success,airport-terminal,0
IA000320,2026-06-27T21:29:59,STF1016,staff,Gate Services,Departure-Control-System,badge+pin,success,airport-terminal,0
IA001189,2026-06-27T21:32:11,STF1146,staff,Ground Operations,Cargo-Manifest-System,sso_mfa,fail,airport-terminal,0
IA000796,2026-06-27T21:32:38,STF1158,staff,Baggage Handling,Retail-POS-Backend,vpn_certificate,success,airport-terminal,0
IA006195,2026-06-27T21:42:53,STF1081,staff,Cargo,Departure-Control-System,sso_password,success,airport-terminal,0
IA000310,2026-06-28T00:22:23,STF1083,staff,Security,Baggage-Handling-System,badge+pin,success,airport-terminal,0
IA002653,2026-06-28T02:00:46,STF1107,staff,Baggage Handling,Departure-Control-System,badge+pin,success,airport-terminal,0
IA004532,2026-06-28T03:40:00,STF1029,staff,Security,Cargo-Manifest-System,sso_password,success,airport-terminal,0
IA000912,2026-06-28T03:43:26,STF1167,staff,Retail Concessions,Staff-VPN,sso_password,success,airport-terminal,1
IA002246,2026-06-28T03:52:44,STF1045,staff,Baggage Handling,HR-Self-Service,badge+pin,success,airport-terminal,0
IA005642,2026-06-28T04:30:25,VND2023,vendor,SkyLink Ground Services,Departure-Control-System,sso_password,success,vendor-remote-site,1
IA001765,2026-06-28T06:00:11,STF1163,staff,Retail Concessions,Staff-VPN,sso_password,success,airport-terminal,0
IA000268,2026-06-28T06:15:12,STF1058,staff,Gate Services,Baggage-Handling-System,badge+pin,fail,airport-terminal,0
IA000947,2026-06-28T06:32:47,STF1173,staff,Baggage Handling,Retail-POS-Backend,vpn_certificate,success,airport-terminal,0
IA005776,2026-06-28T06:39:18,VND2012,vendor,AeroFuel Solutions,Retail-POS-Backend,badge+pin,success,airport-terminal,0
IA000913,2026-06-28T06:44:59,STF1056,staff,IT,Departure-Control-System,badge+pin,success,airport-terminal,0
IA002282,2026-06-28T06:49:10,STF1114,staff,Gate Services,Baggage-Handling-System,vpn_password,success,airport-terminal,0
IA002161,2026-06-28T06:54:29,STF1032,staff,Security,Staff-VPN,badge+pin,success,airport-terminal,0
IA004344,2026-06-28T06:55:05,STF1046,staff,Cargo,Departure-Control-System,sso_mfa,success,airport-terminal,0
IA003333,2026-06-28T06:58:51,STF1066,staff,Retail Concessions,Cargo-Manifest-System,sso_password,success,airport-terminal,0
IA000292,2026-06-28T07:05:29,STF1076,staff,Baggage Handling,Staff-VPN,sso_password,success,airport-terminal,0
IA004718,2026-06-28T07:14:05,STF1041,staff,Security,Maintenance-Ticketing,badge+pin,success,airport-terminal,0
IA004959,2026-06-28T07:18:27,STF1045,staff,Baggage Handling,Cargo-Manifest-System,vpn_certificate,success,airport-terminal,0
IA004070,2026-06-28T07:20:01,VND2023,vendor,SkyLink Ground Services,HR-Self-Service,sso_password,success,airport-terminal,0
IA003230,2026-06-28T07:29:51,STF1114,staff,Gate Services,Departure-Control-System,vpn_certificate,success,airport-terminal,0
IA002444,2026-06-28T07:35:46,VND2000,vendor,SkyLink Ground Services,Staff-VPN,sso_mfa,success,airport-terminal,0
IA000407,2026-06-28T07:46:56,VND2012,vendor,AeroFuel Solutions,Gate-Management-System,badge+pin,success,airport-terminal,0
IA000684,2026-06-28T07:54:20,STF1171,staff,Retail Concessions,HR-Self-Service,vpn_certificate,success,airport-terminal,0
IA005592,2026-06-28T07:55:04,VND2003,vendor,Falcon Cargo Handling,Staff-VPN,badge+pin,success,vendor-remote-site,0
IA003928,2026-06-28T07:57:10,STF1139,staff,Gate Services,Airfield-Ops-Portal,badge+pin,success,airport-terminal,0
IA003140,2026-06-28T08:04:41,STF1001,staff,Cargo,Baggage-Handling-System,badge+pin,success,airport-terminal,0
IA002853,2026-06-28T08:09:38,STF1037,staff,Engineering & Maintenance,Staff-VPN,vpn_password,success,airport-terminal,0
IA001575,2026-06-28T08:10:42,VND2006,vendor,Coastal Catering Co,Maintenance-Ticketing,vpn_certificate,success,vendor-remote-site,0
IA001549,2026-06-28T08:11:43,STF1172,staff,Ground Operations,Staff-VPN,sso_mfa,success,airport-terminal,0
IA002770,2026-06-28T08:14:20,STF1072,staff,Retail Concessions,Departure-Control-System,vpn_certificate,success,airport-terminal,0
IA000488,2026-06-28T08:15:33,STF1086,staff,Baggage Handling,Departure-Control-System,sso_password,success,airport-terminal,0
IA001995,2026-06-28T08:17:46,STF1125,staff,Retail Concessions,HR-Self-Service,sso_password,success,airport-terminal,0
IA001849,2026-06-28T08:23:28,STF1020,staff,Ground Operations,Staff-VPN,vpn_password,success,airport-terminal,0
IA000753,2026-06-28T08:42:58,STF1137,staff,Retail Concessions,Staff-VPN,badge+pin,success,airport-terminal,0
IA003553,2026-06-28T08:45:33,STF1027,staff,Baggage Handling,Gate-Management-System,vpn_password,success,airport-terminal,0
IA004546,2026-06-28T08:52:19,STF1150,staff,IT,Airfield-Ops-Portal,sso_password,success,airport-terminal,0
IA001680,2026-06-28T08:54:46,STF1103,staff,Retail Concessions,Gate-Management-System,sso_mfa,success,airport-terminal,0
IA004853,2026-06-28T08:56:14,VND2012,vendor,AeroFuel Solutions,Staff-VPN,vpn_certificate,success,vendor-remote-site,0
IA003655,2026-06-28T08:59:58,STF1019,staff,Cargo,Staff-VPN,sso_password,success,airport-terminal,0
IA002657,2026-06-28T09:04:24,STF1065,staff,Security,Gate-Management-System,sso_password,success,airport-terminal,0
IA001959,2026-06-28T09:17:32,STF1102,staff,IT,Baggage-Handling-System,vpn_certificate,success,airport-terminal,0
IA002794,2026-06-28T09:20:55,STF1163,staff,Retail Concessions,Gate-Management-System,vpn_password,success,airport-terminal,0
IA002241,2026-06-28T09:28:03,STF1152,staff,Ground Operations,Retail-POS-Backend,sso_password,success,airport-terminal,0
IA000181,2026-06-28T10:10:43,STF1062,staff,Gate Services,Departure-Control-System,badge+pin,success,airport-terminal,0
IA003339,2026-06-28T10:18:57,VND2025,vendor,SkyLink Ground Services,Retail-POS-Backend,vpn_password,success,vendor-remote-site,0
IA003237,2026-06-28T10:21:36,STF1164,staff,Ground Operations,Baggage-Handling-System,badge+pin,success,airport-terminal,0
IA000852,2026-06-28T10:25:30,STF1137,staff,Retail Concessions,Gate-Management-System,badge+pin,success,airport-terminal,0
IA002164,2026-06-28T10:35:06,STF1162,staff,Ground Operations,HR-Self-Service,sso_mfa,success,airport-terminal,0
IA000952,2026-06-28T10:40:12,STF1147,staff,Ground Operations,Cargo-Manifest-System,vpn_certificate,success,airport-terminal,0
IA003520,2026-06-28T11:04:00,STF1018,staff,Engineering & Maintenance,Baggage-Handling-System,sso_password,success,airport-terminal,0
IA004341,2026-06-28T11:08:30,VND2007,vendor,SkyLink Ground Services,Departure-Control-System,badge+pin,success,vendor-remote-site,0
IA002187,2026-06-28T11:12:39,STF1059,staff,IT,Maintenance-Ticketing,badge+pin,success,airport-terminal,0
IA004719,2026-06-28T11:20:23,VND2003,vendor,Falcon Cargo Handling,Cargo-Manifest-System,badge+pin,success,airport-terminal,0
IA001994,2026-06-28T11:22:55,STF1100,staff,Engineering & Maintenance,Gate-Management-System,sso_mfa,success,airport-terminal,0
IA004378,2026-06-28T11:30:39,STF1109,staff,IT,Airfield-Ops-Portal,sso_password,success,airport-terminal,0
IA004209,2026-06-28T11:36:31,STF1072,staff,Retail Concessions,Retail-POS-Backend,sso_password,success,airport-terminal,0
IA002407,2026-06-28T11:43:55,STF1042,staff,Retail Concessions,Departure-Control-System,sso_password,success,airport-terminal,0
IA000571,2026-06-28T11:52:56,STF1059,staff,IT,Baggage-Handling-System,badge+pin,fail,airport-terminal,0
IA005630,2026-06-28T11:58:41,STF1011,staff,Retail Concessions,Staff-VPN,badge+pin,success,airport-terminal,0
IA004002,2026-06-28T12:07:47,VND2016,vendor,AeroFuel Solutions,Gate-Management-System,sso_mfa,success,vendor-remote-site,0
IA002454,2026-06-28T12:12:32,STF1050,staff,Ground Operations,Cargo-Manifest-System,badge+pin,success,airport-terminal,0
IA004154,2026-06-28T12:15:06,STF1144,staff,Security,Departure-Control-System,sso_mfa,success,airport-terminal,0
IA006150,2026-06-28T12:20:11,STF1098,staff,Engineering & Maintenance,Cargo-Manifest-System,vpn_certificate,success,airport-terminal,0
IA005629,2026-06-28T12:22:27,STF1028,staff,IT,Airfield-Ops-Portal,badge+pin,success,airport-terminal,0
IA001914,2026-06-28T12:24:07,STF1172,staff,Ground Operations,Cargo-Manifest-System,sso_mfa,success,airport-terminal,0
IA002939,2026-06-28T12:38:36,STF1109,staff,IT,Retail-POS-Backend,badge+pin,fail,airport-terminal,0
IA001758,2026-06-28T12:39:15,STF1140,staff,Engineering & Maintenance,Departure-Control-System,vpn_certificate,success,airport-terminal,0
IA001901,2026-06-28T12:49:29,STF1065,staff,Security,Maintenance-Ticketing,badge+pin,success,airport-terminal,0
IA000662,2026-06-28T12:54:21,STF1158,staff,Baggage Handling,Cargo-Manifest-System,badge+pin,success,airport-terminal,0
IA000659,2026-06-28T13:03:38,STF1173,staff,Baggage Handling,Airfield-Ops-Portal,vpn_password,success,airport-terminal,0
IA001645,2026-06-28T13:10:29,STF1175,staff,Ground Operations,Departure-Control-System,vpn_password,success,airport-terminal,0
IA001555,2026-06-28T13:13:34,STF1175,staff,Ground Operations,Cargo-Manifest-System,sso_password,fail,airport-terminal,0
IA005360,2026-06-28T13:18:40,STF1017,staff,Gate Services,Airfield-Ops-Portal,sso_mfa,success,airport-terminal,0
IA001343,2026-06-28T13:18:52,VND2012,vendor,AeroFuel Solutions,HR-Self-Service,badge+pin,success,airport-terminal,0
IA002133,2026-06-28T13:20:15,STF1160,staff,Gate Services,Airfield-Ops-Portal,sso_password,fail,airport-terminal,0
IA002568,2026-06-28T13:34:58,VND2013,vendor,Falcon Cargo Handling,Departure-Control-System,sso_password,success,airport-terminal,0
IA005853,2026-06-28T13:36:05,STF1004,staff,IT,Staff-VPN,sso_mfa,success,airport-terminal,0
IA004580,2026-06-28T13:55:04,STF1032,staff,Security,Retail-POS-Backend,sso_mfa,success,airport-terminal,0
IA001708,2026-06-28T13:59:32,VND2020,vendor,Coastal Catering Co,Staff-VPN,vpn_certificate,success,vendor-remote-site,0
IA003597,2026-06-28T14:02:09,STF1103,staff,Retail Concessions,Departure-Control-System,badge+pin,success,airport-terminal,0
IA004167,2026-06-28T14:09:27,STF1092,staff,Baggage Handling,Retail-POS-Backend,sso_password,success,airport-terminal,0
IA006082,2026-06-28T14:22:53,VND2014,vendor,AeroFuel Solutions,Baggage-Handling-System,sso_password,success,airport-terminal,0
IA001395,2026-06-28T14:37:14,STF1034,staff,Ground Operations,Gate-Management-System,badge+pin,success,airport-terminal,0
IA001535,2026-06-28T14:45:03,STF1043,staff,Cargo,Cargo-Manifest-System,sso_mfa,success,airport-terminal,0
IA002207,2026-06-28T14:50:38,STF1051,staff,Retail Concessions,Cargo-Manifest-System,vpn_password,success,airport-terminal,0
IA003191,2026-06-28T14:59:32,STF1000,staff,Ground Operations,Staff-VPN,sso_password,success,airport-terminal,0
IA000462,2026-06-28T15:00:13,VND2022,vendor,Falcon Cargo Handling,Gate-Management-System,vpn_certificate,success,airport-terminal,0
IA000955,2026-06-28T15:00:18,STF1036,staff,Gate Services,Maintenance-Ticketing,sso_mfa,success,airport-terminal,0
IA003898,2026-06-28T15:13:20,STF1058,staff,Gate Services,Gate-Management-System,badge+pin,success,airport-terminal,0
IA001771,2026-06-28T15:19:07,STF1090,staff,Engineering & Maintenance,Departure-Control-System,sso_password,success,airport-terminal,0
IA003011,2026-06-28T15:24:38,VND2027,vendor,Meridian Aircraft Maintenance,Airfield-Ops-Portal,vpn_password,success,vendor-remote-site,0
IA000678,2026-06-28T15:57:58,STF1141,staff,Retail Concessions,Staff-VPN,sso_password,success,airport-terminal,0
IA005958,2026-06-28T16:10:51,STF1113,staff,IT,Baggage-Handling-System,vpn_password,success,airport-terminal,0
IA004147,2026-06-28T16:25:17,VND2002,vendor,Horizon Cleaning Services,Retail-POS-Backend,vpn_password,success,vendor-remote-site,0
IA003950,2026-06-28T16:30:20,VND2005,vendor,AeroFuel Solutions,HR-Self-Service,sso_mfa,success,airport-terminal,0
IA002690,2026-06-28T16:31:50,STF1004,staff,IT,HR-Self-Service,vpn_password,success,airport-terminal,0
IA001339,2026-06-28T16:38:12,STF1120,staff,Engineering & Maintenance,Maintenance-Ticketing,badge+pin,success,airport-terminal,0
IA002925,2026-06-28T16:44:07,STF1111,staff,Ground Operations,Baggage-Handling-System,badge+pin,success,airport-terminal,0
IA002845,2026-06-28T16:51:56,STF1145,staff,Ground Operations,Staff-VPN,vpn_password,fail,airport-terminal,0
IA003983,2026-06-28T16:52:33,STF1134,staff,Gate Services,Retail-POS-Backend,sso_password,success,airport-terminal,0
IA005422,2026-06-28T16:53:37,STF1154,staff,Ground Operations,HR-Self-Service,badge+pin,success,airport-terminal,0
IA002167,2026-06-28T17:02:11,VND2024,vendor,AeroFuel Solutions,HR-Self-Service,sso_mfa,success,vendor-remote-site,0
IA006001,2026-06-28T17:02:54,VND2009,vendor,Falcon Cargo Handling,Maintenance-Ticketing,vpn_certificate,success,airport-terminal,0
IA001541,2026-06-28T17:05:23,STF1105,staff,Baggage Handling,Departure-Control-System,vpn_password,success,airport-terminal,0
IA005348,2026-06-28T17:07:48,STF1005,staff,Retail Concessions,Departure-Control-System,badge+pin,success,airport-terminal,0
IA005956,2026-06-28T17:09:56,VND2012,vendor,AeroFuel Solutions,Cargo-Manifest-System,badge+pin,success,vendor-remote-site,0
IA001797,2026-06-28T17:18:42,STF1107,staff,Baggage Handling,Airfield-Ops-Portal,sso_password,success,airport-terminal,0
IA004836,2026-06-28T17:25:24,VND2027,vendor,Meridian Aircraft Maintenance,Cargo-Manifest-System,badge+pin,success,vendor-remote-site,0
IA000745,2026-06-28T17:29:14,STF1122,staff,Gate Services,Maintenance-Ticketing,sso_password,success,airport-terminal,0
IA005166,2026-06-28T17:30:24,STF1086,staff,Baggage Handling,Baggage-Handling-System,sso_mfa,success,airport-terminal,0
IA005520,2026-06-28T17:36:42,STF1061,staff,Ground Operations,Maintenance-Ticketing,sso_password,success,airport-terminal,0
IA004784,2026-06-28T17:36:56,VND2027,vendor,Meridian Aircraft Maintenance,Maintenance-Ticketing,badge+pin,success,airport-terminal,0
IA002268,2026-06-28T17:42:17,VND2004,vendor,Falcon Cargo Handling,Departure-Control-System,vpn_password,success,airport-terminal,0
IA002852,2026-06-28T17:45:49,VND2008,vendor,SkyLink Ground Services,Staff-VPN,vpn_password,success,airport-terminal,0
IA002557,2026-06-28T17:46:30,STF1170,staff,Baggage Handling,Airfield-Ops-Portal,badge+pin,success,airport-terminal,0
IA002964,2026-06-28T18:02:55,STF1040,staff,Cargo,Cargo-Manifest-System,badge+pin,success,airport-terminal,0
IA005737,2026-06-28T18:03:19,STF1119,staff,Baggage Handling,Airfield-Ops-Portal,sso_password,success,airport-terminal,0
IA002881,2026-06-28T18:06:22,STF1118,staff,Engineering & Maintenance,Maintenance-Ticketing,sso_password,success,airport-terminal,0
IA002528,2026-06-28T18:09:40,STF1024,staff,Retail Concessions,Retail-POS-Backend,vpn_password,success,airport-terminal,0
IA005455,2026-06-28T18:09:47,STF1103,staff,Retail Concessions,Cargo-Manifest-System,vpn_certificate,success,airport-terminal,0
IA001118,2026-06-28T18:14:11,STF1096,staff,Security,Maintenance-Ticketing,badge+pin,success,airport-terminal,0
IA002897,2026-06-28T18:14:40,STF1017,staff,Gate Services,HR-Self-Service,badge+pin,success,airport-terminal,0
IA005340,2026-06-28T18:18:12,STF1053,staff,Ground Operations,Staff-VPN,sso_mfa,fail,airport-terminal,0
IA004987,2026-06-28T18:19:23,STF1029,staff,Security,Airfield-Ops-Portal,badge+pin,success,airport-terminal,0
IA003195,2026-06-28T18:28:03,STF1066,staff,Retail Concessions,Departure-Control-System,sso_password,success,airport-terminal,0
IA005018,2026-06-28T18:40:24,STF1077,staff,Gate Services,Airfield-Ops-Portal,badge+pin,success,airport-terminal,0
IA004325,2026-06-28T18:45:54,STF1020,staff,Ground Operations,Baggage-Handling-System,vpn_password,success,airport-terminal,0
IA006094,2026-06-28T18:54:20,STF1098,staff,Engineering & Maintenance,Baggage-Handling-System,sso_mfa,success,airport-terminal,0
IA005376,2026-06-28T18:58:31,STF1106,staff,Retail Concessions,Departure-Control-System,badge+pin,success,airport-terminal,0
IA004629,2026-06-28T19:13:09,STF1027,staff,Baggage Handling,Baggage-Handling-System,sso_mfa,success,airport-terminal,0
IA002249,2026-06-28T19:18:38,STF1133,staff,Baggage Handling,Airfield-Ops-Portal,vpn_password,success,airport-terminal,0
IA002451,2026-06-28T19:40:25,STF1157,staff,Gate Services,Cargo-Manifest-System,badge+pin,fail,airport-terminal,0
IA000360,2026-06-28T19:41:34,STF1136,staff,Baggage Handling,HR-Self-Service,vpn_password,success,airport-terminal,0
IA004910,2026-06-28T20:15:54,VND2015,vendor,AeroFuel Solutions,Retail-POS-Backend,vpn_certificate,success,vendor-remote-site,0
IA003792,2026-06-28T20:26:02,STF1020,staff,Ground Operations,Departure-Control-System,sso_password,success,airport-terminal,0
IA004331,2026-06-28T20:30:42,STF1108,staff,Security,Gate-Management-System,sso_password,success,airport-terminal,0
IA004980,2026-06-28T20:33:33,STF1134,staff,Gate Services,Departure-Control-System,vpn_certificate,success,airport-terminal,0
IA003729,2026-06-28T20:38:47,STF1159,staff,Engineering & Maintenance,Staff-VPN,badge+pin,success,airport-terminal,0
IA004461,2026-06-28T20:43:31,VND2018,vendor,Falcon Cargo Handling,Maintenance-Ticketing,badge+pin,success,airport-terminal,0
IA002721,2026-06-28T20:54:35,STF1103,staff,Retail Concessions,Airfield-Ops-Portal,badge+pin,fail,airport-terminal,0
IA005370,2026-06-28T20:56:03,STF1063,staff,Retail Concessions,Staff-VPN,sso_mfa,fail,airport-terminal,0
IA003962,2026-06-28T20:56:59,VND2000,vendor,SkyLink Ground Services,Airfield-Ops-Portal,badge+pin,success,vendor-remote-site,0
IA001833,2026-06-28T21:01:27,STF1109,staff,IT,Baggage-Handling-System,badge+pin,success,airport-terminal,0
IA001005,2026-06-28T21:02:10,STF1081,staff,Cargo,Departure-Control-System,vpn_password,success,airport-terminal,0
IA001162,2026-06-28T21:09:24,STF1071,staff,Cargo,Gate-Management-System,badge+pin,success,airport-terminal,0
IA002396,2026-06-28T21:10:16,STF1063,staff,Retail Concessions,Departure-Control-System,sso_password,success,airport-terminal,0
IA000411,2026-06-28T21:14:16,STF1161,staff,Ground Operations,Maintenance-Ticketing,sso_password,success,airport-terminal,0
IA005343,2026-06-28T21:21:52,STF1027,staff,Baggage Handling,Departure-Control-System,sso_password,success,airport-terminal,0
IA004635,2026-06-28T21:26:08,STF1145,staff,Ground Operations,Staff-VPN,sso_mfa,success,airport-terminal,0
IA003315,2026-06-28T21:41:14,STF1092,staff,Baggage Handling,Staff-VPN,badge+pin,success,airport-terminal,0
IA003601,2026-06-28T21:44:09,STF1045,staff,Baggage Handling,Airfield-Ops-Portal,badge+pin,success,airport-terminal,0
IA000154,2026-06-28T21:45:49,STF1036,staff,Gate Services,Gate-Management-System,sso_password,success,airport-terminal,0
IA000253,2026-06-29T00:08:59,STF1153,staff,Ground Operations,Retail-POS-Backend,badge+pin,success,airport-terminal,0
IA000557,2026-06-29T00:09:00,STF1094,staff,IT,HR-Self-Service,vpn_password,success,airport-terminal,0
IA005101,2026-06-29T00:11:45,STF1080,staff,Cargo,Maintenance-Ticketing,sso_password,success,airport-terminal,0
IA005271,2026-06-29T00:44:04,STF1177,staff,IT,Retail-POS-Backend,sso_mfa,success,airport-terminal,0
IA003054,2026-06-29T00:50:00,STF1041,staff,Security,Baggage-Handling-System,sso_mfa,success,airport-terminal,0
IA003539,2026-06-29T02:22:02,STF1045,staff,Baggage Handling,Cargo-Manifest-System,sso_mfa,success,airport-terminal,0
IA005232,2026-06-29T03:11:55,STF1167,staff,Retail Concessions,Staff-VPN,sso_password,success,airport-terminal,1
IA002156,2026-06-29T03:43:29,STF1058,staff,Gate Services,Cargo-Manifest-System,sso_password,success,airport-terminal,0
IA000537,2026-06-29T03:46:51,STF1142,staff,Gate Services,Staff-VPN,badge+pin,success,airport-terminal,0
IA004155,2026-06-29T04:01:07,VND2031,vendor,Meridian Aircraft Maintenance,Retail-POS-Backend,vpn_certificate,success,vendor-remote-site,0
IA001368,2026-06-29T04:19:59,STF1151,staff,Baggage Handling,HR-Self-Service,sso_password,success,airport-terminal,0
IA002410,2026-06-29T04:44:50,STF1021,staff,Ground Operations,Airfield-Ops-Portal,badge+pin,success,airport-terminal,0
IA001321,2026-06-29T04:54:41,VND2007,vendor,SkyLink Ground Services,Maintenance-Ticketing,badge+pin,success,airport-terminal,0
IA000532,2026-06-29T06:20:49,STF1080,staff,Cargo,Retail-POS-Backend,sso_password,success,airport-terminal,0
IA005433,2026-06-29T06:25:11,STF1080,staff,Cargo,Staff-VPN,sso_mfa,success,airport-terminal,0
IA004735,2026-06-29T06:41:56,STF1176,staff,Engineering & Maintenance,Staff-VPN,vpn_certificate,success,airport-terminal,0
IA002166,2026-06-29T06:59:42,STF1049,staff,Retail Concessions,HR-Self-Service,badge+pin,success,airport-terminal,0
IA004370,2026-06-29T07:01:49,STF1034,staff,Ground Operations,Staff-VPN,vpn_certificate,success,airport-terminal,0
IA003061,2026-06-29T07:26:13,STF1035,staff,Retail Concessions,Departure-Control-System,badge+pin,success,airport-terminal,0
IA003752,2026-06-29T07:36:15,STF1164,staff,Ground Operations,Cargo-Manifest-System,badge+pin,success,airport-terminal,0
IA002804,2026-06-29T07:44:56,STF1102,staff,IT,Maintenance-Ticketing,sso_password,success,airport-terminal,0
IA004137,2026-06-29T08:27:10,STF1124,staff,Gate Services,Baggage-Handling-System,sso_password,success,airport-terminal,0
IA003447,2026-06-29T08:30:49,STF1136,staff,Baggage Handling,Cargo-Manifest-System,badge+pin,fail,airport-terminal,0
IA001585,2026-06-29T08:31:50,STF1143,staff,Engineering & Maintenance,Maintenance-Ticketing,badge+pin,success,airport-terminal,0
IA005246,2026-06-29T08:31:55,STF1049,staff,Retail Concessions,Cargo-Manifest-System,sso_password,fail,airport-terminal,0
IA004687,2026-06-29T08:38:18,STF1084,staff,IT,Baggage-Handling-System,sso_mfa,success,airport-terminal,0
IA002822,2026-06-29T08:49:34,STF1140,staff,Engineering & Maintenance,Gate-Management-System,sso_mfa,success,airport-terminal,0
IA000776,2026-06-29T08:51:17,STF1015,staff,Gate Services,HR-Self-Service,sso_password,success,airport-terminal,0
IA002263,2026-06-29T08:54:26,STF1135,staff,Security,Gate-Management-System,sso_password,success,airport-terminal,0
IA001876,2026-06-29T08:56:34,STF1010,staff,Gate Services,Departure-Control-System,badge+pin,success,airport-terminal,0
IA004832,2026-06-29T09:04:27,STF1015,staff,Gate Services,Gate-Management-System,vpn_certificate,success,airport-terminal,0
IA005486,2026-06-29T09:06:28,VND2012,vendor,AeroFuel Solutions,Baggage-Handling-System,badge+pin,success,airport-terminal,0
IA003995,2026-06-29T09:06:49,VND2017,vendor,Horizon Cleaning Services,Cargo-Manifest-System,sso_mfa,success,airport-terminal,0
IA002443,2026-06-29T09:22:01,STF1174,staff,Ground Operations,Cargo-Manifest-System,sso_password,success,airport-terminal,0
IA001318,2026-06-29T09:23:32,STF1161,staff,Ground Operations,Staff-VPN,vpn_password,success,airport-terminal,0
IA001297,2026-06-29T09:24:10,VND2015,vendor,AeroFuel Solutions,Maintenance-Ticketing,vpn_password,success,airport-terminal,0
IA001286,2026-06-29T09:28:11,STF1070,staff,Ground Operations,Gate-Management-System,vpn_password,success,airport-terminal,0
IA004329,2026-06-29T09:37:58,STF1155,staff,Cargo,Airfield-Ops-Portal,badge+pin,success,airport-terminal,0
IA003554,2026-06-29T09:37:59,STF1077,staff,Gate Services,Departure-Control-System,sso_password,success,airport-terminal,0
IA003210,2026-06-29T09:40:04,STF1114,staff,Gate Services,HR-Self-Service,sso_mfa,success,airport-terminal,0
IA004544,2026-06-29T09:44:41,STF1073,staff,Gate Services,Retail-POS-Backend,badge+pin,success,airport-terminal,0
IA001916,2026-06-29T09:46:11,VND2021,vendor,Falcon Cargo Handling,Cargo-Manifest-System,badge+pin,success,vendor-remote-site,0
IA003465,2026-06-29T09:47:35,STF1004,staff,IT,Staff-VPN,badge+pin,success,airport-terminal,0
IA004475,2026-06-29T09:54:41,STF1110,staff,Security,Departure-Control-System,sso_password,success,airport-terminal,0
IA003774,2026-06-29T09:57:27,STF1175,staff,Ground Operations,Maintenance-Ticketing,badge+pin,success,airport-terminal,0
IA002601,2026-06-29T10:05:09,STF1159,staff,Engineering & Maintenance,Retail-POS-Backend,vpn_password,success,airport-terminal,0
IA004900,2026-06-29T10:13:08,STF1140,staff,Engineering & Maintenance,Gate-Management-System,sso_mfa,success,airport-terminal,0
IA005938,2026-06-29T10:21:33,STF1088,staff,Ground Operations,Cargo-Manifest-System,vpn_password,success,airport-terminal,0
IA001801,2026-06-29T10:30:12,STF1015,staff,Gate Services,Cargo-Manifest-System,vpn_password,success,airport-terminal,0
IA005234,2026-06-29T10:34:13,STF1149,staff,Cargo,Cargo-Manifest-System,badge+pin,success,airport-terminal,0
IA000479,2026-06-29T10:43:01,STF1015,staff,Gate Services,Cargo-Manifest-System,badge+pin,success,airport-terminal,0
IA003204,2026-06-29T10:43:08,STF1147,staff,Ground Operations,Staff-VPN,sso_password,success,airport-terminal,0
IA004913,2026-06-29T10:48:33,STF1111,staff,Ground Operations,Airfield-Ops-Portal,badge+pin,success,airport-terminal,0
IA002697,2026-06-29T10:50:08,STF1051,staff,Retail Concessions,Retail-POS-Backend,sso_password,success,airport-terminal,0
IA001326,2026-06-29T10:58:18,STF1090,staff,Engineering & Maintenance,Departure-Control-System,vpn_certificate,success,airport-terminal,0
IA003022,2026-06-29T11:02:50,VND2029,vendor,Horizon Cleaning Services,Baggage-Handling-System,badge+pin,success,airport-terminal,0
IA002296,2026-06-29T11:12:53,STF1087,staff,Ground Operations,Airfield-Ops-Portal,sso_mfa,success,airport-terminal,0
IA003074,2026-06-29T11:13:23,STF1055,staff,Cargo,HR-Self-Service,sso_mfa,success,airport-terminal,0
IA003890,2026-06-29T11:19:44,STF1158,staff,Baggage Handling,Baggage-Handling-System,vpn_password,success,airport-terminal,0
IA004484,2026-06-29T11:34:40,STF1081,staff,Cargo,Retail-POS-Backend,badge+pin,success,airport-terminal,0
IA000733,2026-06-29T11:38:04,STF1060,staff,Retail Concessions,Maintenance-Ticketing,vpn_password,success,airport-terminal,0
IA000368,2026-06-29T11:39:16,VND2025,vendor,SkyLink Ground Services,Staff-VPN,sso_password,success,airport-terminal,0
IA001392,2026-06-29T11:39:28,VND2000,vendor,SkyLink Ground Services,Baggage-Handling-System,badge+pin,success,airport-terminal,0
IA005628,2026-06-29T11:51:22,VND2027,vendor,Meridian Aircraft Maintenance,Maintenance-Ticketing,sso_password,success,airport-terminal,0
IA003281,2026-06-29T11:58:34,VND2015,vendor,AeroFuel Solutions,Baggage-Handling-System,sso_password,success,airport-terminal,0
IA005321,2026-06-29T12:04:25,VND2026,vendor,Horizon Cleaning Services,Baggage-Handling-System,sso_mfa,success,vendor-remote-site,0
IA000127,2026-06-29T12:29:33,STF1088,staff,Ground Operations,Airfield-Ops-Portal,vpn_password,success,airport-terminal,0
IA002505,2026-06-29T12:35:59,VND2018,vendor,Falcon Cargo Handling,Baggage-Handling-System,sso_password,fail,vendor-remote-site,0
IA000190,2026-06-29T12:44:51,STF1059,staff,IT,Cargo-Manifest-System,sso_password,success,airport-terminal,0
IA005843,2026-06-29T12:55:18,VND2030,vendor,Meridian Aircraft Maintenance,Retail-POS-Backend,sso_password,success,vendor-remote-site,0
IA003877,2026-06-29T12:58:38,VND2018,vendor,Falcon Cargo Handling,HR-Self-Service,vpn_password,success,vendor-remote-site,0
IA004448,2026-06-29T12:59:26,VND2010,vendor,SkyLink Ground Services,HR-Self-Service,badge+pin,success,airport-terminal,0
IA000663,2026-06-29T12:59:58,STF1054,staff,Security,Retail-POS-Backend,badge+pin,success,airport-terminal,0
IA002363,2026-06-29T13:03:51,STF1098,staff,Engineering & Maintenance,Departure-Control-System,vpn_password,fail,airport-terminal,1
IA003827,2026-06-29T13:04:51,STF1006,staff,Retail Concessions,Airfield-Ops-Portal,sso_password,success,airport-terminal,0
IA005976,2026-06-29T13:14:04,VND2025,vendor,SkyLink Ground Services,Baggage-Handling-System,badge+pin,success,airport-terminal,0
IA006143,2026-06-29T13:29:09,VND2030,vendor,Meridian Aircraft Maintenance,Departure-Control-System,sso_password,success,vendor-remote-site,0
IA004767,2026-06-29T13:31:48,STF1168,staff,Gate Services,Departure-Control-System,sso_password,success,airport-terminal,0
IA004884,2026-06-29T13:36:28,STF1085,staff,Gate Services,Cargo-Manifest-System,sso_mfa,success,airport-terminal,0
IA000328,2026-06-29T13:46:26,STF1076,staff,Baggage Handling,Retail-POS-Backend,badge+pin,success,airport-terminal,0
IA003078,2026-06-29T13:47:14,STF1115,staff,Engineering & Maintenance,HR-Self-Service,badge+pin,success,airport-terminal,0
IA002725,2026-06-29T13:59:28,VND2020,vendor,Coastal Catering Co,Retail-POS-Backend,badge+pin,success,airport-terminal,0
IA002607,2026-06-29T14:09:22,STF1135,staff,Security,Airfield-Ops-Portal,badge+pin,success,airport-terminal,0
IA002959,2026-06-29T14:10:02,STF1063,staff,Retail Concessions,Retail-POS-Backend,sso_password,success,airport-terminal,0
IA005750,2026-06-29T14:15:08,VND2019,vendor,Falcon Cargo Handling,Staff-VPN,badge+pin,success,airport-terminal,0
IA004917,2026-06-29T14:22:56,VND2004,vendor,Falcon Cargo Handling,Airfield-Ops-Portal,sso_mfa,success,vendor-remote-site,0
IA005522,2026-06-29T14:23:50,STF1063,staff,Retail Concessions,Airfield-Ops-Portal,badge+pin,success,airport-terminal,0
IA003049,2026-06-29T14:50:37,VND2003,vendor,Falcon Cargo Handling,Departure-Control-System,badge+pin,success,airport-terminal,0
IA000035,2026-06-29T15:04:50,VND2000,vendor,SkyLink Ground Services,Departure-Control-System,sso_mfa,success,airport-terminal,0
IA003323,2026-06-29T15:15:03,VND2019,vendor,Falcon Cargo Handling,HR-Self-Service,sso_password,success,vendor-remote-site,0
IA001296,2026-06-29T15:24:57,STF1059,staff,IT,Staff-VPN,badge+pin,success,airport-terminal,0
IA001486,2026-06-29T15:43:35,STF1127,staff,Baggage Handling,Staff-VPN,sso_mfa,success,airport-terminal,0
IA002405,2026-06-29T15:46:14,STF1111,staff,Ground Operations,Staff-VPN,sso_mfa,success,airport-terminal,0
IA001300,2026-06-29T15:46:33,STF1026,staff,Gate Services,Gate-Management-System,sso_mfa,success,airport-terminal,0
IA001798,2026-06-29T15:49:24,VND2021,vendor,Falcon Cargo Handling,Baggage-Handling-System,sso_mfa,success,vendor-remote-site,0
IA002144,2026-06-29T15:51:41,STF1107,staff,Baggage Handling,Retail-POS-Backend,sso_password,success,airport-terminal,0
IA002437,2026-06-29T15:57:45,STF1060,staff,Retail Concessions,Gate-Management-System,badge+pin,success,airport-terminal,0
IA001529,2026-06-29T16:04:28,STF1085,staff,Gate Services,Cargo-Manifest-System,sso_password,success,airport-terminal,0
IA003264,2026-06-29T16:05:46,STF1152,staff,Ground Operations,Departure-Control-System,vpn_password,success,airport-terminal,0
IA001336,2026-06-29T16:10:31,STF1149,staff,Cargo,Cargo-Manifest-System,badge+pin,success,airport-terminal,0
IA003046,2026-06-29T16:10:42,VND2015,vendor,AeroFuel Solutions,HR-Self-Service,sso_password,success,vendor-remote-site,0
IA003346,2026-06-29T16:17:57,STF1041,staff,Security,Retail-POS-Backend,badge+pin,success,airport-terminal,0
IA001639,2026-06-29T16:27:03,VND2007,vendor,SkyLink Ground Services,Staff-VPN,sso_password,success,vendor-remote-site,0
IA001842,2026-06-29T16:28:58,STF1105,staff,Baggage Handling,Staff-VPN,vpn_password,success,airport-terminal,0
IA005119,2026-06-29T16:31:44,STF1061,staff,Ground Operations,Staff-VPN,badge+pin,success,airport-terminal,0
IA003927,2026-06-29T16:34:36,STF1109,staff,IT,Cargo-Manifest-System,badge+pin,success,airport-terminal,0
IA003034,2026-06-29T16:36:22,STF1082,staff,Retail Concessions,Maintenance-Ticketing,sso_password,success,airport-terminal,0
IA001102,2026-06-29T16:38:26,VND2012,vendor,AeroFuel Solutions,Baggage-Handling-System,badge+pin,success,vendor-remote-site,0
IA004058,2026-06-29T16:48:04,STF1006,staff,Retail Concessions,Staff-VPN,sso_mfa,success,airport-terminal,0
IA002291,2026-06-29T16:59:21,STF1012,staff,IT,Cargo-Manifest-System,sso_password,success,airport-terminal,0
IA000883,2026-06-29T17:03:33,STF1139,staff,Gate Services,Retail-POS-Backend,sso_password,success,airport-terminal,0
IA005082,2026-06-29T17:06:14,STF1109,staff,IT,Airfield-Ops-Portal,sso_mfa,success,airport-terminal,0
IA005947,2026-06-29T17:09:12,STF1099,staff,Baggage Handling,Airfield-Ops-Portal,sso_password,success,airport-terminal,0
IA005782,2026-06-29T17:09:33,STF1136,staff,Baggage Handling,Gate-Management-System,sso_mfa,success,airport-terminal,0
IA004878,2026-06-29T17:12:12,STF1138,staff,Security,Retail-POS-Backend,badge+pin,success,airport-terminal,0
IA000378,2026-06-29T17:15:18,STF1161,staff,Ground Operations,Maintenance-Ticketing,sso_password,success,airport-terminal,0
IA003715,2026-06-29T17:15:24,STF1103,staff,Retail Concessions,HR-Self-Service,sso_password,success,airport-terminal,0
IA003397,2026-06-29T17:21:45,STF1159,staff,Engineering & Maintenance,Maintenance-Ticketing,vpn_password,success,airport-terminal,0
IA001857,2026-06-29T17:28:26,STF1037,staff,Engineering & Maintenance,Maintenance-Ticketing,sso_mfa,success,airport-terminal,0
IA005985,2026-06-29T17:30:21,VND2031,vendor,Meridian Aircraft Maintenance,Airfield-Ops-Portal,vpn_certificate,success,airport-terminal,0
IA001202,2026-06-29T17:42:15,STF1064,staff,Cargo,Departure-Control-System,sso_mfa,success,airport-terminal,0
IA004109,2026-06-29T17:44:30,STF1088,staff,Ground Operations,Departure-Control-System,badge+pin,fail,airport-terminal,0
IA002455,2026-06-29T17:57:16,STF1153,staff,Ground Operations,Staff-VPN,sso_password,success,airport-terminal,0
IA003832,2026-06-29T18:08:37,STF1143,staff,Engineering & Maintenance,Departure-Control-System,sso_password,success,airport-terminal,0
IA003968,2026-06-29T18:18:33,STF1057,staff,Cargo,Cargo-Manifest-System,sso_mfa,success,airport-terminal,0
IA000646,2026-06-29T18:22:23,VND2015,vendor,AeroFuel Solutions,Gate-Management-System,badge+pin,success,airport-terminal,0
IA005170,2026-06-29T18:31:48,VND2001,vendor,Meridian Aircraft Maintenance,Gate-Management-System,badge+pin,success,airport-terminal,0
IA001503,2026-06-29T18:33:19,STF1098,staff,Engineering & Maintenance,Baggage-Handling-System,badge+pin,success,airport-terminal,0
IA004408,2026-06-29T18:35:34,STF1011,staff,Retail Concessions,Gate-Management-System,vpn_certificate,success,airport-terminal,0
IA003706,2026-06-29T18:42:40,STF1057,staff,Cargo,Departure-Control-System,badge+pin,success,airport-terminal,0
IA004455,2026-06-29T18:43:20,VND2032,vendor,AeroFuel Solutions,Airfield-Ops-Portal,sso_mfa,success,airport-terminal,0
IA000546,2026-06-29T18:45:20,STF1063,staff,Retail Concessions,Maintenance-Ticketing,badge+pin,success,airport-terminal,0
IA000054,2026-06-29T18:46:29,VND2008,vendor,SkyLink Ground Services,Staff-VPN,sso_mfa,success,airport-terminal,0
IA002779,2026-06-29T18:56:14,STF1108,staff,Security,Gate-Management-System,sso_mfa,fail,airport-terminal,0
IA000213,2026-06-29T18:57:37,VND2001,vendor,Meridian Aircraft Maintenance,Staff-VPN,vpn_certificate,fail,vendor-remote-site,0
IA001244,2026-06-29T19:02:49,STF1008,staff,Ground Operations,Retail-POS-Backend,badge+pin,success,airport-terminal,0
IA001000,2026-06-29T19:20:05,STF1141,staff,Retail Concessions,Departure-Control-System,vpn_password,success,airport-terminal,0
IA005152,2026-06-29T19:21:08,STF1141,staff,Retail Concessions,Staff-VPN,vpn_password,success,airport-terminal,0
IA002663,2026-06-29T19:50:14,STF1104,staff,Gate Services,Staff-VPN,vpn_password,success,airport-terminal,0
IA001882,2026-06-29T19:54:50,STF1176,staff,Engineering & Maintenance,Staff-VPN,sso_password,success,airport-terminal,0
IA004812,2026-06-29T20:10:38,STF1131,staff,Engineering & Maintenance,HR-Self-Service,sso_password,success,airport-terminal,0
IA004672,2026-06-29T20:10:56,STF1129,staff,Security,Airfield-Ops-Portal,sso_mfa,success,airport-terminal,0
IA005076,2026-06-29T20:18:22,STF1146,staff,Ground Operations,Baggage-Handling-System,vpn_password,success,airport-terminal,0
IA003516,2026-06-29T20:42:06,STF1027,staff,Baggage Handling,HR-Self-Service,sso_password,success,airport-terminal,0
IA005596,2026-06-29T20:48:57,STF1007,staff,Baggage Handling,Cargo-Manifest-System,sso_password,success,airport-terminal,0
IA004928,2026-06-29T20:58:51,STF1179,staff,Baggage Handling,Baggage-Handling-System,vpn_certificate,success,airport-terminal,0
IA003720,2026-06-29T21:05:37,STF1043,staff,Cargo,Gate-Management-System,badge+pin,success,airport-terminal,0
IA001671,2026-06-29T21:11:26,STF1018,staff,Engineering & Maintenance,Gate-Management-System,sso_password,success,airport-terminal,0
IA006153,2026-06-29T21:12:21,STF1139,staff,Gate Services,Departure-Control-System,badge+pin,success,airport-terminal,0
IA001257,2026-06-29T21:52:09,STF1152,staff,Ground Operations,Baggage-Handling-System,sso_password,success,airport-terminal,0
IA002648,2026-06-29T23:24:20,STF1012,staff,IT,HR-Self-Service,sso_password,success,airport-terminal,0
IA005227,2026-06-30T01:07:15,VND2023,vendor,SkyLink Ground Services,Departure-Control-System,sso_password,fail,vendor-remote-site,1
IA004413,2026-06-30T01:44:08,STF1167,staff,Retail Concessions,Departure-Control-System,vpn_password,success,airport-terminal,1
IA003056,2026-06-30T02:36:46,STF1043,staff,Cargo,HR-Self-Service,sso_password,success,airport-terminal,0
IA003045,2026-06-30T02:41:58,STF1157,staff,Gate Services,Staff-VPN,badge+pin,success,airport-terminal,0
IA000726,2026-06-30T02:44:16,STF1036,staff,Gate Services,Gate-Management-System,badge+pin,success,airport-terminal,0
IA005685,2026-06-30T02:57:47,STF1111,staff,Ground Operations,Airfield-Ops-Portal,badge+pin,fail,airport-terminal,0
IA002189,2026-06-30T03:07:24,VND2024,vendor,AeroFuel Solutions,HR-Self-Service,badge+pin,success,vendor-remote-site,0
IA001510,2026-06-30T03:40:30,STF1108,staff,Security,Baggage-Handling-System,sso_password,success,airport-terminal,0
IA002733,2026-06-30T03:57:07,STF1005,staff,Retail Concessions,Staff-VPN,vpn_password,success,airport-terminal,0
IA000758,2026-06-30T04:03:18,STF1158,staff,Baggage Handling,Retail-POS-Backend,vpn_password,success,airport-terminal,0
IA003558,2026-06-30T04:08:35,VND2013,vendor,Falcon Cargo Handling,Baggage-Handling-System,badge+pin,success,vendor-remote-site,0
IA002401,2026-06-30T04:33:48,VND2016,vendor,AeroFuel Solutions,Cargo-Manifest-System,badge+pin,success,vendor-remote-site,0
IA000792,2026-06-30T06:01:06,VND2029,vendor,Horizon Cleaning Services,Departure-Control-System,badge+pin,success,vendor-remote-site,0
IA003573,2026-06-30T06:02:21,VND2022,vendor,Falcon Cargo Handling,Airfield-Ops-Portal,vpn_certificate,success,airport-terminal,0
IA002539,2026-06-30T06:03:51,STF1002,staff,Ground Operations,Staff-VPN,badge+pin,success,airport-terminal,0
IA003584,2026-06-30T06:10:37,STF1109,staff,IT,Staff-VPN,vpn_certificate,success,airport-terminal,0
IA003908,2026-06-30T06:13:53,STF1052,staff,Cargo,Maintenance-Ticketing,sso_password,success,airport-terminal,0
IA001651,2026-06-30T06:17:56,STF1046,staff,Cargo,Maintenance-Ticketing,sso_mfa,success,airport-terminal,0
IA003193,2026-06-30T06:18:54,STF1087,staff,Ground Operations,HR-Self-Service,vpn_certificate,success,airport-terminal,0
IA005377,2026-06-30T06:21:36,STF1044,staff,Ground Operations,Airfield-Ops-Portal,badge+pin,success,airport-terminal,0
IA003171,2026-06-30T06:35:41,STF1006,staff,Retail Concessions,HR-Self-Service,badge+pin,success,airport-terminal,0
IA000842,2026-06-30T06:41:59,STF1088,staff,Ground Operations,Maintenance-Ticketing,sso_password,success,airport-terminal,0
IA005913,2026-06-30T06:47:09,STF1113,staff,IT,Staff-VPN,badge+pin,success,airport-terminal,0
IA001816,2026-06-30T06:48:49,STF1087,staff,Ground Operations,HR-Self-Service,vpn_certificate,fail,airport-terminal,0
IA005977,2026-06-30T06:54:09,VND2008,vendor,SkyLink Ground Services,Gate-Management-System,badge+pin,success,airport-terminal,0
IA001964,2026-06-30T06:55:19,STF1175,staff,Ground Operations,Departure-Control-System,badge+pin,success,airport-terminal,0
IA005071,2026-06-30T06:56:17,STF1118,staff,Engineering & Maintenance,Staff-VPN,badge+pin,success,airport-terminal,0
IA005752,2026-06-30T06:57:44,STF1037,staff,Engineering & Maintenance,Gate-Management-System,sso_password,success,airport-terminal,0
IA002900,2026-06-30T07:08:37,STF1133,staff,Baggage Handling,Airfield-Ops-Portal,sso_mfa,success,airport-terminal,0
IA000318,2026-06-30T07:18:03,STF1075,staff,Gate Services,Cargo-Manifest-System,vpn_certificate,fail,airport-terminal,0
IA005446,2026-06-30T07:37:11,STF1073,staff,Gate Services,Retail-POS-Backend,sso_password,success,airport-terminal,0
IA000467,2026-06-30T07:59:37,STF1064,staff,Cargo,Maintenance-Ticketing,sso_password,success,airport-terminal,0
IA003310,2026-06-30T08:06:49,STF1161,staff,Ground Operations,Baggage-Handling-System,sso_password,success,airport-terminal,0
IA000470,2026-06-30T08:23:47,VND2004,vendor,Falcon Cargo Handling,Baggage-Handling-System,sso_mfa,success,vendor-remote-site,0
IA006120,2026-06-30T08:26:40,STF1155,staff,Cargo,Retail-POS-Backend,sso_mfa,success,airport-terminal,0
IA002952,2026-06-30T08:30:12,STF1090,staff,Engineering & Maintenance,Gate-Management-System,badge+pin,success,airport-terminal,0
IA005267,2026-06-30T08:31:05,VND2004,vendor,Falcon Cargo Handling,Maintenance-Ticketing,badge+pin,success,vendor-remote-site,0
IA006062,2026-06-30T08:36:00,STF1149,staff,Cargo,Baggage-Handling-System,sso_password,success,airport-terminal,0
IA002061,2026-06-30T08:37:50,STF1083,staff,Security,Retail-POS-Backend,sso_mfa,success,airport-terminal,0
IA004251,2026-06-30T08:44:25,STF1122,staff,Gate Services,Gate-Management-System,sso_password,success,airport-terminal,0
IA000306,2026-06-30T08:47:25,STF1088,staff,Ground Operations,HR-Self-Service,sso_mfa,success,airport-terminal,0
IA002740,2026-06-30T08:56:15,STF1015,staff,Gate Services,Departure-Control-System,vpn_certificate,success,airport-terminal,0
IA001919,2026-06-30T08:58:00,STF1176,staff,Engineering & Maintenance,Retail-POS-Backend,sso_mfa,success,airport-terminal,0
IA003106,2026-06-30T09:16:14,STF1113,staff,IT,Departure-Control-System,sso_password,success,airport-terminal,0
IA001328,2026-06-30T09:19:17,STF1176,staff,Engineering & Maintenance,Cargo-Manifest-System,sso_mfa,success,airport-terminal,0
IA003953,2026-06-30T09:27:12,VND2002,vendor,Horizon Cleaning Services,Airfield-Ops-Portal,badge+pin,fail,airport-terminal,0
IA002640,2026-06-30T09:36:28,STF1000,staff,Ground Operations,Departure-Control-System,sso_password,success,airport-terminal,0
IA005586,2026-06-30T09:50:08,STF1012,staff,IT,Baggage-Handling-System,badge+pin,success,airport-terminal,0
IA004749,2026-06-30T09:51:36,STF1015,staff,Gate Services,Departure-Control-System,sso_mfa,success,airport-terminal,0
IA005845,2026-06-30T09:52:28,STF1029,staff,Security,Baggage-Handling-System,sso_mfa,success,airport-terminal,0
IA001699,2026-06-30T10:17:42,STF1038,staff,Retail Concessions,Staff-VPN,badge+pin,fail,airport-terminal,0
IA004782,2026-06-30T10:25:00,STF1087,staff,Ground Operations,HR-Self-Service,badge+pin,success,airport-terminal,0
IA004734,2026-06-30T10:32:29,STF1136,staff,Baggage Handling,Maintenance-Ticketing,sso_password,success,airport-terminal,0
IA000277,2026-06-30T10:49:44,STF1162,staff,Ground Operations,Baggage-Handling-System,sso_mfa,success,airport-terminal,0
IA003223,2026-06-30T10:52:54,VND2005,vendor,AeroFuel Solutions,Departure-Control-System,sso_password,success,vendor-remote-site,0
IA003762,2026-06-30T11:10:27,STF1064,staff,Cargo,HR-Self-Service,sso_mfa,success,airport-terminal,0
IA003985,2026-06-30T11:12:17,STF1074,staff,Baggage Handling,Departure-Control-System,vpn_certificate,success,airport-terminal,0
IA004072,2026-06-30T11:12:32,STF1020,staff,Ground Operations,Baggage-Handling-System,sso_password,success,airport-terminal,0
IA004598,2026-06-30T11:13:31,VND2021,vendor,Falcon Cargo Handling,Baggage-Handling-System,sso_mfa,success,vendor-remote-site,0
IA002896,2026-06-30T11:14:51,STF1006,staff,Retail Concessions,Cargo-Manifest-System,sso_mfa,fail,airport-terminal,0
IA002297,2026-06-30T11:18:55,STF1027,staff,Baggage Handling,Gate-Management-System,badge+pin,success,airport-terminal,0
IA001452,2026-06-30T11:22:44,STF1084,staff,IT,Maintenance-Ticketing,vpn_certificate,success,airport-terminal,0
IA002773,2026-06-30T11:31:12,STF1089,staff,Retail Concessions,Cargo-Manifest-System,sso_mfa,fail,airport-terminal,0
IA002747,2026-06-30T11:44:30,STF1034,staff,Ground Operations,Retail-POS-Backend,sso_mfa,success,airport-terminal,0
IA000370,2026-06-30T12:05:57,STF1154,staff,Ground Operations,Departure-Control-System,badge+pin,success,airport-terminal,0
IA005933,2026-06-30T12:13:36,STF1156,staff,Gate Services,Baggage-Handling-System,badge+pin,success,airport-terminal,0
IA004388,2026-06-30T12:14:15,VND2029,vendor,Horizon Cleaning Services,HR-Self-Service,sso_mfa,success,airport-terminal,0
IA004178,2026-06-30T12:15:18,STF1109,staff,IT,Airfield-Ops-Portal,sso_password,success,airport-terminal,0
IA003395,2026-06-30T12:25:06,STF1059,staff,IT,HR-Self-Service,sso_password,fail,airport-terminal,0
IA001174,2026-06-30T12:41:53,STF1156,staff,Gate Services,Departure-Control-System,badge+pin,success,airport-terminal,0
IA001456,2026-06-30T12:49:20,STF1172,staff,Ground Operations,Gate-Management-System,badge+pin,fail,airport-terminal,0
IA001996,2026-06-30T13:08:06,STF1150,staff,IT,Departure-Control-System,sso_mfa,success,airport-terminal,0
IA003701,2026-06-30T13:15:00,VND2022,vendor,Falcon Cargo Handling,Cargo-Manifest-System,sso_password,success,airport-terminal,0
IA001622,2026-06-30T13:18:13,STF1161,staff,Ground Operations,Gate-Management-System,sso_mfa,success,airport-terminal,0
IA004889,2026-06-30T13:30:36,STF1126,staff,IT,Retail-POS-Backend,vpn_certificate,success,airport-terminal,0
IA000219,2026-06-30T13:32:15,VND2032,vendor,AeroFuel Solutions,Retail-POS-Backend,vpn_password,success,vendor-remote-site,0
IA005375,2026-06-30T13:37:21,STF1139,staff,Gate Services,Staff-VPN,badge+pin,success,airport-terminal,0
IA002642,2026-06-30T13:41:45,STF1177,staff,IT,Cargo-Manifest-System,vpn_password,success,airport-terminal,0
IA000354,2026-06-30T13:46:23,STF1021,staff,Ground Operations,HR-Self-Service,badge+pin,success,airport-terminal,0
IA004479,2026-06-30T14:06:03,VND2004,vendor,Falcon Cargo Handling,Cargo-Manifest-System,vpn_password,fail,vendor-remote-site,0
IA002178,2026-06-30T14:11:10,STF1048,staff,Retail Concessions,Cargo-Manifest-System,sso_mfa,success,airport-terminal,0
IA002926,2026-06-30T14:13:05,VND2032,vendor,AeroFuel Solutions,Cargo-Manifest-System,badge+pin,success,vendor-remote-site,0
IA000968,2026-06-30T14:16:34,STF1002,staff,Ground Operations,Airfield-Ops-Portal,sso_password,success,airport-terminal,0
IA004011,2026-06-30T14:25:37,VND2021,vendor,Falcon Cargo Handling,Departure-Control-System,sso_password,success,vendor-remote-site,0
IA004985,2026-06-30T14:29:21,STF1019,staff,Cargo,HR-Self-Service,sso_password,success,airport-terminal,0
IA002336,2026-06-30T14:30:13,STF1032,staff,Security,HR-Self-Service,sso_password,success,airport-terminal,0
IA004278,2026-06-30T14:48:25,STF1156,staff,Gate Services,Retail-POS-Backend,vpn_certificate,success,airport-terminal,0
IA004640,2026-06-30T15:01:44,STF1175,staff,Ground Operations,Cargo-Manifest-System,badge+pin,success,airport-terminal,0
IA002816,2026-06-30T15:12:58,STF1147,staff,Ground Operations,Gate-Management-System,badge+pin,success,airport-terminal,0
IA003785,2026-06-30T15:13:16,STF1043,staff,Cargo,Cargo-Manifest-System,badge+pin,success,airport-terminal,0
IA001261,2026-06-30T15:19:05,STF1136,staff,Baggage Handling,Cargo-Manifest-System,badge+pin,success,airport-terminal,0
IA004605,2026-06-30T15:23:51,STF1169,staff,Ground Operations,HR-Self-Service,sso_password,success,airport-terminal,0
IA000142,2026-06-30T15:39:54,STF1116,staff,IT,Airfield-Ops-Portal,sso_password,success,airport-terminal,0
IA005859,2026-06-30T15:49:53,STF1056,staff,IT,Staff-VPN,badge+pin,success,airport-terminal,0
IA003039,2026-06-30T15:56:19,VND2012,vendor,AeroFuel Solutions,Maintenance-Ticketing,badge+pin,success,airport-terminal,0
IA000285,2026-06-30T16:01:25,STF1130,staff,Engineering & Maintenance,Baggage-Handling-System,sso_password,success,airport-terminal,0
IA005357,2026-06-30T16:20:55,STF1155,staff,Cargo,Staff-VPN,sso_mfa,success,airport-terminal,0
IA001855,2026-06-30T16:27:47,STF1090,staff,Engineering & Maintenance,Airfield-Ops-Portal,vpn_password,success,airport-terminal,0
IA002394,2026-06-30T16:41:55,STF1006,staff,Retail Concessions,Retail-POS-Backend,badge+pin,success,airport-terminal,0
IA002589,2026-06-30T16:42:24,STF1010,staff,Gate Services,Maintenance-Ticketing,sso_password,success,airport-terminal,0
IA001793,2026-06-30T16:53:05,STF1079,staff,Security,Baggage-Handling-System,sso_mfa,success,airport-terminal,0
IA000715,2026-06-30T16:56:49,STF1040,staff,Cargo,Gate-Management-System,badge+pin,success,airport-terminal,0
IA002544,2026-06-30T17:07:08,STF1056,staff,IT,Cargo-Manifest-System,vpn_password,success,airport-terminal,0
IA003830,2026-06-30T17:09:35,STF1163,staff,Retail Concessions,Gate-Management-System,sso_password,success,airport-terminal,0
IA002815,2026-06-30T17:19:28,STF1126,staff,IT,Gate-Management-System,badge+pin,success,airport-terminal,0
IA002624,2026-06-30T17:52:18,STF1090,staff,Engineering & Maintenance,Gate-Management-System,badge+pin,success,airport-terminal,0
IA004240,2026-06-30T17:59:08,STF1163,staff,Retail Concessions,Cargo-Manifest-System,sso_password,success,airport-terminal,0
IA002395,2026-06-30T18:03:51,STF1175,staff,Ground Operations,Baggage-Handling-System,badge+pin,success,airport-terminal,0
IA000673,2026-06-30T18:09:43,STF1125,staff,Retail Concessions,Cargo-Manifest-System,sso_password,success,airport-terminal,0
IA000679,2026-06-30T18:13:13,STF1084,staff,IT,Retail-POS-Backend,badge+pin,success,airport-terminal,0
IA003656,2026-06-30T18:15:13,VND2027,vendor,Meridian Aircraft Maintenance,Maintenance-Ticketing,sso_mfa,success,airport-terminal,0
IA004499,2026-06-30T18:24:45,STF1145,staff,Ground Operations,Departure-Control-System,vpn_certificate,success,airport-terminal,0
IA000923,2026-06-30T18:27:54,VND2031,vendor,Meridian Aircraft Maintenance,Departure-Control-System,badge+pin,success,vendor-remote-site,0
IA002761,2026-06-30T18:52:32,VND2008,vendor,SkyLink Ground Services,Airfield-Ops-Portal,sso_password,success,airport-terminal,0
IA001003,2026-06-30T18:59:43,VND2032,vendor,AeroFuel Solutions,Gate-Management-System,vpn_password,fail,vendor-remote-site,0
IA002714,2026-06-30T19:01:56,STF1090,staff,Engineering & Maintenance,Staff-VPN,badge+pin,success,airport-terminal,0
IA002649,2026-06-30T19:06:25,STF1090,staff,Engineering & Maintenance,Cargo-Manifest-System,badge+pin,success,airport-terminal,0
IA002366,2026-06-30T19:12:14,STF1019,staff,Cargo,HR-Self-Service,badge+pin,success,airport-terminal,0
IA001718,2026-06-30T19:15:28,STF1162,staff,Ground Operations,Maintenance-Ticketing,sso_password,success,airport-terminal,0
IA004389,2026-06-30T19:20:14,STF1048,staff,Retail Concessions,Airfield-Ops-Portal,badge+pin,success,airport-terminal,0
IA000491,2026-06-30T19:28:41,STF1130,staff,Engineering & Maintenance,Cargo-Manifest-System,badge+pin,fail,airport-terminal,0
IA004356,2026-06-30T19:38:39,STF1074,staff,Baggage Handling,Departure-Control-System,badge+pin,success,airport-terminal,0
IA000520,2026-06-30T19:54:38,STF1005,staff,Retail Concessions,Gate-Management-System,badge+pin,success,airport-terminal,0
IA005099,2026-06-30T20:13:16,STF1011,staff,Retail Concessions,Cargo-Manifest-System,sso_mfa,success,airport-terminal,0
IA000879,2026-06-30T20:13:44,VND2007,vendor,SkyLink Ground Services,Staff-VPN,sso_password,success,airport-terminal,0
IA004472,2026-06-30T20:25:51,STF1100,staff,Engineering & Maintenance,Airfield-Ops-Portal,sso_password,success,airport-terminal,0
IA000906,2026-06-30T20:35:01,STF1080,staff,Cargo,Retail-POS-Backend,sso_mfa,success,airport-terminal,0
IA005627,2026-06-30T20:39:06,STF1023,staff,Baggage Handling,Airfield-Ops-Portal,sso_mfa,success,airport-terminal,0
IA001553,2026-06-30T20:47:26,STF1130,staff,Engineering & Maintenance,Baggage-Handling-System,sso_password,success,airport-terminal,0
IA006066,2026-06-30T20:49:25,STF1082,staff,Retail Concessions,Maintenance-Ticketing,badge+pin,success,airport-terminal,0
IA003180,2026-06-30T20:50:56,STF1123,staff,Baggage Handling,Departure-Control-System,vpn_password,success,airport-terminal,0
IA005341,2026-06-30T21:01:30,STF1040,staff,Cargo,HR-Self-Service,sso_mfa,success,airport-terminal,0
IA004612,2026-06-30T21:20:53,STF1166,staff,Baggage Handling,Cargo-Manifest-System,badge+pin,success,airport-terminal,0
IA002098,2026-06-30T21:30:12,STF1157,staff,Gate Services,Baggage-Handling-System,badge+pin,success,airport-terminal,0
IA001271,2026-06-30T21:36:31,STF1155,staff,Cargo,Retail-POS-Backend,badge+pin,success,airport-terminal,0
IA001209,2026-06-30T21:36:48,STF1061,staff,Ground Operations,Maintenance-Ticketing,sso_password,success,airport-terminal,0
IA004116,2026-06-30T21:48:50,VND2004,vendor,Falcon Cargo Handling,Retail-POS-Backend,badge+pin,success,vendor-remote-site,0
IA002419,2026-06-30T21:55:19,STF1080,staff,Cargo,Maintenance-Ticketing,sso_password,success,airport-terminal,0
IA003834,2026-06-30T23:09:24,STF1169,staff,Ground Operations,Baggage-Handling-System,sso_password,success,airport-terminal,1
IA000027,2026-06-30T23:11:02,STF1004,staff,IT,Staff-VPN,badge+pin,success,airport-terminal,0
IA004301,2026-06-30T23:44:46,STF1020,staff,Ground Operations,Departure-Control-System,sso_password,success,airport-terminal,0
IA001660,2026-06-30T23:50:18,STF1086,staff,Baggage Handling,Departure-Control-System,sso_password,success,airport-terminal,0
IA003371,2026-07-01T00:18:06,STF1095,staff,Retail Concessions,HR-Self-Service,badge+pin,success,airport-terminal,0
IA003451,2026-07-01T01:23:51,STF1171,staff,Retail Concessions,Retail-POS-Backend,vpn_password,success,airport-terminal,0
IA002206,2026-07-01T02:11:11,STF1005,staff,Retail Concessions,Cargo-Manifest-System,vpn_certificate,success,airport-terminal,0
IA002921,2026-07-01T02:41:52,STF1072,staff,Retail Concessions,Gate-Management-System,badge+pin,success,airport-terminal,0
IA005981,2026-07-01T02:54:39,VND2006,vendor,Coastal Catering Co,Airfield-Ops-Portal,badge+pin,success,vendor-remote-site,0
IA005250,2026-07-01T03:51:39,STF1076,staff,Baggage Handling,Retail-POS-Backend,badge+pin,success,airport-terminal,0
IA003234,2026-07-01T04:02:13,STF1150,staff,IT,Cargo-Manifest-System,vpn_certificate,success,airport-terminal,0
IA004467,2026-07-01T04:07:27,VND2020,vendor,Coastal Catering Co,Maintenance-Ticketing,badge+pin,success,airport-terminal,0
IA001088,2026-07-01T06:09:24,STF1056,staff,IT,Cargo-Manifest-System,sso_mfa,success,airport-terminal,0
IA004494,2026-07-01T06:11:41,STF1051,staff,Retail Concessions,Baggage-Handling-System,sso_mfa,success,airport-terminal,0
IA002886,2026-07-01T06:16:34,STF1134,staff,Gate Services,Baggage-Handling-System,badge+pin,success,airport-terminal,0
IA001960,2026-07-01T06:25:39,STF1045,staff,Baggage Handling,Gate-Management-System,sso_password,success,airport-terminal,0
IA001475,2026-07-01T06:35:41,STF1112,staff,Cargo,Gate-Management-System,sso_mfa,success,airport-terminal,0
IA001004,2026-07-01T06:42:29,STF1103,staff,Retail Concessions,Departure-Control-System,vpn_password,success,airport-terminal,0
IA000161,2026-07-01T06:53:16,STF1176,staff,Engineering & Maintenance,Cargo-Manifest-System,sso_password,success,airport-terminal,0
IA000597,2026-07-01T07:00:03,VND2022,vendor,Falcon Cargo Handling,Airfield-Ops-Portal,badge+pin,success,airport-terminal,0
IA001087,2026-07-01T07:12:31,STF1140,staff,Engineering & Maintenance,Staff-VPN,sso_password,success,airport-terminal,0
IA003589,2026-07-01T07:24:22,STF1156,staff,Gate Services,Retail-POS-Backend,sso_password,success,airport-terminal,0
IA001814,2026-07-01T07:26:27,VND2005,vendor,AeroFuel Solutions,Staff-VPN,sso_mfa,success,vendor-remote-site,0
IA005407,2026-07-01T07:38:26,STF1009,staff,Retail Concessions,Maintenance-Ticketing,badge+pin,success,airport-terminal,0
IA004043,2026-07-01T07:45:46,STF1165,staff,Cargo,Baggage-Handling-System,badge+pin,success,airport-terminal,0
IA002861,2026-07-01T07:47:48,STF1175,staff,Ground Operations,Baggage-Handling-System,badge+pin,success,airport-terminal,0
IA004958,2026-07-01T07:52:46,STF1124,staff,Gate Services,Gate-Management-System,sso_mfa,success,airport-terminal,0
IA000171,2026-07-01T08:09:30,VND2002,vendor,Horizon Cleaning Services,Gate-Management-System,sso_mfa,success,vendor-remote-site,0
IA000891,2026-07-01T08:25:02,STF1085,staff,Gate Services,Maintenance-Ticketing,sso_password,success,airport-terminal,0
IA002553,2026-07-01T08:36:01,STF1160,staff,Gate Services,Staff-VPN,sso_password,success,airport-terminal,0
IA003738,2026-07-01T08:42:37,VND2009,vendor,Falcon Cargo Handling,Airfield-Ops-Portal,sso_password,success,vendor-remote-site,0
IA005313,2026-07-01T08:58:34,VND2015,vendor,AeroFuel Solutions,Departure-Control-System,sso_password,success,airport-terminal,0
IA006031,2026-07-01T09:01:14,STF1098,staff,Engineering & Maintenance,Cargo-Manifest-System,badge+pin,success,airport-terminal,0
IA005488,2026-07-01T09:05:02,STF1046,staff,Cargo,Gate-Management-System,sso_mfa,success,airport-terminal,0
IA003432,2026-07-01T09:05:04,STF1045,staff,Baggage Handling,HR-Self-Service,vpn_password,success,airport-terminal,0
IA002790,2026-07-01T09:07:30,STF1114,staff,Gate Services,Airfield-Ops-Portal,vpn_password,success,airport-terminal,0
IA004100,2026-07-01T09:12:35,STF1004,staff,IT,Baggage-Handling-System,badge+pin,success,airport-terminal,0
IA006092,2026-07-01T09:25:14,STF1035,staff,Retail Concessions,Baggage-Handling-System,badge+pin,success,airport-terminal,0
IA001897,2026-07-01T09:31:32,STF1126,staff,IT,Airfield-Ops-Portal,sso_password,success,airport-terminal,0
IA000110,2026-07-01T09:33:36,STF1129,staff,Security,Departure-Control-System,sso_password,fail,airport-terminal,0
IA003855,2026-07-01T09:35:49,VND2005,vendor,AeroFuel Solutions,Cargo-Manifest-System,badge+pin,success,vendor-remote-site,0
IA002458,2026-07-01T09:37:31,STF1015,staff,Gate Services,HR-Self-Service,sso_mfa,success,airport-terminal,0
IA005410,2026-07-01T09:41:29,VND2022,vendor,Falcon Cargo Handling,Gate-Management-System,vpn_certificate,success,vendor-remote-site,0
IA002484,2026-07-01T09:45:25,VND2027,vendor,Meridian Aircraft Maintenance,Maintenance-Ticketing,sso_password,success,airport-terminal,0
IA003391,2026-07-01T09:46:50,STF1104,staff,Gate Services,Gate-Management-System,sso_password,success,airport-terminal,0
IA004662,2026-07-01T09:48:39,STF1025,staff,Security,Retail-POS-Backend,sso_mfa,success,airport-terminal,0
IA002059,2026-07-01T09:56:15,VND2006,vendor,Coastal Catering Co,Retail-POS-Backend,badge+pin,success,vendor-remote-site,0
IA004515,2026-07-01T10:08:17,STF1089,staff,Retail Concessions,Maintenance-Ticketing,vpn_certificate,success,airport-terminal,0
IA003083,2026-07-01T10:19:16,STF1137,staff,Retail Concessions,Cargo-Manifest-System,vpn_password,fail,airport-terminal,0
IA002369,2026-07-01T10:19:40,STF1134,staff,Gate Services,HR-Self-Service,vpn_certificate,success,airport-terminal,0
IA004790,2026-07-01T10:20:11,STF1054,staff,Security,Departure-Control-System,badge+pin,success,airport-terminal,0
IA002910,2026-07-01T10:25:59,STF1158,staff,Baggage Handling,Cargo-Manifest-System,badge+pin,success,airport-terminal,0
IA000633,2026-07-01T10:35:58,STF1114,staff,Gate Services,Baggage-Handling-System,sso_password,success,airport-terminal,0
IA000593,2026-07-01T10:39:01,STF1114,staff,Gate Services,Staff-VPN,sso_mfa,success,airport-terminal,0
IA001110,2026-07-01T10:41:57,STF1113,staff,IT,HR-Self-Service,sso_password,success,airport-terminal,0
IA004579,2026-07-01T10:52:39,VND2006,vendor,Coastal Catering Co,Maintenance-Ticketing,sso_password,success,airport-terminal,0
IA002368,2026-07-01T10:57:43,STF1147,staff,Ground Operations,Gate-Management-System,badge+pin,success,airport-terminal,0
IA000961,2026-07-01T11:02:09,STF1133,staff,Baggage Handling,Baggage-Handling-System,badge+pin,success,airport-terminal,0
IA002922,2026-07-01T11:09:21,STF1152,staff,Ground Operations,Cargo-Manifest-System,badge+pin,success,airport-terminal,0
IA002929,2026-07-01T11:14:57,STF1083,staff,Security,Airfield-Ops-Portal,sso_mfa,success,airport-terminal,0
IA000615,2026-07-01T11:18:27,VND2032,vendor,AeroFuel Solutions,Retail-POS-Backend,sso_password,success,airport-terminal,0
IA002148,2026-07-01T11:21:51,STF1062,staff,Gate Services,Baggage-Handling-System,sso_password,success,airport-terminal,0
IA000889,2026-07-01T11:23:00,STF1066,staff,Retail Concessions,Departure-Control-System,sso_password,success,airport-terminal,0
IA003006,2026-07-01T11:29:43,STF1030,staff,Baggage Handling,Gate-Management-System,sso_password,success,airport-terminal,0
IA003512,2026-07-01T11:35:57,STF1118,staff,Engineering & Maintenance,Maintenance-Ticketing,sso_password,success,airport-terminal,0
IA005207,2026-07-01T11:36:01,VND2000,vendor,SkyLink Ground Services,Staff-VPN,sso_mfa,success,vendor-remote-site,0
IA003747,2026-07-01T11:40:18,STF1093,staff,Retail Concessions,Airfield-Ops-Portal,sso_password,success,airport-terminal,0
IA003244,2026-07-01T11:44:26,STF1176,staff,Engineering & Maintenance,Staff-VPN,badge+pin,success,airport-terminal,0
IA001443,2026-07-01T11:45:40,STF1157,staff,Gate Services,Airfield-Ops-Portal,sso_mfa,success,airport-terminal,0
IA003519,2026-07-01T11:59:43,STF1150,staff,IT,Staff-VPN,sso_mfa,success,airport-terminal,0
IA002285,2026-07-01T12:04:02,STF1103,staff,Retail Concessions,Staff-VPN,badge+pin,success,airport-terminal,0
IA004266,2026-07-01T12:15:18,VND2034,vendor,SkyLink Ground Services,Gate-Management-System,badge+pin,fail,airport-terminal,0
IA004214,2026-07-01T12:22:09,STF1024,staff,Retail Concessions,Retail-POS-Backend,sso_password,success,airport-terminal,0
IA005591,2026-07-01T12:58:13,STF1079,staff,Security,Maintenance-Ticketing,vpn_password,success,airport-terminal,0
IA004932,2026-07-01T12:59:07,STF1112,staff,Cargo,Retail-POS-Backend,sso_password,success,airport-terminal,0
IA005387,2026-07-01T13:19:54,STF1056,staff,IT,Departure-Control-System,vpn_certificate,success,airport-terminal,0
IA005684,2026-07-01T13:21:18,STF1038,staff,Retail Concessions,Departure-Control-System,sso_mfa,success,airport-terminal,0
IA002431,2026-07-01T13:30:21,STF1058,staff,Gate Services,Baggage-Handling-System,sso_password,success,airport-terminal,0
IA004876,2026-07-01T13:41:29,STF1089,staff,Retail Concessions,Departure-Control-System,sso_password,fail,airport-terminal,0
IA005553,2026-07-01T13:45:23,VND2030,vendor,Meridian Aircraft Maintenance,Gate-Management-System,sso_password,success,vendor-remote-site,0
IA001515,2026-07-01T14:04:09,STF1148,staff,Cargo,HR-Self-Service,sso_mfa,success,airport-terminal,0
IA001011,2026-07-01T14:07:10,STF1083,staff,Security,HR-Self-Service,sso_password,success,airport-terminal,0
IA002837,2026-07-01T14:08:04,STF1138,staff,Security,Retail-POS-Backend,badge+pin,success,airport-terminal,0
IA004030,2026-07-01T14:08:04,STF1096,staff,Security,Maintenance-Ticketing,sso_mfa,success,airport-terminal,0
IA004086,2026-07-01T14:18:19,STF1106,staff,Retail Concessions,Departure-Control-System,badge+pin,fail,airport-terminal,0
IA004582,2026-07-01T14:34:07,STF1021,staff,Ground Operations,Baggage-Handling-System,sso_password,success,airport-terminal,0
IA001353,2026-07-01T14:47:39,STF1127,staff,Baggage Handling,Cargo-Manifest-System,sso_mfa,fail,airport-terminal,0
IA000865,2026-07-01T14:52:01,STF1138,staff,Security,Staff-VPN,badge+pin,success,airport-terminal,0
IA004787,2026-07-01T15:02:25,STF1143,staff,Engineering & Maintenance,Retail-POS-Backend,sso_password,success,airport-terminal,0
IA000484,2026-07-01T15:02:48,STF1108,staff,Security,Gate-Management-System,badge+pin,success,airport-terminal,0
IA000313,2026-07-01T15:13:38,STF1086,staff,Baggage Handling,HR-Self-Service,vpn_password,success,airport-terminal,0
IA000705,2026-07-01T15:15:57,STF1099,staff,Baggage Handling,Gate-Management-System,sso_mfa,success,airport-terminal,0
IA001431,2026-07-01T15:24:36,STF1140,staff,Engineering & Maintenance,Retail-POS-Backend,vpn_certificate,fail,airport-terminal,0
IA000628,2026-07-01T15:29:42,VND2024,vendor,AeroFuel Solutions,Gate-Management-System,sso_mfa,success,vendor-remote-site,0
IA005696,2026-07-01T15:29:42,VND2014,vendor,AeroFuel Solutions,Maintenance-Ticketing,sso_mfa,success,airport-terminal,0
IA001230,2026-07-01T15:31:46,STF1072,staff,Retail Concessions,Departure-Control-System,vpn_certificate,success,airport-terminal,0
IA002235,2026-07-01T15:42:21,VND2014,vendor,AeroFuel Solutions,Baggage-Handling-System,badge+pin,success,airport-terminal,0
IA001124,2026-07-01T15:43:57,STF1060,staff,Retail Concessions,HR-Self-Service,sso_password,success,airport-terminal,0
IA001406,2026-07-01T15:48:36,VND2027,vendor,Meridian Aircraft Maintenance,Maintenance-Ticketing,sso_password,success,airport-terminal,0
IA003057,2026-07-01T15:51:55,STF1171,staff,Retail Concessions,Staff-VPN,sso_mfa,success,airport-terminal,0
IA001080,2026-07-01T15:54:21,STF1076,staff,Baggage Handling,Airfield-Ops-Portal,sso_password,success,airport-terminal,0
IA002082,2026-07-01T16:12:01,STF1107,staff,Baggage Handling,Baggage-Handling-System,sso_mfa,success,airport-terminal,0
IA001128,2026-07-01T16:16:06,STF1056,staff,IT,Baggage-Handling-System,badge+pin,success,airport-terminal,0
IA003109,2026-07-01T16:23:39,STF1021,staff,Ground Operations,Maintenance-Ticketing,sso_password,success,airport-terminal,0
IA003200,2026-07-01T16:43:44,STF1063,staff,Retail Concessions,HR-Self-Service,vpn_certificate,success,airport-terminal,0
IA006126,2026-07-01T16:56:51,VND2004,vendor,Falcon Cargo Handling,Baggage-Handling-System,sso_password,success,airport-terminal,0
IA004563,2026-07-01T17:08:47,STF1090,staff,Engineering & Maintenance,Departure-Control-System,badge+pin,success,airport-terminal,0
IA000052,2026-07-01T17:14:01,STF1003,staff,IT,Baggage-Handling-System,badge+pin,success,airport-terminal,0
IA002641,2026-07-01T17:27:51,STF1060,staff,Retail Concessions,Staff-VPN,sso_mfa,success,airport-terminal,0
IA002634,2026-07-01T17:58:58,STF1153,staff,Ground Operations,Airfield-Ops-Portal,sso_password,success,airport-terminal,0
IA004134,2026-07-01T18:00:24,STF1013,staff,Cargo,Staff-VPN,badge+pin,success,airport-terminal,0
IA001695,2026-07-01T18:09:33,STF1042,staff,Retail Concessions,Staff-VPN,vpn_password,success,airport-terminal,0
IA001791,2026-07-01T18:10:08,STF1110,staff,Security,Retail-POS-Backend,sso_password,success,airport-terminal,0
IA002971,2026-07-01T18:20:46,STF1000,staff,Ground Operations,Airfield-Ops-Portal,badge+pin,success,airport-terminal,0
IA001034,2026-07-01T18:27:35,VND2005,vendor,AeroFuel Solutions,Retail-POS-Backend,badge+pin,success,airport-terminal,0
IA003867,2026-07-01T18:34:45,STF1112,staff,Cargo,Baggage-Handling-System,badge+pin,success,airport-terminal,0
IA005584,2026-07-01T18:39:35,STF1037,staff,Engineering & Maintenance,Gate-Management-System,badge+pin,success,airport-terminal,0
IA005042,2026-07-01T18:40:30,STF1139,staff,Gate Services,HR-Self-Service,vpn_password,success,airport-terminal,0
IA000736,2026-07-01T18:43:22,VND2033,vendor,Meridian Aircraft Maintenance,Gate-Management-System,vpn_password,success,vendor-remote-site,0
IA003663,2026-07-01T18:44:36,STF1038,staff,Retail Concessions,Cargo-Manifest-System,sso_password,success,airport-terminal,0
IA001611,2026-07-01T18:45:17,VND2017,vendor,Horizon Cleaning Services,Airfield-Ops-Portal,badge+pin,fail,airport-terminal,0
IA002292,2026-07-01T18:50:41,STF1132,staff,Cargo,Airfield-Ops-Portal,sso_mfa,success,airport-terminal,0
IA004708,2026-07-01T19:13:36,STF1111,staff,Ground Operations,Baggage-Handling-System,badge+pin,success,airport-terminal,0
IA004872,2026-07-01T19:18:09,VND2025,vendor,SkyLink Ground Services,HR-Self-Service,sso_mfa,success,airport-terminal,0
IA005781,2026-07-01T19:30:30,STF1082,staff,Retail Concessions,Airfield-Ops-Portal,badge+pin,success,airport-terminal,0
IA000849,2026-07-01T19:35:03,STF1111,staff,Ground Operations,Baggage-Handling-System,badge+pin,success,airport-terminal,0
IA004372,2026-07-01T19:37:15,VND2024,vendor,AeroFuel Solutions,Staff-VPN,sso_password,success,airport-terminal,0
IA000436,2026-07-01T19:38:41,STF1115,staff,Engineering & Maintenance,Departure-Control-System,sso_password,success,airport-terminal,0
IA001491,2026-07-01T19:58:05,VND2004,vendor,Falcon Cargo Handling,Airfield-Ops-Portal,badge+pin,success,vendor-remote-site,0
IA003994,2026-07-01T19:59:52,STF1065,staff,Security,Retail-POS-Backend,badge+pin,fail,airport-terminal,0
IA004392,2026-07-01T20:00:41,STF1037,staff,Engineering & Maintenance,Departure-Control-System,sso_password,success,airport-terminal,0
IA000714,2026-07-01T20:22:44,STF1015,staff,Gate Services,Departure-Control-System,sso_password,success,airport-terminal,0
IA001533,2026-07-01T20:44:03,VND2034,vendor,SkyLink Ground Services,Staff-VPN,badge+pin,success,vendor-remote-site,0
IA003174,2026-07-01T20:47:14,STF1082,staff,Retail Concessions,HR-Self-Service,sso_mfa,success,airport-terminal,0
IA003080,2026-07-01T20:50:38,STF1019,staff,Cargo,Maintenance-Ticketing,sso_password,success,airport-terminal,0
IA002181,2026-07-01T20:59:21,VND2001,vendor,Meridian Aircraft Maintenance,Retail-POS-Backend,sso_mfa,success,airport-terminal,0
IA004929,2026-07-01T21:05:56,STF1106,staff,Retail Concessions,Staff-VPN,sso_mfa,success,airport-terminal,0
IA004221,2026-07-01T21:13:07,STF1160,staff,Gate Services,Baggage-Handling-System,sso_password,success,airport-terminal,1
IA004433,2026-07-01T21:31:30,STF1161,staff,Ground Operations,Maintenance-Ticketing,sso_password,success,airport-terminal,0
IA003943,2026-07-01T21:32:30,STF1138,staff,Security,HR-Self-Service,badge+pin,success,airport-terminal,0
IA002958,2026-07-01T21:59:29,STF1154,staff,Ground Operations,Departure-Control-System,sso_password,success,airport-terminal,0
IA003791,2026-07-02T01:36:30,STF1020,staff,Ground Operations,Maintenance-Ticketing,sso_mfa,fail,airport-terminal,0
IA003290,2026-07-02T01:40:35,STF1069,staff,Baggage Handling,Retail-POS-Backend,vpn_password,success,airport-terminal,0
IA004031,2026-07-02T01:43:33,STF1107,staff,Baggage Handling,Retail-POS-Backend,sso_password,success,airport-terminal,0
IA001211,2026-07-02T02:16:15,VND2012,vendor,AeroFuel Solutions,Maintenance-Ticketing,badge+pin,success,airport-terminal,0
IA005754,2026-07-02T04:51:49,STF1025,staff,Security,Baggage-Handling-System,badge+pin,fail,airport-terminal,0
IA000980,2026-07-02T06:01:43,STF1119,staff,Baggage Handling,Airfield-Ops-Portal,sso_mfa,success,airport-terminal,0
IA004419,2026-07-02T06:02:24,STF1066,staff,Retail Concessions,Airfield-Ops-Portal,badge+pin,success,airport-terminal,0
IA002105,2026-07-02T06:10:39,STF1101,staff,Retail Concessions,Cargo-Manifest-System,sso_password,success,airport-terminal,0
IA002226,2026-07-02T06:11:16,STF1077,staff,Gate Services,Retail-POS-Backend,badge+pin,success,airport-terminal,0
IA000001,2026-07-02T06:13:53,STF1039,staff,Engineering & Maintenance,Retail-POS-Backend,sso_password,success,airport-terminal,0
IA003736,2026-07-02T06:19:11,STF1070,staff,Ground Operations,Cargo-Manifest-System,sso_mfa,success,airport-terminal,0
IA003815,2026-07-02T06:43:29,STF1120,staff,Engineering & Maintenance,Baggage-Handling-System,vpn_password,success,airport-terminal,0
IA000075,2026-07-02T06:56:26,VND2000,vendor,SkyLink Ground Services,Baggage-Handling-System,badge+pin,success,airport-terminal,0
IA001194,2026-07-02T07:18:12,STF1053,staff,Ground Operations,Cargo-Manifest-System,badge+pin,fail,airport-terminal,0
IA005052,2026-07-02T07:26:47,STF1040,staff,Cargo,Departure-Control-System,sso_mfa,success,airport-terminal,0
IA002948,2026-07-02T07:30:55,STF1163,staff,Retail Concessions,Airfield-Ops-Portal,badge+pin,success,airport-terminal,0
IA001471,2026-07-02T07:35:20,VND2017,vendor,Horizon Cleaning Services,Departure-Control-System,vpn_password,success,airport-terminal,0
IA000692,2026-07-02T07:39:23,STF1034,staff,Ground Operations,Cargo-Manifest-System,badge+pin,success,airport-terminal,0
IA004254,2026-07-02T08:17:32,STF1132,staff,Cargo,Staff-VPN,badge+pin,success,airport-terminal,0
IA003870,2026-07-02T08:19:32,STF1067,staff,IT,Gate-Management-System,sso_mfa,success,airport-terminal,0
IA004022,2026-07-02T08:19:51,STF1161,staff,Ground Operations,Retail-POS-Backend,vpn_password,success,airport-terminal,0
IA004275,2026-07-02T08:32:25,STF1175,staff,Ground Operations,Departure-Control-System,badge+pin,success,airport-terminal,0
IA003214,2026-07-02T08:37:04,STF1129,staff,Security,Maintenance-Ticketing,badge+pin,success,airport-terminal,0
IA001200,2026-07-02T08:43:51,STF1122,staff,Gate Services,Staff-VPN,sso_password,success,airport-terminal,0
IA000495,2026-07-02T08:48:50,STF1171,staff,Retail Concessions,Departure-Control-System,sso_mfa,success,airport-terminal,0
IA003887,2026-07-02T08:50:58,STF1140,staff,Engineering & Maintenance,Maintenance-Ticketing,vpn_certificate,success,airport-terminal,0
IA005492,2026-07-02T09:01:09,STF1027,staff,Baggage Handling,Departure-Control-System,badge+pin,success,airport-terminal,0
IA005074,2026-07-02T09:10:04,VND2014,vendor,AeroFuel Solutions,HR-Self-Service,sso_mfa,success,airport-terminal,0
IA002550,2026-07-02T09:25:34,STF1055,staff,Cargo,Gate-Management-System,sso_mfa,fail,airport-terminal,0
IA002283,2026-07-02T09:30:02,VND2014,vendor,AeroFuel Solutions,Departure-Control-System,badge+pin,success,vendor-remote-site,0
IA004647,2026-07-02T09:31:10,STF1033,staff,Retail Concessions,Retail-POS-Backend,sso_password,fail,airport-terminal,0
IA002973,2026-07-02T09:32:32,STF1044,staff,Ground Operations,Baggage-Handling-System,vpn_password,success,airport-terminal,0
IA001273,2026-07-02T09:47:48,VND2012,vendor,AeroFuel Solutions,Staff-VPN,sso_mfa,success,vendor-remote-site,0
IA006084,2026-07-02T09:47:55,VND2017,vendor,Horizon Cleaning Services,Cargo-Manifest-System,sso_password,success,vendor-remote-site,0
IA000798,2026-07-02T09:52:53,STF1054,staff,Security,Cargo-Manifest-System,sso_password,fail,airport-terminal,0
IA000765,2026-07-02T10:29:15,STF1118,staff,Engineering & Maintenance,HR-Self-Service,sso_mfa,success,airport-terminal,0
IA004431,2026-07-02T10:35:27,STF1082,staff,Retail Concessions,Airfield-Ops-Portal,sso_mfa,success,airport-terminal,0
IA001911,2026-07-02T10:47:10,VND2030,vendor,Meridian Aircraft Maintenance,Cargo-Manifest-System,vpn_certificate,success,airport-terminal,0
IA005001,2026-07-02T10:57:54,VND2004,vendor,Falcon Cargo Handling,Departure-Control-System,sso_mfa,success,vendor-remote-site,0
IA001750,2026-07-02T11:07:15,STF1115,staff,Engineering & Maintenance,Airfield-Ops-Portal,badge+pin,success,airport-terminal,0
IA000978,2026-07-02T11:14:33,STF1174,staff,Ground Operations,Cargo-Manifest-System,vpn_certificate,fail,airport-terminal,0
IA000742,2026-07-02T11:22:11,STF1065,staff,Security,Staff-VPN,sso_password,success,airport-terminal,0
IA003186,2026-07-02T11:22:45,STF1137,staff,Retail Concessions,Gate-Management-System,sso_password,success,airport-terminal,0
IA002775,2026-07-02T11:33:29,VND2030,vendor,Meridian Aircraft Maintenance,Maintenance-Ticketing,vpn_certificate,success,vendor-remote-site,0
IA006005,2026-07-02T11:34:19,STF1087,staff,Ground Operations,Departure-Control-System,vpn_password,fail,airport-terminal,0
IA002978,2026-07-02T12:02:13,STF1138,staff,Security,Airfield-Ops-Portal,sso_password,success,airport-terminal,0
IA002432,2026-07-02T12:04:45,STF1090,staff,Engineering & Maintenance,Airfield-Ops-Portal,vpn_certificate,success,airport-terminal,0
IA000231,2026-07-02T12:12:03,STF1015,staff,Gate Services,Cargo-Manifest-System,sso_mfa,success,airport-terminal,0
IA001705,2026-07-02T12:16:25,STF1076,staff,Baggage Handling,Departure-Control-System,sso_mfa,success,airport-terminal,0
IA002008,2026-07-02T12:23:05,STF1090,staff,Engineering & Maintenance,Departure-Control-System,sso_password,success,airport-terminal,0
IA000311,2026-07-02T12:31:33,STF1078,staff,Baggage Handling,Cargo-Manifest-System,sso_mfa,success,airport-terminal,0
IA004874,2026-07-02T12:36:23,STF1046,staff,Cargo,Retail-POS-Backend,sso_mfa,success,airport-terminal,0
IA005875,2026-07-02T12:52:20,STF1093,staff,Retail Concessions,Gate-Management-System,badge+pin,success,airport-terminal,0
IA005743,2026-07-02T13:03:31,STF1140,staff,Engineering & Maintenance,Gate-Management-System,badge+pin,success,airport-terminal,0
IA003880,2026-07-02T13:06:30,STF1152,staff,Ground Operations,Staff-VPN,badge+pin,success,airport-terminal,0
IA005940,2026-07-02T13:48:59,STF1134,staff,Gate Services,Airfield-Ops-Portal,sso_password,success,airport-terminal,0
IA005848,2026-07-02T13:49:36,STF1051,staff,Retail Concessions,Maintenance-Ticketing,vpn_password,success,airport-terminal,0
IA000539,2026-07-02T13:51:15,STF1059,staff,IT,Retail-POS-Backend,vpn_password,success,airport-terminal,0
IA001661,2026-07-02T13:53:55,STF1096,staff,Security,Departure-Control-System,vpn_certificate,fail,airport-terminal,0
IA005761,2026-07-02T14:05:11,VND2005,vendor,AeroFuel Solutions,HR-Self-Service,sso_password,success,airport-terminal,0
IA002917,2026-07-02T14:20:50,STF1112,staff,Cargo,Gate-Management-System,sso_mfa,success,airport-terminal,0
IA004210,2026-07-02T14:24:12,STF1034,staff,Ground Operations,Cargo-Manifest-System,sso_password,success,airport-terminal,0
IA005567,2026-07-02T14:27:17,VND2003,vendor,Falcon Cargo Handling,Cargo-Manifest-System,sso_password,success,airport-terminal,0
IA001925,2026-07-02T14:33:13,STF1075,staff,Gate Services,Baggage-Handling-System,badge+pin,success,airport-terminal,0
IA005670,2026-07-02T14:36:39,STF1019,staff,Cargo,Maintenance-Ticketing,vpn_certificate,success,airport-terminal,0
IA001495,2026-07-02T14:51:18,VND2008,vendor,SkyLink Ground Services,Baggage-Handling-System,badge+pin,success,airport-terminal,0
IA000134,2026-07-02T15:02:07,STF1164,staff,Ground Operations,Gate-Management-System,badge+pin,success,airport-terminal,0
IA000803,2026-07-02T15:12:58,VND2026,vendor,Horizon Cleaning Services,Staff-VPN,vpn_certificate,success,airport-terminal,0
IA004133,2026-07-02T15:21:25,VND2029,vendor,Horizon Cleaning Services,Cargo-Manifest-System,badge+pin,success,airport-terminal,0
IA004376,2026-07-02T15:28:21,STF1009,staff,Retail Concessions,Baggage-Handling-System,sso_mfa,success,airport-terminal,0
IA005735,2026-07-02T15:32:57,STF1178,staff,Engineering & Maintenance,Maintenance-Ticketing,sso_mfa,success,airport-terminal,0
IA004822,2026-07-02T15:36:44,STF1014,staff,Baggage Handling,Cargo-Manifest-System,sso_password,success,airport-terminal,0
IA001597,2026-07-02T15:38:40,VND2002,vendor,Horizon Cleaning Services,Gate-Management-System,sso_mfa,success,airport-terminal,0
IA004052,2026-07-02T15:45:38,VND2014,vendor,AeroFuel Solutions,Departure-Control-System,badge+pin,success,airport-terminal,0
IA000559,2026-07-02T15:56:03,STF1066,staff,Retail Concessions,HR-Self-Service,vpn_password,success,airport-terminal,0
IA003935,2026-07-02T16:09:42,VND2025,vendor,SkyLink Ground Services,Gate-Management-System,badge+pin,success,airport-terminal,0
IA001672,2026-07-02T16:10:56,STF1163,staff,Retail Concessions,Maintenance-Ticketing,vpn_certificate,success,airport-terminal,0
IA002893,2026-07-02T16:15:38,STF1033,staff,Retail Concessions,Staff-VPN,badge+pin,success,airport-terminal,0
IA000592,2026-07-02T16:15:59,STF1160,staff,Gate Services,Departure-Control-System,sso_password,success,airport-terminal,1
IA000350,2026-07-02T16:20:17,STF1053,staff,Ground Operations,HR-Self-Service,badge+pin,success,airport-terminal,0
IA001644,2026-07-02T16:21:15,STF1031,staff,Cargo,Baggage-Handling-System,sso_password,success,airport-terminal,0
IA003909,2026-07-02T16:35:08,STF1153,staff,Ground Operations,Cargo-Manifest-System,sso_mfa,success,airport-terminal,0
IA002136,2026-07-02T16:55:57,STF1027,staff,Baggage Handling,Gate-Management-System,sso_password,success,airport-terminal,0
IA000959,2026-07-02T17:12:58,STF1151,staff,Baggage Handling,Departure-Control-System,badge+pin,success,airport-terminal,0
IA003243,2026-07-02T17:18:51,STF1043,staff,Cargo,Gate-Management-System,sso_mfa,success,airport-terminal,0
IA003363,2026-07-02T17:20:27,STF1070,staff,Ground Operations,HR-Self-Service,badge+pin,success,airport-terminal,0
IA001871,2026-07-02T17:26:28,STF1165,staff,Cargo,HR-Self-Service,badge+pin,success,airport-terminal,0
IA006096,2026-07-02T17:30:49,VND2011,vendor,Falcon Cargo Handling,Retail-POS-Backend,vpn_certificate,success,vendor-remote-site,0
IA003630,2026-07-02T17:36:01,STF1015,staff,Gate Services,Cargo-Manifest-System,badge+pin,success,airport-terminal,0
IA004163,2026-07-02T17:46:22,STF1147,staff,Ground Operations,HR-Self-Service,sso_password,success,airport-terminal,0
IA003505,2026-07-02T17:47:56,STF1013,staff,Cargo,Staff-VPN,badge+pin,success,airport-terminal,0
IA001136,2026-07-02T18:05:25,STF1055,staff,Cargo,Departure-Control-System,badge+pin,success,airport-terminal,0
IA002543,2026-07-02T18:09:18,STF1064,staff,Cargo,Maintenance-Ticketing,vpn_certificate,success,airport-terminal,0
IA002055,2026-07-02T18:21:46,VND2013,vendor,Falcon Cargo Handling,HR-Self-Service,vpn_certificate,success,airport-terminal,0
IA001909,2026-07-02T18:32:32,STF1134,staff,Gate Services,Gate-Management-System,sso_mfa,success,airport-terminal,0
IA002595,2026-07-02T18:51:39,VND2017,vendor,Horizon Cleaning Services,Maintenance-Ticketing,sso_password,success,airport-terminal,0
IA002985,2026-07-02T18:52:27,STF1174,staff,Ground Operations,Cargo-Manifest-System,sso_password,success,airport-terminal,0
IA000195,2026-07-02T18:57:16,STF1103,staff,Retail Concessions,Retail-POS-Backend,vpn_password,success,airport-terminal,0
IA003052,2026-07-02T18:57:58,STF1038,staff,Retail Concessions,Baggage-Handling-System,badge+pin,success,airport-terminal,0
IA003292,2026-07-02T19:06:08,VND2004,vendor,Falcon Cargo Handling,HR-Self-Service,vpn_certificate,success,vendor-remote-site,0
IA002913,2026-07-02T19:13:24,STF1059,staff,IT,Gate-Management-System,vpn_password,success,airport-terminal,0
IA001130,2026-07-02T19:20:02,STF1115,staff,Engineering & Maintenance,HR-Self-Service,badge+pin,success,airport-terminal,0
IA000308,2026-07-02T19:32:23,VND2006,vendor,Coastal Catering Co,Airfield-Ops-Portal,sso_mfa,success,vendor-remote-site,0
IA000553,2026-07-02T19:53:23,VND2021,vendor,Falcon Cargo Handling,Staff-VPN,sso_password,success,vendor-remote-site,0
IA000832,2026-07-02T19:56:20,STF1115,staff,Engineering & Maintenance,Maintenance-Ticketing,badge+pin,success,airport-terminal,0
IA001884,2026-07-02T19:57:59,STF1105,staff,Baggage Handling,Gate-Management-System,badge+pin,success,airport-terminal,0
IA001045,2026-07-02T20:05:57,STF1089,staff,Retail Concessions,Retail-POS-Backend,vpn_certificate,success,airport-terminal,0
IA001752,2026-07-02T20:10:53,VND2010,vendor,SkyLink Ground Services,HR-Self-Service,vpn_password,success,vendor-remote-site,0
IA001782,2026-07-02T20:11:24,VND2008,vendor,SkyLink Ground Services,Cargo-Manifest-System,vpn_password,success,airport-terminal,0
IA003511,2026-07-02T20:16:58,STF1166,staff,Baggage Handling,Airfield-Ops-Portal,sso_mfa,success,airport-terminal,0
IA002548,2026-07-02T20:21:48,STF1054,staff,Security,Cargo-Manifest-System,vpn_password,success,airport-terminal,0
IA000125,2026-07-02T20:27:30,STF1036,staff,Gate Services,Airfield-Ops-Portal,badge+pin,success,airport-terminal,0
IA001976,2026-07-02T20:32:13,STF1119,staff,Baggage Handling,HR-Self-Service,badge+pin,success,airport-terminal,0
IA005026,2026-07-02T20:39:59,VND2000,vendor,SkyLink Ground Services,Maintenance-Ticketing,badge+pin,success,vendor-remote-site,0
IA005494,2026-07-02T20:40:04,STF1111,staff,Ground Operations,Maintenance-Ticketing,sso_password,success,airport-terminal,0
IA004712,2026-07-02T21:14:48,VND2027,vendor,Meridian Aircraft Maintenance,Departure-Control-System,badge+pin,success,airport-terminal,0
IA000069,2026-07-02T21:29:15,STF1038,staff,Retail Concessions,Maintenance-Ticketing,badge+pin,success,airport-terminal,0
IA005769,2026-07-02T21:36:08,STF1095,staff,Retail Concessions,Gate-Management-System,sso_mfa,success,airport-terminal,0
IA003390,2026-07-02T21:39:59,VND2006,vendor,Coastal Catering Co,Baggage-Handling-System,vpn_certificate,success,vendor-remote-site,0
IA005589,2026-07-02T21:47:56,STF1179,staff,Baggage Handling,Cargo-Manifest-System,badge+pin,success,airport-terminal,0
IA005409,2026-07-02T21:52:26,STF1156,staff,Gate Services,Staff-VPN,vpn_certificate,success,airport-terminal,0
IA000863,2026-07-02T23:01:51,STF1164,staff,Ground Operations,Staff-VPN,sso_password,success,airport-terminal,1
IA005538,2026-07-02T23:46:44,VND2033,vendor,Meridian Aircraft Maintenance,Baggage-Handling-System,sso_password,success,airport-terminal,1
IA000332,2026-07-03T00:15:19,VND2033,vendor,Meridian Aircraft Maintenance,Staff-VPN,vpn_password,success,vendor-remote-site,1
IA003548,2026-07-03T01:06:21,STF1011,staff,Retail Concessions,Baggage-Handling-System,badge+pin,success,airport-terminal,0
IA001293,2026-07-03T02:06:05,STF1149,staff,Cargo,Cargo-Manifest-System,vpn_certificate,success,airport-terminal,0
IA004542,2026-07-03T02:51:49,STF1031,staff,Cargo,Staff-VPN,badge+pin,success,airport-terminal,0
IA005497,2026-07-03T02:52:45,STF1140,staff,Engineering & Maintenance,Baggage-Handling-System,vpn_certificate,success,airport-terminal,0
IA004616,2026-07-03T03:05:42,STF1169,staff,Ground Operations,Departure-Control-System,vpn_password,success,airport-terminal,1
IA003136,2026-07-03T03:25:16,STF1160,staff,Gate Services,Staff-VPN,vpn_password,success,airport-terminal,1
IA005274,2026-07-03T03:34:24,STF1065,staff,Security,Airfield-Ops-Portal,sso_password,success,airport-terminal,0
IA003206,2026-07-03T03:35:38,VND2009,vendor,Falcon Cargo Handling,Departure-Control-System,badge+pin,success,vendor-remote-site,0
IA002947,2026-07-03T03:48:13,STF1011,staff,Retail Concessions,Airfield-Ops-Portal,vpn_password,success,airport-terminal,0
IA000428,2026-07-03T03:54:26,STF1030,staff,Baggage Handling,Departure-Control-System,badge+pin,success,airport-terminal,0
IA001084,2026-07-03T04:17:30,STF1160,staff,Gate Services,Staff-VPN,vpn_password,success,airport-terminal,1
IA004274,2026-07-03T06:00:47,STF1077,staff,Gate Services,Baggage-Handling-System,sso_mfa,success,airport-terminal,0
IA004753,2026-07-03T06:06:47,STF1155,staff,Cargo,Cargo-Manifest-System,sso_mfa,success,airport-terminal,0
IA003709,2026-07-03T06:06:49,STF1067,staff,IT,Departure-Control-System,sso_password,success,airport-terminal,0
IA001227,2026-07-03T06:18:36,STF1080,staff,Cargo,Baggage-Handling-System,sso_password,success,airport-terminal,0
IA004299,2026-07-03T06:19:52,VND2011,vendor,Falcon Cargo Handling,Staff-VPN,badge+pin,success,airport-terminal,0
IA002012,2026-07-03T06:30:28,STF1098,staff,Engineering & Maintenance,Baggage-Handling-System,vpn_password,success,airport-terminal,1
IA001417,2026-07-03T06:31:40,VND2028,vendor,Horizon Cleaning Services,Airfield-Ops-Portal,vpn_certificate,success,vendor-remote-site,0
IA005936,2026-07-03T06:40:02,STF1109,staff,IT,Airfield-Ops-Portal,sso_password,success,airport-terminal,0
IA003387,2026-07-03T06:40:36,STF1174,staff,Ground Operations,Airfield-Ops-Portal,sso_mfa,success,airport-terminal,0
IA002017,2026-07-03T06:46:56,STF1043,staff,Cargo,Gate-Management-System,sso_mfa,success,airport-terminal,0
IA003081,2026-07-03T06:55:20,VND2034,vendor,SkyLink Ground Services,Gate-Management-System,badge+pin,fail,airport-terminal,0
IA003215,2026-07-03T06:56:16,STF1124,staff,Gate Services,Baggage-Handling-System,sso_password,success,airport-terminal,0
IA004017,2026-07-03T06:57:44,STF1118,staff,Engineering & Maintenance,HR-Self-Service,vpn_certificate,success,airport-terminal,0
IA004717,2026-07-03T06:58:17,STF1170,staff,Baggage Handling,Gate-Management-System,badge+pin,success,airport-terminal,0
IA005020,2026-07-03T07:08:56,STF1080,staff,Cargo,HR-Self-Service,sso_mfa,success,airport-terminal,0
IA001258,2026-07-03T07:12:05,VND2017,vendor,Horizon Cleaning Services,Maintenance-Ticketing,vpn_certificate,success,airport-terminal,0
IA004157,2026-07-03T07:15:43,STF1124,staff,Gate Services,HR-Self-Service,sso_password,success,airport-terminal,0
IA003632,2026-07-03T07:22:39,STF1094,staff,IT,Baggage-Handling-System,sso_password,success,airport-terminal,0
IA003035,2026-07-03T07:23:14,STF1074,staff,Baggage Handling,HR-Self-Service,sso_password,success,airport-terminal,0
IA004584,2026-07-03T07:27:18,STF1098,staff,Engineering & Maintenance,HR-Self-Service,sso_password,success,airport-terminal,0
IA006196,2026-07-03T07:53:57,STF1100,staff,Engineering & Maintenance,Gate-Management-System,sso_password,success,airport-terminal,0
IA001506,2026-07-03T08:03:47,VND2000,vendor,SkyLink Ground Services,Departure-Control-System,badge+pin,success,vendor-remote-site,0
IA005007,2026-07-03T08:09:42,STF1046,staff,Cargo,Staff-VPN,sso_password,success,airport-terminal,0
IA003915,2026-07-03T08:17:36,STF1127,staff,Baggage Handling,Airfield-Ops-Portal,vpn_certificate,success,airport-terminal,0
IA001612,2026-07-03T08:27:13,VND2016,vendor,AeroFuel Solutions,Cargo-Manifest-System,badge+pin,success,vendor-remote-site,0
IA001616,2026-07-03T08:33:07,STF1077,staff,Gate Services,Departure-Control-System,sso_password,success,airport-terminal,0
IA002334,2026-07-03T08:51:54,STF1147,staff,Ground Operations,HR-Self-Service,vpn_certificate,success,airport-terminal,0
IA002647,2026-07-03T09:02:40,STF1145,staff,Ground Operations,Retail-POS-Backend,sso_password,success,airport-terminal,0
IA000768,2026-07-03T09:17:54,STF1056,staff,IT,Departure-Control-System,badge+pin,success,airport-terminal,0
IA003610,2026-07-03T09:29:13,STF1162,staff,Ground Operations,Baggage-Handling-System,badge+pin,success,airport-terminal,0
IA000464,2026-07-03T09:41:09,VND2025,vendor,SkyLink Ground Services,Gate-Management-System,sso_password,success,vendor-remote-site,0
IA003031,2026-07-03T09:44:02,VND2028,vendor,Horizon Cleaning Services,Retail-POS-Backend,sso_mfa,success,vendor-remote-site,0
IA004020,2026-07-03T09:49:06,STF1010,staff,Gate Services,Departure-Control-System,sso_password,success,airport-terminal,0
IA004190,2026-07-03T10:04:34,STF1024,staff,Retail Concessions,Staff-VPN,badge+pin,success,airport-terminal,0
IA003152,2026-07-03T10:15:22,STF1083,staff,Security,Departure-Control-System,sso_password,success,airport-terminal,0
IA004021,2026-07-03T10:18:09,STF1015,staff,Gate Services,Gate-Management-System,sso_mfa,success,airport-terminal,0
IA003399,2026-07-03T10:24:30,STF1174,staff,Ground Operations,HR-Self-Service,sso_mfa,success,airport-terminal,0
IA004556,2026-07-03T10:45:34,VND2027,vendor,Meridian Aircraft Maintenance,Staff-VPN,sso_mfa,fail,vendor-remote-site,0
IA002561,2026-07-03T10:46:00,STF1158,staff,Baggage Handling,Staff-VPN,sso_password,success,airport-terminal,0
IA002362,2026-07-03T11:05:05,STF1134,staff,Gate Services,Gate-Management-System,sso_password,success,airport-terminal,0
IA000305,2026-07-03T11:09:34,STF1155,staff,Cargo,Retail-POS-Backend,sso_password,success,airport-terminal,0
IA006006,2026-07-03T11:11:48,STF1162,staff,Ground Operations,Retail-POS-Backend,badge+pin,success,airport-terminal,0
IA000269,2026-07-03T11:13:42,VND2028,vendor,Horizon Cleaning Services,HR-Self-Service,badge+pin,success,airport-terminal,0
IA005059,2026-07-03T11:15:58,STF1099,staff,Baggage Handling,Cargo-Manifest-System,vpn_certificate,success,airport-terminal,0
IA001222,2026-07-03T11:20:10,VND2030,vendor,Meridian Aircraft Maintenance,Baggage-Handling-System,sso_mfa,success,vendor-remote-site,0
IA001391,2026-07-03T11:21:13,STF1016,staff,Gate Services,HR-Self-Service,sso_password,success,airport-terminal,0
IA004704,2026-07-03T11:22:55,STF1084,staff,IT,Maintenance-Ticketing,vpn_password,success,airport-terminal,0
IA003724,2026-07-03T11:35:48,STF1026,staff,Gate Services,Departure-Control-System,vpn_password,success,airport-terminal,0
IA002930,2026-07-03T11:49:06,VND2034,vendor,SkyLink Ground Services,Maintenance-Ticketing,sso_mfa,success,vendor-remote-site,0
IA001642,2026-07-03T11:58:20,STF1030,staff,Baggage Handling,Staff-VPN,sso_mfa,success,airport-terminal,0
IA003276,2026-07-03T11:59:16,STF1016,staff,Gate Services,Baggage-Handling-System,badge+pin,success,airport-terminal,0
IA001983,2026-07-03T12:05:10,VND2022,vendor,Falcon Cargo Handling,Maintenance-Ticketing,badge+pin,fail,vendor-remote-site,0
IA003639,2026-07-03T12:11:47,STF1131,staff,Engineering & Maintenance,Gate-Management-System,sso_password,success,airport-terminal,0
IA005070,2026-07-03T12:17:20,VND2005,vendor,AeroFuel Solutions,Baggage-Handling-System,badge+pin,success,vendor-remote-site,0
IA005634,2026-07-03T12:22:39,STF1166,staff,Baggage Handling,Cargo-Manifest-System,vpn_certificate,success,airport-terminal,0
IA005189,2026-07-03T12:30:22,STF1081,staff,Cargo,Maintenance-Ticketing,sso_password,success,airport-terminal,0
IA001818,2026-07-03T12:34:43,STF1027,staff,Baggage Handling,Staff-VPN,badge+pin,success,airport-terminal,0
IA003572,2026-07-03T12:39:38,STF1040,staff,Cargo,Gate-Management-System,sso_password,success,airport-terminal,0
IA002620,2026-07-03T12:41:11,STF1105,staff,Baggage Handling,HR-Self-Service,badge+pin,success,airport-terminal,0
IA000176,2026-07-03T12:44:52,STF1064,staff,Cargo,Retail-POS-Backend,sso_password,success,airport-terminal,0
IA002862,2026-07-03T12:46:14,VND2034,vendor,SkyLink Ground Services,Staff-VPN,sso_mfa,success,airport-terminal,0
IA003437,2026-07-03T12:47:24,STF1048,staff,Retail Concessions,Maintenance-Ticketing,sso_mfa,success,airport-terminal,0
IA000356,2026-07-03T12:48:15,STF1158,staff,Baggage Handling,Baggage-Handling-System,badge+pin,success,airport-terminal,0
IA004328,2026-07-03T12:49:30,VND2006,vendor,Coastal Catering Co,Maintenance-Ticketing,sso_password,success,vendor-remote-site,0
IA000446,2026-07-03T13:00:11,STF1140,staff,Engineering & Maintenance,Airfield-Ops-Portal,vpn_certificate,success,airport-terminal,0
IA004225,2026-07-03T13:04:25,STF1087,staff,Ground Operations,Retail-POS-Backend,sso_mfa,success,airport-terminal,0
IA004339,2026-07-03T13:22:04,STF1084,staff,IT,Airfield-Ops-Portal,sso_mfa,success,airport-terminal,0
IA004676,2026-07-03T13:25:57,VND2007,vendor,SkyLink Ground Services,Baggage-Handling-System,sso_password,success,airport-terminal,0
IA006048,2026-07-03T13:50:02,VND2020,vendor,Coastal Catering Co,HR-Self-Service,badge+pin,success,airport-terminal,0
IA000387,2026-07-03T14:07:47,STF1166,staff,Baggage Handling,Airfield-Ops-Portal,vpn_certificate,success,airport-terminal,0
IA001040,2026-07-03T14:19:53,STF1151,staff,Baggage Handling,Maintenance-Ticketing,sso_mfa,success,airport-terminal,0
IA000359,2026-07-03T14:38:31,VND2020,vendor,Coastal Catering Co,HR-Self-Service,badge+pin,success,vendor-remote-site,0
IA004506,2026-07-03T14:39:38,VND2008,vendor,SkyLink Ground Services,Departure-Control-System,sso_mfa,success,vendor-remote-site,0
IA001627,2026-07-03T14:40:49,STF1027,staff,Baggage Handling,Baggage-Handling-System,sso_password,success,airport-terminal,0
IA001745,2026-07-03T14:49:37,STF1034,staff,Ground Operations,Retail-POS-Backend,sso_password,success,airport-terminal,0
IA002612,2026-07-03T14:57:00,STF1093,staff,Retail Concessions,HR-Self-Service,vpn_certificate,success,airport-terminal,0
IA003536,2026-07-03T15:01:39,VND2024,vendor,AeroFuel Solutions,Departure-Control-System,sso_password,success,airport-terminal,0
IA003798,2026-07-03T15:03:41,STF1177,staff,IT,HR-Self-Service,badge+pin,fail,airport-terminal,0
IA004741,2026-07-03T15:09:18,STF1131,staff,Engineering & Maintenance,Airfield-Ops-Portal,sso_mfa,success,airport-terminal,0
IA004236,2026-07-03T15:37:57,STF1015,staff,Gate Services,Baggage-Handling-System,sso_mfa,success,airport-terminal,0
IA000420,2026-07-03T15:52:33,STF1081,staff,Cargo,Airfield-Ops-Portal,vpn_certificate,success,airport-terminal,0
IA003272,2026-07-03T15:57:28,STF1165,staff,Cargo,Cargo-Manifest-System,vpn_certificate,success,airport-terminal,0
IA001404,2026-07-03T15:59:16,STF1064,staff,Cargo,Airfield-Ops-Portal,sso_mfa,success,airport-terminal,0
IA002382,2026-07-03T16:31:37,STF1029,staff,Security,Baggage-Handling-System,sso_password,success,airport-terminal,0
IA005816,2026-07-03T16:38:23,VND2032,vendor,AeroFuel Solutions,Cargo-Manifest-System,badge+pin,fail,vendor-remote-site,0
IA004950,2026-07-03T16:40:14,STF1109,staff,IT,Maintenance-Ticketing,vpn_certificate,success,airport-terminal,0
IA004965,2026-07-03T16:40:29,STF1146,staff,Ground Operations,Staff-VPN,sso_password,success,airport-terminal,0
IA005468,2026-07-03T16:58:21,STF1037,staff,Engineering & Maintenance,Cargo-Manifest-System,sso_mfa,success,airport-terminal,0
IA003486,2026-07-03T17:14:20,STF1050,staff,Ground Operations,HR-Self-Service,sso_password,success,airport-terminal,0
IA003997,2026-07-03T17:20:39,VND2023,vendor,SkyLink Ground Services,Baggage-Handling-System,sso_password,success,vendor-remote-site,1
IA002440,2026-07-03T17:38:59,STF1109,staff,IT,Baggage-Handling-System,sso_mfa,success,airport-terminal,0
IA006079,2026-07-03T17:46:23,STF1177,staff,IT,Retail-POS-Backend,sso_password,success,airport-terminal,0
IA004830,2026-07-03T18:02:09,STF1174,staff,Ground Operations,Staff-VPN,badge+pin,success,airport-terminal,0
IA002871,2026-07-03T18:02:26,STF1115,staff,Engineering & Maintenance,Airfield-Ops-Portal,sso_mfa,success,airport-terminal,0
IA001991,2026-07-03T18:07:52,STF1127,staff,Baggage Handling,Baggage-Handling-System,badge+pin,success,airport-terminal,0
IA001984,2026-07-03T18:12:54,STF1041,staff,Security,Departure-Control-System,badge+pin,success,airport-terminal,0
IA003249,2026-07-03T18:24:51,STF1090,staff,Engineering & Maintenance,Cargo-Manifest-System,badge+pin,success,airport-terminal,0
IA004425,2026-07-03T18:48:06,VND2007,vendor,SkyLink Ground Services,Retail-POS-Backend,sso_password,success,vendor-remote-site,0
IA003885,2026-07-03T18:51:46,STF1044,staff,Ground Operations,Gate-Management-System,badge+pin,success,airport-terminal,0
IA000722,2026-07-03T19:10:49,VND2018,vendor,Falcon Cargo Handling,HR-Self-Service,vpn_certificate,success,airport-terminal,0
IA000151,2026-07-03T19:11:06,STF1158,staff,Baggage Handling,Airfield-Ops-Portal,sso_mfa,success,airport-terminal,0
IA003043,2026-07-03T19:22:28,STF1153,staff,Ground Operations,Cargo-Manifest-System,sso_mfa,success,airport-terminal,0
IA005896,2026-07-03T19:25:25,STF1060,staff,Retail Concessions,Baggage-Handling-System,vpn_password,success,airport-terminal,0
IA003735,2026-07-03T19:29:18,STF1050,staff,Ground Operations,HR-Self-Service,sso_password,success,airport-terminal,0
IA000884,2026-07-03T19:35:20,STF1073,staff,Gate Services,Departure-Control-System,sso_password,success,airport-terminal,0
IA001156,2026-07-03T19:36:12,VND2015,vendor,AeroFuel Solutions,Staff-VPN,sso_mfa,success,vendor-remote-site,0
IA005536,2026-07-03T19:36:41,STF1117,staff,IT,Cargo-Manifest-System,badge+pin,success,airport-terminal,0
IA004491,2026-07-03T19:58:27,STF1039,staff,Engineering & Maintenance,Cargo-Manifest-System,vpn_password,success,airport-terminal,0
IA003920,2026-07-03T20:04:24,STF1051,staff,Retail Concessions,Departure-Control-System,vpn_password,success,airport-terminal,0
IA002692,2026-07-03T20:06:04,STF1051,staff,Retail Concessions,Retail-POS-Backend,sso_mfa,success,airport-terminal,0
IA000789,2026-07-03T20:15:18,VND2017,vendor,Horizon Cleaning Services,Maintenance-Ticketing,vpn_password,success,vendor-remote-site,0
IA002991,2026-07-03T20:20:45,STF1099,staff,Baggage Handling,Gate-Management-System,sso_password,success,airport-terminal,0
IA005146,2026-07-03T20:20:54,STF1127,staff,Baggage Handling,Retail-POS-Backend,vpn_certificate,success,airport-terminal,0
IA005564,2026-07-03T20:25:24,STF1081,staff,Cargo,Maintenance-Ticketing,sso_mfa,success,airport-terminal,0
IA005530,2026-07-03T20:35:33,VND2008,vendor,SkyLink Ground Services,Gate-Management-System,sso_password,success,vendor-remote-site,0
IA004568,2026-07-03T20:42:52,STF1015,staff,Gate Services,Cargo-Manifest-System,sso_password,success,airport-terminal,0
IA003370,2026-07-03T20:47:42,STF1159,staff,Engineering & Maintenance,Cargo-Manifest-System,vpn_certificate,success,airport-terminal,0
IA006015,2026-07-03T20:51:41,STF1138,staff,Security,Gate-Management-System,badge+pin,success,airport-terminal,0
IA003401,2026-07-03T21:06:49,STF1114,staff,Gate Services,Maintenance-Ticketing,sso_password,success,airport-terminal,0
IA000700,2026-07-03T21:19:58,VND2012,vendor,AeroFuel Solutions,HR-Self-Service,vpn_certificate,success,vendor-remote-site,0
IA001704,2026-07-03T21:21:33,VND2014,vendor,AeroFuel Solutions,Retail-POS-Backend,sso_password,success,airport-terminal,0
IA003800,2026-07-03T21:34:06,STF1091,staff,IT,Retail-POS-Backend,sso_password,success,airport-terminal,0
IA002946,2026-07-03T21:37:43,STF1021,staff,Ground Operations,Baggage-Handling-System,badge+pin,success,airport-terminal,0
IA003134,2026-07-03T23:27:35,STF1114,staff,Gate Services,Cargo-Manifest-System,sso_mfa,success,airport-terminal,0
IA003916,2026-07-03T23:52:53,STF1153,staff,Ground Operations,HR-Self-Service,vpn_certificate,success,airport-terminal,0
IA005053,2026-07-04T00:10:19,STF1038,staff,Retail Concessions,HR-Self-Service,sso_password,success,airport-terminal,0
IA003721,2026-07-04T00:48:48,STF1153,staff,Ground Operations,Gate-Management-System,badge+pin,success,airport-terminal,0
IA001736,2026-07-04T01:01:21,STF1073,staff,Gate Services,Gate-Management-System,sso_mfa,success,airport-terminal,0
IA002731,2026-07-04T01:07:05,STF1014,staff,Baggage Handling,Staff-VPN,badge+pin,success,airport-terminal,0
IA000815,2026-07-04T02:19:03,STF1140,staff,Engineering & Maintenance,Staff-VPN,sso_password,success,airport-terminal,0
IA003843,2026-07-04T02:36:33,STF1158,staff,Baggage Handling,Maintenance-Ticketing,sso_password,success,airport-terminal,0
IA004416,2026-07-04T04:05:54,STF1166,staff,Baggage Handling,Retail-POS-Backend,vpn_certificate,success,airport-terminal,0
IA002707,2026-07-04T06:04:56,VND2002,vendor,Horizon Cleaning Services,Gate-Management-System,sso_password,success,airport-terminal,0
IA002397,2026-07-04T06:12:33,VND2002,vendor,Horizon Cleaning Services,Baggage-Handling-System,sso_password,success,vendor-remote-site,0
IA002894,2026-07-04T06:16:43,STF1081,staff,Cargo,Gate-Management-System,sso_password,success,airport-terminal,0
IA005744,2026-07-04T06:20:16,STF1024,staff,Retail Concessions,HR-Self-Service,sso_password,success,airport-terminal,0
IA001235,2026-07-04T06:30:01,STF1072,staff,Retail Concessions,Baggage-Handling-System,badge+pin,success,airport-terminal,0
IA004248,2026-07-04T06:49:56,STF1037,staff,Engineering & Maintenance,Maintenance-Ticketing,vpn_certificate,success,airport-terminal,0
IA000187,2026-07-04T06:54:21,VND2019,vendor,Falcon Cargo Handling,Retail-POS-Backend,sso_mfa,success,airport-terminal,0
IA000656,2026-07-04T07:13:38,VND2011,vendor,Falcon Cargo Handling,Departure-Control-System,vpn_password,success,vendor-remote-site,0
IA001002,2026-07-04T07:15:24,STF1075,staff,Gate Services,Baggage-Handling-System,sso_password,success,airport-terminal,0
IA000562,2026-07-04T07:19:00,STF1163,staff,Retail Concessions,Gate-Management-System,sso_password,fail,airport-terminal,0
IA004379,2026-07-04T07:24:21,STF1151,staff,Baggage Handling,Retail-POS-Backend,sso_mfa,success,airport-terminal,0
IA004029,2026-07-04T07:30:30,VND2000,vendor,SkyLink Ground Services,Maintenance-Ticketing,sso_password,success,airport-terminal,0
IA004493,2026-07-04T07:33:23,STF1129,staff,Security,Maintenance-Ticketing,vpn_password,success,airport-terminal,0
IA004594,2026-07-04T07:34:37,VND2005,vendor,AeroFuel Solutions,Gate-Management-System,badge+pin,success,airport-terminal,0
IA002975,2026-07-04T07:42:53,STF1017,staff,Gate Services,Maintenance-Ticketing,sso_password,success,airport-terminal,0
IA002992,2026-07-04T07:48:56,STF1063,staff,Retail Concessions,Retail-POS-Backend,badge+pin,fail,airport-terminal,0
IA004539,2026-07-04T07:53:27,VND2031,vendor,Meridian Aircraft Maintenance,Maintenance-Ticketing,vpn_password,success,vendor-remote-site,0
IA000298,2026-07-04T07:54:10,STF1172,staff,Ground Operations,Baggage-Handling-System,sso_mfa,success,airport-terminal,0
IA000698,2026-07-04T08:08:27,STF1157,staff,Gate Services,HR-Self-Service,sso_password,success,airport-terminal,0
IA001458,2026-07-04T08:34:38,STF1147,staff,Ground Operations,Maintenance-Ticketing,sso_mfa,success,airport-terminal,0
IA005838,2026-07-04T08:39:54,STF1050,staff,Ground Operations,Gate-Management-System,sso_password,success,airport-terminal,0
IA002825,2026-07-04T08:40:36,STF1032,staff,Security,Baggage-Handling-System,vpn_password,success,airport-terminal,0
IA000124,2026-07-04T09:05:51,VND2014,vendor,AeroFuel Solutions,Retail-POS-Backend,sso_password,success,vendor-remote-site,0
IA004596,2026-07-04T09:09:27,STF1139,staff,Gate Services,HR-Self-Service,sso_password,success,airport-terminal,0
IA004608,2026-07-04T09:10:31,VND2013,vendor,Falcon Cargo Handling,Departure-Control-System,badge+pin,success,airport-terminal,0
IA002772,2026-07-04T09:18:21,STF1022,staff,Ground Operations,Gate-Management-System,vpn_password,success,airport-terminal,0
IA001756,2026-07-04T09:20:48,STF1136,staff,Baggage Handling,Staff-VPN,badge+pin,success,airport-terminal,0
IA005632,2026-07-04T09:22:43,STF1045,staff,Baggage Handling,Airfield-Ops-Portal,vpn_certificate,success,airport-terminal,0
IA006155,2026-07-04T09:26:46,STF1080,staff,Cargo,Baggage-Handling-System,sso_password,success,airport-terminal,0
IA002646,2026-07-04T09:35:07,STF1075,staff,Gate Services,Maintenance-Ticketing,badge+pin,success,airport-terminal,0
IA004751,2026-07-04T09:35:20,STF1089,staff,Retail Concessions,Cargo-Manifest-System,badge+pin,success,airport-terminal,0
IA003127,2026-07-04T09:56:32,STF1178,staff,Engineering & Maintenance,Baggage-Handling-System,sso_password,fail,airport-terminal,0
IA001220,2026-07-04T10:15:07,VND2003,vendor,Falcon Cargo Handling,Airfield-Ops-Portal,sso_password,success,airport-terminal,0
IA000353,2026-07-04T10:18:52,STF1082,staff,Retail Concessions,Maintenance-Ticketing,sso_mfa,success,airport-terminal,0
IA006074,2026-07-04T10:59:40,STF1018,staff,Engineering & Maintenance,Staff-VPN,sso_password,success,airport-terminal,1
IA003429,2026-07-04T11:04:32,VND2013,vendor,Falcon Cargo Handling,Gate-Management-System,sso_password,success,airport-terminal,0
IA000122,2026-07-04T11:06:33,STF1095,staff,Retail Concessions,Gate-Management-System,sso_mfa,success,airport-terminal,0
IA006004,2026-07-04T11:36:19,STF1032,staff,Security,Airfield-Ops-Portal,vpn_password,success,airport-terminal,0
IA004692,2026-07-04T11:42:01,VND2024,vendor,AeroFuel Solutions,Airfield-Ops-Portal,sso_password,success,airport-terminal,0
IA001369,2026-07-04T11:45:19,STF1055,staff,Cargo,Maintenance-Ticketing,sso_password,success,airport-terminal,0
IA002329,2026-07-04T11:46:22,STF1100,staff,Engineering & Maintenance,Baggage-Handling-System,vpn_certificate,success,airport-terminal,0
IA003984,2026-07-04T11:48:27,VND2025,vendor,SkyLink Ground Services,Departure-Control-System,badge+pin,success,airport-terminal,0
IA005708,2026-07-04T11:58:09,STF1163,staff,Retail Concessions,Baggage-Handling-System,badge+pin,fail,airport-terminal,0
IA005812,2026-07-04T12:02:14,STF1118,staff,Engineering & Maintenance,HR-Self-Service,vpn_password,success,airport-terminal,0
IA003212,2026-07-04T12:06:02,VND2000,vendor,SkyLink Ground Services,Staff-VPN,sso_mfa,success,vendor-remote-site,0
IA004837,2026-07-04T12:13:22,STF1123,staff,Baggage Handling,Departure-Control-System,badge+pin,success,airport-terminal,0
IA003904,2026-07-04T12:45:18,VND2015,vendor,AeroFuel Solutions,Cargo-Manifest-System,sso_password,success,airport-terminal,0
IA000535,2026-07-04T13:02:53,STF1041,staff,Security,Cargo-Manifest-System,badge+pin,success,airport-terminal,0
IA006072,2026-07-04T13:05:22,STF1142,staff,Gate Services,Maintenance-Ticketing,badge+pin,success,airport-terminal,0
IA001188,2026-07-04T13:07:08,STF1076,staff,Baggage Handling,Maintenance-Ticketing,badge+pin,success,airport-terminal,0
IA004904,2026-07-04T13:09:03,STF1010,staff,Gate Services,Retail-POS-Backend,sso_mfa,success,airport-terminal,0
IA002631,2026-07-04T13:11:07,STF1090,staff,Engineering & Maintenance,HR-Self-Service,badge+pin,success,airport-terminal,0
IA004327,2026-07-04T13:11:53,STF1052,staff,Cargo,HR-Self-Service,badge+pin,success,airport-terminal,0
IA000145,2026-07-04T13:12:16,STF1068,staff,Ground Operations,Retail-POS-Backend,badge+pin,success,airport-terminal,0
IA003467,2026-07-04T13:34:13,STF1152,staff,Ground Operations,Gate-Management-System,sso_password,success,airport-terminal,0
IA003580,2026-07-04T13:52:21,VND2028,vendor,Horizon Cleaning Services,Gate-Management-System,sso_password,success,airport-terminal,0
IA000222,2026-07-04T13:53:02,STF1018,staff,Engineering & Maintenance,Baggage-Handling-System,sso_password,fail,airport-terminal,1
IA000097,2026-07-04T14:13:54,VND2009,vendor,Falcon Cargo Handling,HR-Self-Service,sso_mfa,success,airport-terminal,0
IA002598,2026-07-04T14:19:37,STF1127,staff,Baggage Handling,Retail-POS-Backend,vpn_certificate,success,airport-terminal,0
IA001863,2026-07-04T14:30:43,STF1021,staff,Ground Operations,Airfield-Ops-Portal,badge+pin,success,airport-terminal,0
IA002954,2026-07-04T14:48:31,STF1160,staff,Gate Services,Retail-POS-Backend,badge+pin,success,airport-terminal,0
IA003556,2026-07-04T14:51:43,STF1124,staff,Gate Services,Departure-Control-System,badge+pin,success,airport-terminal,0
IA004286,2026-07-04T14:58:01,STF1141,staff,Retail Concessions,Cargo-Manifest-System,vpn_password,success,airport-terminal,0
IA003076,2026-07-04T15:07:39,STF1131,staff,Engineering & Maintenance,Gate-Management-System,badge+pin,success,airport-terminal,0
IA005823,2026-07-04T15:13:28,STF1085,staff,Gate Services,Staff-VPN,badge+pin,success,airport-terminal,0
IA000936,2026-07-04T15:20:15,STF1048,staff,Retail Concessions,HR-Self-Service,sso_password,success,airport-terminal,0
IA001787,2026-07-04T15:24:39,STF1064,staff,Cargo,Cargo-Manifest-System,vpn_certificate,success,airport-terminal,0
IA002746,2026-07-04T15:35:22,STF1168,staff,Gate Services,Maintenance-Ticketing,sso_password,success,airport-terminal,0
IA003550,2026-07-04T15:40:15,STF1056,staff,IT,Maintenance-Ticketing,badge+pin,success,airport-terminal,0
IA004816,2026-07-04T15:41:17,STF1074,staff,Baggage Handling,Departure-Control-System,vpn_password,success,airport-terminal,0
IA001624,2026-07-04T15:41:17,STF1103,staff,Retail Concessions,Gate-Management-System,badge+pin,success,airport-terminal,0
IA000661,2026-07-04T15:48:47,STF1023,staff,Baggage Handling,Retail-POS-Backend,vpn_password,success,airport-terminal,0
IA000807,2026-07-04T16:01:18,VND2022,vendor,Falcon Cargo Handling,Baggage-Handling-System,sso_password,success,vendor-remote-site,0
IA000007,2026-07-04T16:10:39,STF1099,staff,Baggage Handling,Gate-Management-System,badge+pin,success,airport-terminal,0
IA004945,2026-07-04T16:14:25,VND2022,vendor,Falcon Cargo Handling,Baggage-Handling-System,sso_password,success,airport-terminal,0
IA002271,2026-07-04T16:18:57,STF1154,staff,Ground Operations,Cargo-Manifest-System,sso_mfa,success,airport-terminal,0
IA004459,2026-07-04T16:25:54,VND2025,vendor,SkyLink Ground Services,Staff-VPN,badge+pin,success,airport-terminal,0
IA005542,2026-07-04T16:26:06,STF1125,staff,Retail Concessions,Cargo-Manifest-System,sso_mfa,success,airport-terminal,0
IA003202,2026-07-04T16:33:38,STF1175,staff,Ground Operations,HR-Self-Service,sso_mfa,success,airport-terminal,0
IA003618,2026-07-04T16:39:51,STF1106,staff,Retail Concessions,Retail-POS-Backend,sso_password,success,airport-terminal,0
IA000259,2026-07-04T16:41:21,STF1021,staff,Ground Operations,Cargo-Manifest-System,sso_password,success,airport-terminal,0
IA000682,2026-07-04T16:54:15,STF1139,staff,Gate Services,Departure-Control-System,vpn_certificate,success,airport-terminal,0
IA004071,2026-07-04T16:59:14,STF1147,staff,Ground Operations,Cargo-Manifest-System,badge+pin,fail,airport-terminal,0
IA002337,2026-07-04T17:00:42,STF1102,staff,IT,Retail-POS-Backend,sso_password,success,airport-terminal,0
IA001435,2026-07-04T17:03:34,STF1035,staff,Retail Concessions,Staff-VPN,vpn_password,success,airport-terminal,0
IA000121,2026-07-04T17:05:08,STF1173,staff,Baggage Handling,Retail-POS-Backend,sso_password,success,airport-terminal,0
IA003266,2026-07-04T17:05:20,STF1093,staff,Retail Concessions,Maintenance-Ticketing,sso_password,success,airport-terminal,0
IA004194,2026-07-04T17:30:20,VND2022,vendor,Falcon Cargo Handling,Gate-Management-System,badge+pin,success,vendor-remote-site,0
IA003659,2026-07-04T17:38:24,VND2001,vendor,Meridian Aircraft Maintenance,Staff-VPN,sso_mfa,success,airport-terminal,0
IA005358,2026-07-04T18:03:43,STF1154,staff,Ground Operations,Departure-Control-System,badge+pin,success,airport-terminal,0
IA003583,2026-07-04T18:06:21,STF1042,staff,Retail Concessions,Staff-VPN,sso_password,success,airport-terminal,0
IA000819,2026-07-04T18:13:49,VND2032,vendor,AeroFuel Solutions,Staff-VPN,badge+pin,success,airport-terminal,0
IA000250,2026-07-04T18:42:10,STF1031,staff,Cargo,Staff-VPN,sso_password,success,airport-terminal,0
IA005561,2026-07-04T18:55:22,VND2015,vendor,AeroFuel Solutions,HR-Self-Service,badge+pin,success,vendor-remote-site,0
IA002814,2026-07-04T18:59:25,STF1127,staff,Baggage Handling,Gate-Management-System,sso_password,success,airport-terminal,0
IA001498,2026-07-04T18:59:50,STF1015,staff,Gate Services,Cargo-Manifest-System,badge+pin,success,airport-terminal,0
IA001196,2026-07-04T19:23:34,STF1131,staff,Engineering & Maintenance,Departure-Control-System,badge+pin,success,airport-terminal,0
IA002088,2026-07-04T19:33:26,VND2008,vendor,SkyLink Ground Services,HR-Self-Service,badge+pin,success,vendor-remote-site,0
IA003452,2026-07-04T19:35:58,STF1072,staff,Retail Concessions,Maintenance-Ticketing,badge+pin,success,airport-terminal,0
IA005452,2026-07-04T19:51:12,VND2034,vendor,SkyLink Ground Services,Retail-POS-Backend,sso_password,success,vendor-remote-site,0
IA006170,2026-07-04T20:25:55,STF1043,staff,Cargo,Cargo-Manifest-System,badge+pin,success,airport-terminal,0
IA006186,2026-07-04T20:29:49,STF1099,staff,Baggage Handling,Retail-POS-Backend,sso_mfa,success,airport-terminal,0
IA000515,2026-07-04T20:30:45,STF1036,staff,Gate Services,Baggage-Handling-System,sso_mfa,success,airport-terminal,0
IA000355,2026-07-04T21:16:07,STF1078,staff,Baggage Handling,Airfield-Ops-Portal,sso_mfa,success,airport-terminal,0
IA002586,2026-07-04T21:27:48,STF1137,staff,Retail Concessions,Baggage-Handling-System,badge+pin,success,airport-terminal,0
IA001719,2026-07-04T21:31:03,STF1068,staff,Ground Operations,Cargo-Manifest-System,sso_password,success,airport-terminal,0
IA001910,2026-07-05T00:04:54,STF1019,staff,Cargo,Maintenance-Ticketing,badge+pin,success,airport-terminal,0
IA005362,2026-07-05T00:25:03,STF1018,staff,Engineering & Maintenance,Departure-Control-System,vpn_password,success,airport-terminal,1
IA000991,2026-07-05T00:56:53,STF1015,staff,Gate Services,Departure-Control-System,vpn_password,success,airport-terminal,0
IA002119,2026-07-05T01:13:50,STF1006,staff,Retail Concessions,Departure-Control-System,badge+pin,success,airport-terminal,0
IA000590,2026-07-05T01:19:49,STF1041,staff,Security,Airfield-Ops-Portal,vpn_password,success,airport-terminal,0
IA004019,2026-07-05T02:42:52,STF1003,staff,IT,Gate-Management-System,sso_mfa,success,airport-terminal,0
IA002654,2026-07-05T02:55:42,STF1113,staff,IT,Cargo-Manifest-System,vpn_certificate,success,airport-terminal,0
IA004974,2026-07-05T03:19:10,STF1167,staff,Retail Concessions,Staff-VPN,vpn_password,fail,airport-terminal,1
IA003691,2026-07-05T04:19:30,STF1137,staff,Retail Concessions,Gate-Management-System,vpn_certificate,success,airport-terminal,0
IA000602,2026-07-05T04:52:05,STF1160,staff,Gate Services,Departure-Control-System,sso_password,success,airport-terminal,1
IA001494,2026-07-05T06:35:20,STF1140,staff,Engineering & Maintenance,Baggage-Handling-System,sso_mfa,success,airport-terminal,0
IA001317,2026-07-05T06:37:47,STF1106,staff,Retail Concessions,Airfield-Ops-Portal,badge+pin,success,airport-terminal,0
IA000855,2026-07-05T06:40:58,STF1125,staff,Retail Concessions,Maintenance-Ticketing,vpn_password,fail,airport-terminal,0
IA003925,2026-07-05T06:41:25,STF1002,staff,Ground Operations,HR-Self-Service,badge+pin,success,airport-terminal,0
IA004393,2026-07-05T06:41:36,STF1069,staff,Baggage Handling,HR-Self-Service,sso_password,success,airport-terminal,0
IA005760,2026-07-05T06:58:29,STF1143,staff,Engineering & Maintenance,Retail-POS-Backend,sso_password,fail,airport-terminal,0
IA001725,2026-07-05T07:00:07,STF1121,staff,Security,Staff-VPN,sso_mfa,success,airport-terminal,0
IA000347,2026-07-05T07:04:48,STF1003,staff,IT,Retail-POS-Backend,vpn_certificate,success,airport-terminal,0
IA005614,2026-07-05T07:10:34,STF1110,staff,Security,Airfield-Ops-Portal,badge+pin,success,airport-terminal,0
IA004243,2026-07-05T07:30:40,STF1049,staff,Retail Concessions,Staff-VPN,vpn_certificate,fail,airport-terminal,0
IA001962,2026-07-05T07:41:39,STF1139,staff,Gate Services,Departure-Control-System,sso_password,fail,airport-terminal,0
IA004807,2026-07-05T07:49:31,STF1164,staff,Ground Operations,Retail-POS-Backend,vpn_certificate,success,airport-terminal,0
IA002878,2026-07-05T08:40:52,STF1026,staff,Gate Services,Airfield-Ops-Portal,sso_password,success,airport-terminal,0
IA004042,2026-07-05T08:49:41,VND2005,vendor,AeroFuel Solutions,HR-Self-Service,badge+pin,success,vendor-remote-site,0
IA004811,2026-07-05T09:10:19,VND2002,vendor,Horizon Cleaning Services,Gate-Management-System,sso_mfa,fail,vendor-remote-site,0
IA004586,2026-07-05T09:20:45,STF1021,staff,Ground Operations,Departure-Control-System,vpn_certificate,success,airport-terminal,0
IA005332,2026-07-05T09:29:54,VND2034,vendor,SkyLink Ground Services,Departure-Control-System,badge+pin,success,airport-terminal,0
IA002931,2026-07-05T09:35:34,STF1080,staff,Cargo,Baggage-Handling-System,sso_mfa,success,airport-terminal,0
IA003118,2026-07-05T09:45:16,STF1129,staff,Security,Baggage-Handling-System,vpn_certificate,success,airport-terminal,0
IA005562,2026-07-05T10:10:31,VND2031,vendor,Meridian Aircraft Maintenance,Gate-Management-System,sso_password,success,vendor-remote-site,0
IA004947,2026-07-05T10:18:10,VND2033,vendor,Meridian Aircraft Maintenance,Cargo-Manifest-System,badge+pin,success,airport-terminal,0
IA002809,2026-07-05T10:30:58,VND2003,vendor,Falcon Cargo Handling,Cargo-Manifest-System,sso_mfa,success,airport-terminal,0
IA003312,2026-07-05T10:51:14,STF1129,staff,Security,Retail-POS-Backend,vpn_certificate,success,airport-terminal,0
IA005572,2026-07-05T10:53:15,STF1028,staff,IT,Departure-Control-System,sso_password,success,airport-terminal,0
IA004120,2026-07-05T10:55:51,VND2022,vendor,Falcon Cargo Handling,HR-Self-Service,badge+pin,success,vendor-remote-site,0
IA004523,2026-07-05T11:09:40,VND2033,vendor,Meridian Aircraft Maintenance,Departure-Control-System,sso_password,success,airport-terminal,1
IA003332,2026-07-05T11:25:29,VND2007,vendor,SkyLink Ground Services,Airfield-Ops-Portal,vpn_certificate,success,airport-terminal,0
IA004216,2026-07-05T11:34:52,STF1030,staff,Baggage Handling,Maintenance-Ticketing,badge+pin,success,airport-terminal,0
IA004261,2026-07-05T11:35:30,STF1120,staff,Engineering & Maintenance,Baggage-Handling-System,sso_mfa,fail,airport-terminal,0
IA001469,2026-07-05T11:35:36,STF1171,staff,Retail Concessions,Airfield-Ops-Portal,sso_mfa,success,airport-terminal,0
IA006144,2026-07-05T11:40:02,STF1054,staff,Security,Baggage-Handling-System,vpn_password,success,airport-terminal,0
IA003464,2026-07-05T11:44:59,STF1110,staff,Security,Maintenance-Ticketing,sso_mfa,fail,airport-terminal,0
IA001543,2026-07-05T11:49:42,STF1072,staff,Retail Concessions,Retail-POS-Backend,sso_mfa,success,airport-terminal,0
IA002338,2026-07-05T11:50:01,STF1013,staff,Cargo,Retail-POS-Backend,vpn_password,success,airport-terminal,0
IA006113,2026-07-05T11:53:09,VND2022,vendor,Falcon Cargo Handling,HR-Self-Service,sso_mfa,success,vendor-remote-site,0
IA001840,2026-07-05T12:03:40,VND2020,vendor,Coastal Catering Co,Cargo-Manifest-System,sso_password,success,airport-terminal,0
IA001906,2026-07-05T12:15:11,STF1030,staff,Baggage Handling,HR-Self-Service,sso_mfa,success,airport-terminal,0
IA004842,2026-07-05T12:28:07,VND2021,vendor,Falcon Cargo Handling,Gate-Management-System,badge+pin,success,airport-terminal,0
IA005749,2026-07-05T12:38:29,STF1081,staff,Cargo,Retail-POS-Backend,badge+pin,success,airport-terminal,0
IA004512,2026-07-05T12:48:43,STF1164,staff,Ground Operations,Maintenance-Ticketing,vpn_certificate,success,airport-terminal,0
IA004624,2026-07-05T12:50:43,STF1094,staff,IT,Cargo-Manifest-System,badge+pin,success,airport-terminal,0
IA003407,2026-07-05T12:54:36,STF1049,staff,Retail Concessions,Baggage-Handling-System,sso_password,success,airport-terminal,0
IA003685,2026-07-05T12:56:13,STF1147,staff,Ground Operations,Airfield-Ops-Portal,sso_password,success,airport-terminal,0
IA004803,2026-07-05T12:57:48,VND2012,vendor,AeroFuel Solutions,Staff-VPN,sso_password,success,vendor-remote-site,0
IA004740,2026-07-05T13:07:59,STF1052,staff,Cargo,Gate-Management-System,sso_password,success,airport-terminal,0
IA004988,2026-07-05T13:08:30,STF1104,staff,Gate Services,Retail-POS-Backend,badge+pin,success,airport-terminal,0
IA005556,2026-07-05T13:12:46,STF1126,staff,IT,Departure-Control-System,sso_password,success,airport-terminal,0
IA000321,2026-07-05T13:14:14,STF1130,staff,Engineering & Maintenance,Airfield-Ops-Portal,sso_mfa,success,airport-terminal,0
IA002743,2026-07-05T13:20:27,STF1129,staff,Security,Airfield-Ops-Portal,vpn_password,success,airport-terminal,0
IA006064,2026-07-05T13:22:04,STF1096,staff,Security,Departure-Control-System,sso_mfa,success,airport-terminal,0
IA001873,2026-07-05T13:27:11,VND2016,vendor,AeroFuel Solutions,Retail-POS-Backend,sso_mfa,success,vendor-remote-site,0
IA005080,2026-07-05T13:28:21,STF1108,staff,Security,Baggage-Handling-System,vpn_certificate,success,airport-terminal,0
IA000081,2026-07-05T13:37:04,STF1051,staff,Retail Concessions,Staff-VPN,sso_password,success,airport-terminal,0
IA004572,2026-07-05T13:44:15,VND2021,vendor,Falcon Cargo Handling,Airfield-Ops-Portal,sso_mfa,success,airport-terminal,0
IA000622,2026-07-05T13:44:25,STF1155,staff,Cargo,Cargo-Manifest-System,sso_password,success,airport-terminal,0
IA005460,2026-07-05T14:07:17,VND2006,vendor,Coastal Catering Co,Airfield-Ops-Portal,vpn_certificate,success,vendor-remote-site,0
IA000373,2026-07-05T14:14:13,VND2010,vendor,SkyLink Ground Services,Retail-POS-Backend,sso_password,fail,airport-terminal,0
IA003692,2026-07-05T14:21:35,VND2012,vendor,AeroFuel Solutions,Retail-POS-Backend,badge+pin,success,airport-terminal,0
IA005548,2026-07-05T14:28:02,STF1084,staff,IT,Airfield-Ops-Portal,badge+pin,success,airport-terminal,0
IA003388,2026-07-05T14:28:22,STF1008,staff,Ground Operations,Cargo-Manifest-System,badge+pin,success,airport-terminal,0
IA003027,2026-07-05T14:37:06,STF1022,staff,Ground Operations,Gate-Management-System,sso_mfa,success,airport-terminal,0
IA001741,2026-07-05T14:47:25,STF1144,staff,Security,Departure-Control-System,vpn_certificate,success,airport-terminal,0
IA000541,2026-07-05T14:50:45,STF1152,staff,Ground Operations,Maintenance-Ticketing,badge+pin,success,airport-terminal,0
IA004768,2026-07-05T14:53:50,VND2002,vendor,Horizon Cleaning Services,Departure-Control-System,badge+pin,success,vendor-remote-site,0
IA003625,2026-07-05T14:58:46,STF1100,staff,Engineering & Maintenance,Departure-Control-System,badge+pin,success,airport-terminal,0
IA005490,2026-07-05T15:01:54,VND2014,vendor,AeroFuel Solutions,Airfield-Ops-Portal,sso_password,success,vendor-remote-site,0
IA002519,2026-07-05T15:02:04,STF1155,staff,Cargo,Airfield-Ops-Portal,vpn_password,success,airport-terminal,0
IA004567,2026-07-05T15:02:21,STF1117,staff,IT,HR-Self-Service,sso_mfa,success,airport-terminal,0
IA002262,2026-07-05T15:12:17,STF1139,staff,Gate Services,HR-Self-Service,sso_password,success,airport-terminal,0
IA003037,2026-07-05T15:14:46,VND2020,vendor,Coastal Catering Co,Departure-Control-System,badge+pin,success,airport-terminal,0
IA002750,2026-07-05T15:16:43,STF1136,staff,Baggage Handling,Staff-VPN,badge+pin,fail,airport-terminal,0
IA002130,2026-07-05T16:08:36,VND2000,vendor,SkyLink Ground Services,Staff-VPN,sso_mfa,success,vendor-remote-site,0
IA004374,2026-07-05T16:25:19,STF1170,staff,Baggage Handling,Cargo-Manifest-System,vpn_certificate,success,airport-terminal,0
IA004342,2026-07-05T16:32:46,STF1047,staff,Gate Services,Cargo-Manifest-System,badge+pin,success,airport-terminal,0
IA002965,2026-07-05T16:37:08,STF1012,staff,IT,Maintenance-Ticketing,sso_mfa,success,airport-terminal,0
IA001946,2026-07-05T16:38:19,STF1020,staff,Ground Operations,Departure-Control-System,vpn_certificate,success,airport-terminal,0
IA003507,2026-07-05T16:39:05,STF1021,staff,Ground Operations,HR-Self-Service,sso_password,success,airport-terminal,0
IA003358,2026-07-05T16:40:52,STF1113,staff,IT,Cargo-Manifest-System,badge+pin,success,airport-terminal,0
IA000620,2026-07-05T16:43:12,STF1004,staff,IT,Maintenance-Ticketing,vpn_certificate,success,airport-terminal,0
IA003675,2026-07-05T17:21:11,STF1006,staff,Retail Concessions,Baggage-Handling-System,sso_mfa,success,airport-terminal,0
IA001015,2026-07-05T17:21:30,STF1077,staff,Gate Services,HR-Self-Service,vpn_password,success,airport-terminal,0
IA000265,2026-07-05T17:35:24,STF1011,staff,Retail Concessions,Baggage-Handling-System,sso_mfa,success,airport-terminal,0
IA005693,2026-07-05T17:42:18,VND2010,vendor,SkyLink Ground Services,Cargo-Manifest-System,sso_password,success,airport-terminal,0
IA001668,2026-07-05T17:53:11,STF1080,staff,Cargo,Baggage-Handling-System,sso_mfa,success,airport-terminal,0
IA000802,2026-07-05T17:56:32,STF1065,staff,Security,Staff-VPN,sso_mfa,success,airport-terminal,0
IA001101,2026-07-05T18:02:59,STF1057,staff,Cargo,Departure-Control-System,sso_password,success,airport-terminal,0
IA001523,2026-07-05T18:08:23,STF1132,staff,Cargo,HR-Self-Service,sso_password,success,airport-terminal,0
IA005904,2026-07-05T18:09:06,STF1082,staff,Retail Concessions,Departure-Control-System,sso_password,success,airport-terminal,0
IA001376,2026-07-05T18:16:32,STF1072,staff,Retail Concessions,Maintenance-Ticketing,sso_password,success,airport-terminal,0
IA005421,2026-07-05T18:26:39,STF1030,staff,Baggage Handling,Retail-POS-Backend,sso_mfa,success,airport-terminal,0
IA004363,2026-07-05T18:27:13,STF1163,staff,Retail Concessions,Cargo-Manifest-System,sso_mfa,success,airport-terminal,0
IA000317,2026-07-05T18:54:11,STF1100,staff,Engineering & Maintenance,Staff-VPN,sso_mfa,success,airport-terminal,0
IA001610,2026-07-05T19:02:14,VND2020,vendor,Coastal Catering Co,Cargo-Manifest-System,sso_password,success,airport-terminal,0
IA004805,2026-07-05T19:08:13,STF1118,staff,Engineering & Maintenance,Cargo-Manifest-System,sso_mfa,success,airport-terminal,0
IA001025,2026-07-05T19:12:44,STF1169,staff,Ground Operations,Staff-VPN,sso_password,success,airport-terminal,1
IA003764,2026-07-05T19:17:28,STF1020,staff,Ground Operations,Departure-Control-System,vpn_password,success,airport-terminal,0
IA004256,2026-07-05T19:26:52,STF1040,staff,Cargo,HR-Self-Service,badge+pin,success,airport-terminal,0
IA005429,2026-07-05T19:49:12,STF1010,staff,Gate Services,Staff-VPN,vpn_password,success,airport-terminal,0
IA002687,2026-07-05T19:53:39,STF1176,staff,Engineering & Maintenance,Cargo-Manifest-System,badge+pin,success,airport-terminal,0
IA004642,2026-07-05T20:03:03,STF1177,staff,IT,Retail-POS-Backend,badge+pin,success,airport-terminal,0
IA005248,2026-07-05T20:14:26,STF1167,staff,Retail Concessions,Airfield-Ops-Portal,vpn_certificate,success,airport-terminal,0
IA003349,2026-07-05T20:18:50,STF1064,staff,Cargo,Staff-VPN,sso_mfa,success,airport-terminal,0
IA003221,2026-07-05T20:27:49,STF1173,staff,Baggage Handling,HR-Self-Service,vpn_certificate,success,airport-terminal,0
IA003427,2026-07-05T20:51:57,STF1116,staff,IT,Cargo-Manifest-System,sso_mfa,success,airport-terminal,0
IA004276,2026-07-05T20:55:37,STF1112,staff,Cargo,Departure-Control-System,vpn_certificate,success,airport-terminal,0
IA006176,2026-07-05T20:58:25,VND2020,vendor,Coastal Catering Co,Departure-Control-System,vpn_certificate,success,airport-terminal,0
IA005273,2026-07-05T21:04:09,VND2002,vendor,Horizon Cleaning Services,Cargo-Manifest-System,badge+pin,success,airport-terminal,0
IA005927,2026-07-05T21:04:49,STF1058,staff,Gate Services,Gate-Management-System,badge+pin,success,airport-terminal,0
IA004502,2026-07-05T21:15:25,STF1119,staff,Baggage Handling,Gate-Management-System,sso_mfa,fail,airport-terminal,0
IA003491,2026-07-05T21:20:02,VND2002,vendor,Horizon Cleaning Services,Gate-Management-System,sso_password,fail,airport-terminal,0
IA004991,2026-07-05T21:28:55,VND2007,vendor,SkyLink Ground Services,Airfield-Ops-Portal,badge+pin,success,airport-terminal,0
IA004706,2026-07-05T21:35:48,STF1012,staff,IT,Retail-POS-Backend,sso_mfa,success,airport-terminal,0
IA005832,2026-07-05T21:36:19,STF1155,staff,Cargo,Baggage-Handling-System,badge+pin,success,airport-terminal,0
IA002099,2026-07-05T21:53:43,STF1006,staff,Retail Concessions,Maintenance-Ticketing,sso_password,success,airport-terminal,0
IA004562,2026-07-05T23:14:10,VND2021,vendor,Falcon Cargo Handling,Gate-Management-System,sso_mfa,success,vendor-remote-site,0
IA005151,2026-07-05T23:23:57,STF1135,staff,Security,Maintenance-Ticketing,badge+pin,success,airport-terminal,0
IA004258,2026-07-05T23:26:08,VND2002,vendor,Horizon Cleaning Services,Airfield-Ops-Portal,vpn_certificate,success,vendor-remote-site,0
IA006097,2026-07-06T01:15:35,STF1169,staff,Ground Operations,Departure-Control-System,sso_password,success,airport-terminal,1
IA004880,2026-07-06T02:16:54,STF1165,staff,Cargo,Cargo-Manifest-System,sso_mfa,success,airport-terminal,0
IA005643,2026-07-06T02:17:51,STF1149,staff,Cargo,Baggage-Handling-System,vpn_password,success,airport-terminal,1
IA001918,2026-07-06T02:36:19,STF1154,staff,Ground Operations,Gate-Management-System,vpn_password,success,airport-terminal,0
IA002379,2026-07-06T03:02:18,STF1160,staff,Gate Services,Departure-Control-System,sso_password,success,airport-terminal,1
IA004355,2026-07-06T03:33:19,STF1010,staff,Gate Services,Maintenance-Ticketing,sso_mfa,fail,airport-terminal,0
IA005443,2026-07-06T03:49:06,VND2013,vendor,Falcon Cargo Handling,HR-Self-Service,badge+pin,fail,airport-terminal,0
IA001485,2026-07-06T04:13:59,VND2023,vendor,SkyLink Ground Services,Baggage-Handling-System,vpn_password,success,vendor-remote-site,1
IA001961,2026-07-06T06:11:47,STF1075,staff,Gate Services,Baggage-Handling-System,badge+pin,success,airport-terminal,0
IA000076,2026-07-06T06:20:34,STF1138,staff,Security,Cargo-Manifest-System,badge+pin,success,airport-terminal,0
IA001885,2026-07-06T06:29:39,VND2012,vendor,AeroFuel Solutions,Retail-POS-Backend,sso_password,success,airport-terminal,0
IA004036,2026-07-06T06:41:24,STF1059,staff,IT,Baggage-Handling-System,badge+pin,success,airport-terminal,0
IA004192,2026-07-06T06:45:28,STF1153,staff,Ground Operations,Gate-Management-System,sso_mfa,success,airport-terminal,0
IA004785,2026-07-06T06:53:02,STF1025,staff,Security,Baggage-Handling-System,badge+pin,fail,airport-terminal,0
IA004405,2026-07-06T06:56:27,STF1066,staff,Retail Concessions,Departure-Control-System,badge+pin,success,airport-terminal,0
IA004297,2026-07-06T06:56:49,VND2016,vendor,AeroFuel Solutions,Maintenance-Ticketing,sso_password,success,vendor-remote-site,0
IA000503,2026-07-06T06:57:07,VND2027,vendor,Meridian Aircraft Maintenance,Maintenance-Ticketing,sso_mfa,success,airport-terminal,0
IA003088,2026-07-06T07:04:53,STF1119,staff,Baggage Handling,Staff-VPN,vpn_certificate,success,airport-terminal,0
IA001948,2026-07-06T07:06:40,VND2006,vendor,Coastal Catering Co,Airfield-Ops-Portal,badge+pin,success,vendor-remote-site,0
IA001480,2026-07-06T07:09:30,STF1059,staff,IT,Cargo-Manifest-System,badge+pin,success,airport-terminal,0
IA002457,2026-07-06T07:29:25,STF1065,staff,Security,Departure-Control-System,badge+pin,success,airport-terminal,0
IA003131,2026-07-06T07:30:05,STF1097,staff,Retail Concessions,Staff-VPN,vpn_certificate,success,airport-terminal,0
IA002322,2026-07-06T07:53:17,STF1154,staff,Ground Operations,HR-Self-Service,sso_password,success,airport-terminal,0
IA001442,2026-07-06T08:09:15,STF1006,staff,Retail Concessions,Airfield-Ops-Portal,badge+pin,success,airport-terminal,0
IA003897,2026-07-06T08:11:43,STF1153,staff,Ground Operations,Maintenance-Ticketing,vpn_password,success,airport-terminal,0
IA004923,2026-07-06T08:26:13,STF1174,staff,Ground Operations,Departure-Control-System,badge+pin,fail,airport-terminal,0
IA005990,2026-07-06T08:27:24,STF1091,staff,IT,Retail-POS-Backend,sso_mfa,success,airport-terminal,0
IA005104,2026-07-06T08:39:30,STF1151,staff,Baggage Handling,Retail-POS-Backend,sso_mfa,success,airport-terminal,0
IA000895,2026-07-06T08:41:35,VND2017,vendor,Horizon Cleaning Services,Gate-Management-System,sso_password,success,airport-terminal,0
IA000555,2026-07-06T08:42:52,VND2002,vendor,Horizon Cleaning Services,Retail-POS-Backend,sso_mfa,success,airport-terminal,0
IA001588,2026-07-06T08:43:55,STF1125,staff,Retail Concessions,Airfield-Ops-Portal,sso_mfa,success,airport-terminal,0
IA002614,2026-07-06T08:45:51,STF1161,staff,Ground Operations,Gate-Management-System,sso_mfa,success,airport-terminal,0
IA004834,2026-07-06T08:47:56,VND2010,vendor,SkyLink Ground Services,Cargo-Manifest-System,sso_password,success,airport-terminal,0
IA002342,2026-07-06T09:05:55,VND2003,vendor,Falcon Cargo Handling,Baggage-Handling-System,sso_mfa,success,vendor-remote-site,0
IA003822,2026-07-06T09:10:26,VND2032,vendor,AeroFuel Solutions,Departure-Control-System,vpn_certificate,success,vendor-remote-site,0
IA005392,2026-07-06T09:14:19,STF1006,staff,Retail Concessions,Departure-Control-System,badge+pin,success,airport-terminal,0
IA005967,2026-07-06T09:19:47,STF1135,staff,Security,Cargo-Manifest-System,sso_password,success,airport-terminal,0
IA000489,2026-07-06T09:36:37,STF1027,staff,Baggage Handling,Staff-VPN,sso_password,success,airport-terminal,0
IA002465,2026-07-06T09:36:48,STF1021,staff,Ground Operations,Cargo-Manifest-System,badge+pin,success,airport-terminal,0
IA003093,2026-07-06T09:39:05,VND2008,vendor,SkyLink Ground Services,Staff-VPN,vpn_certificate,success,vendor-remote-site,0
IA000905,2026-07-06T09:39:49,STF1132,staff,Cargo,Departure-Control-System,sso_password,success,airport-terminal,0
IA000210,2026-07-06T09:44:23,STF1004,staff,IT,Departure-Control-System,vpn_password,success,airport-terminal,0
IA002438,2026-07-06T09:48:29,STF1000,staff,Ground Operations,Baggage-Handling-System,badge+pin,success,airport-terminal,0
IA005971,2026-07-06T09:50:31,STF1033,staff,Retail Concessions,Airfield-Ops-Portal,vpn_password,success,airport-terminal,0
IA003895,2026-07-06T09:51:31,STF1175,staff,Ground Operations,Retail-POS-Backend,badge+pin,success,airport-terminal,0
IA000868,2026-07-06T09:52:38,STF1014,staff,Baggage Handling,HR-Self-Service,sso_password,success,airport-terminal,0
IA000162,2026-07-06T10:04:18,STF1047,staff,Gate Services,Baggage-Handling-System,badge+pin,success,airport-terminal,0
IA005700,2026-07-06T10:08:05,VND2022,vendor,Falcon Cargo Handling,HR-Self-Service,sso_mfa,success,vendor-remote-site,0
IA004271,2026-07-06T10:13:45,VND2029,vendor,Horizon Cleaning Services,Baggage-Handling-System,vpn_password,success,airport-terminal,0
IA006180,2026-07-06T10:16:02,VND2028,vendor,Horizon Cleaning Services,Retail-POS-Backend,sso_mfa,success,vendor-remote-site,0
IA002122,2026-07-06T10:33:50,STF1048,staff,Retail Concessions,Cargo-Manifest-System,vpn_certificate,success,airport-terminal,0
IA001754,2026-07-06T10:44:02,STF1076,staff,Baggage Handling,Retail-POS-Backend,badge+pin,success,airport-terminal,0
IA004305,2026-07-06T10:51:39,STF1016,staff,Gate Services,Staff-VPN,badge+pin,success,airport-terminal,0
IA000158,2026-07-06T10:52:34,STF1077,staff,Gate Services,HR-Self-Service,sso_password,success,airport-terminal,0
IA005379,2026-07-06T10:56:58,STF1036,staff,Gate Services,Maintenance-Ticketing,sso_mfa,success,airport-terminal,0
IA000619,2026-07-06T10:58:22,STF1171,staff,Retail Concessions,Baggage-Handling-System,badge+pin,success,airport-terminal,0
IA001394,2026-07-06T11:00:03,VND2000,vendor,SkyLink Ground Services,Gate-Management-System,badge+pin,success,vendor-remote-site,0
IA004003,2026-07-06T11:00:54,VND2001,vendor,Meridian Aircraft Maintenance,Maintenance-Ticketing,sso_mfa,success,vendor-remote-site,0
IA004978,2026-07-06T11:13:03,STF1043,staff,Cargo,Baggage-Handling-System,badge+pin,success,airport-terminal,0
IA001601,2026-07-06T11:30:23,STF1080,staff,Cargo,HR-Self-Service,sso_mfa,success,airport-terminal,0
IA001234,2026-07-06T11:31:04,STF1164,staff,Ground Operations,Retail-POS-Backend,vpn_password,success,airport-terminal,0
IA006088,2026-07-06T11:35:33,STF1179,staff,Baggage Handling,HR-Self-Service,sso_password,success,airport-terminal,0
IA004124,2026-07-06T11:48:17,VND2006,vendor,Coastal Catering Co,Retail-POS-Backend,sso_mfa,success,vendor-remote-site,0
IA003958,2026-07-06T11:53:07,STF1052,staff,Cargo,Gate-Management-System,vpn_certificate,success,airport-terminal,0
IA005034,2026-07-06T12:04:54,VND2013,vendor,Falcon Cargo Handling,Cargo-Manifest-System,sso_password,success,vendor-remote-site,0
IA003124,2026-07-06T12:05:46,VND2025,vendor,SkyLink Ground Services,Airfield-Ops-Portal,sso_password,success,airport-terminal,0
IA004098,2026-07-06T12:35:14,STF1099,staff,Baggage Handling,HR-Self-Service,sso_password,success,airport-terminal,0
IA000481,2026-07-06T12:36:28,STF1077,staff,Gate Services,Cargo-Manifest-System,badge+pin,success,airport-terminal,0
IA005571,2026-07-06T12:40:12,STF1032,staff,Security,Retail-POS-Backend,badge+pin,success,airport-terminal,0
IA003288,2026-07-06T12:52:51,STF1108,staff,Security,Airfield-Ops-Portal,sso_mfa,success,airport-terminal,0
IA002732,2026-07-06T13:10:39,STF1068,staff,Ground Operations,Retail-POS-Backend,sso_password,success,airport-terminal,0
IA005192,2026-07-06T13:33:57,VND2028,vendor,Horizon Cleaning Services,Gate-Management-System,sso_mfa,success,airport-terminal,0
IA000399,2026-07-06T13:34:55,STF1115,staff,Engineering & Maintenance,HR-Self-Service,sso_password,fail,airport-terminal,0
IA003079,2026-07-06T13:52:07,STF1007,staff,Baggage Handling,Staff-VPN,sso_password,success,airport-terminal,0
IA002827,2026-07-06T14:13:09,STF1031,staff,Cargo,Cargo-Manifest-System,vpn_certificate,success,airport-terminal,0
IA005325,2026-07-06T14:13:16,STF1089,staff,Retail Concessions,Cargo-Manifest-System,badge+pin,success,airport-terminal,0
IA006000,2026-07-06T14:29:10,VND2011,vendor,Falcon Cargo Handling,Departure-Control-System,badge+pin,success,airport-terminal,0
IA004101,2026-07-06T14:30:02,STF1048,staff,Retail Concessions,Airfield-Ops-Portal,badge+pin,success,airport-terminal,0
IA001022,2026-07-06T14:32:21,STF1014,staff,Baggage Handling,HR-Self-Service,sso_mfa,success,airport-terminal,0
IA002994,2026-07-06T14:35:18,STF1060,staff,Retail Concessions,Staff-VPN,badge+pin,success,airport-terminal,0
IA003017,2026-07-06T14:35:51,STF1048,staff,Retail Concessions,Baggage-Handling-System,sso_mfa,success,airport-terminal,0
IA000327,2026-07-06T14:38:24,VND2033,vendor,Meridian Aircraft Maintenance,Departure-Control-System,sso_password,success,airport-terminal,1
IA000986,2026-07-06T14:44:57,STF1088,staff,Ground Operations,HR-Self-Service,badge+pin,success,airport-terminal,0
IA005907,2026-07-06T15:02:21,VND2014,vendor,AeroFuel Solutions,Baggage-Handling-System,sso_password,fail,vendor-remote-site,0
IA000113,2026-07-06T15:07:09,STF1131,staff,Engineering & Maintenance,Retail-POS-Backend,badge+pin,success,airport-terminal,0
IA002559,2026-07-06T15:12:26,STF1084,staff,IT,Gate-Management-System,sso_mfa,success,airport-terminal,0
IA003805,2026-07-06T15:17:02,VND2029,vendor,Horizon Cleaning Services,HR-Self-Service,badge+pin,success,airport-terminal,0
IA005764,2026-07-06T15:18:46,VND2002,vendor,Horizon Cleaning Services,Departure-Control-System,sso_password,success,vendor-remote-site,0
IA001487,2026-07-06T15:56:54,STF1025,staff,Security,Airfield-Ops-Portal,sso_password,success,airport-terminal,0
IA003959,2026-07-06T16:01:50,VND2019,vendor,Falcon Cargo Handling,Maintenance-Ticketing,vpn_certificate,success,airport-terminal,0
IA004681,2026-07-06T16:02:14,STF1028,staff,IT,HR-Self-Service,sso_password,success,airport-terminal,0
IA004233,2026-07-06T16:13:25,STF1159,staff,Engineering & Maintenance,Departure-Control-System,badge+pin,success,airport-terminal,0
IA001472,2026-07-06T16:20:12,STF1016,staff,Gate Services,Cargo-Manifest-System,badge+pin,success,airport-terminal,0
IA001357,2026-07-06T16:38:26,VND2012,vendor,AeroFuel Solutions,Airfield-Ops-Portal,vpn_certificate,success,airport-terminal,0
IA000918,2026-07-06T16:40:15,STF1084,staff,IT,Departure-Control-System,sso_password,success,airport-terminal,0
IA003605,2026-07-06T16:46:02,STF1037,staff,Engineering & Maintenance,Departure-Control-System,badge+pin,success,airport-terminal,0
IA005198,2026-07-06T16:55:31,STF1059,staff,IT,Airfield-Ops-Portal,sso_password,success,airport-terminal,0
IA001953,2026-07-06T16:59:31,STF1150,staff,IT,Airfield-Ops-Portal,sso_password,success,airport-terminal,0
IA001350,2026-07-06T17:06:47,STF1080,staff,Cargo,Airfield-Ops-Portal,badge+pin,success,airport-terminal,0
IA002007,2026-07-06T17:12:19,STF1039,staff,Engineering & Maintenance,Baggage-Handling-System,sso_password,success,airport-terminal,0
IA005012,2026-07-06T17:17:54,STF1147,staff,Ground Operations,Departure-Control-System,sso_password,success,airport-terminal,0
IA004367,2026-07-06T17:18:21,VND2013,vendor,Falcon Cargo Handling,Airfield-Ops-Portal,sso_password,success,vendor-remote-site,0
IA004016,2026-07-06T17:19:17,STF1009,staff,Retail Concessions,Airfield-Ops-Portal,badge+pin,success,airport-terminal,0
IA004212,2026-07-06T17:21:34,STF1151,staff,Baggage Handling,Maintenance-Ticketing,sso_mfa,success,airport-terminal,0
IA006087,2026-07-06T17:30:44,STF1156,staff,Gate Services,Gate-Management-System,vpn_password,success,airport-terminal,0
IA005565,2026-07-06T17:39:36,VND2004,vendor,Falcon Cargo Handling,Airfield-Ops-Portal,vpn_certificate,success,airport-terminal,0
IA000871,2026-07-06T17:44:23,STF1033,staff,Retail Concessions,Departure-Control-System,sso_mfa,success,airport-terminal,0
IA003224,2026-07-06T17:50:22,VND2016,vendor,AeroFuel Solutions,Staff-VPN,badge+pin,success,vendor-remote-site,0
IA002203,2026-07-06T17:53:26,STF1174,staff,Ground Operations,Staff-VPN,sso_password,success,airport-terminal,0
IA005533,2026-07-06T17:56:13,STF1105,staff,Baggage Handling,HR-Self-Service,badge+pin,success,airport-terminal,0
IA003671,2026-07-06T18:03:21,VND2029,vendor,Horizon Cleaning Services,Staff-VPN,sso_password,success,airport-terminal,0
IA004688,2026-07-06T18:08:28,STF1053,staff,Ground Operations,Airfield-Ops-Portal,sso_mfa,success,airport-terminal,0
IA001212,2026-07-06T18:09:29,STF1051,staff,Retail Concessions,Retail-POS-Backend,badge+pin,success,airport-terminal,0
IA005449,2026-07-06T18:16:29,STF1163,staff,Retail Concessions,Airfield-Ops-Portal,badge+pin,success,airport-terminal,0
IA000448,2026-07-06T18:19:26,STF1028,staff,IT,Gate-Management-System,badge+pin,success,airport-terminal,0
IA005257,2026-07-06T18:25:02,STF1156,staff,Gate Services,Maintenance-Ticketing,sso_password,success,airport-terminal,0
IA001159,2026-07-06T18:32:12,STF1049,staff,Retail Concessions,Gate-Management-System,vpn_password,success,airport-terminal,0
IA003375,2026-07-06T18:38:13,VND2011,vendor,Falcon Cargo Handling,HR-Self-Service,vpn_certificate,success,airport-terminal,0
IA000816,2026-07-06T18:43:53,STF1140,staff,Engineering & Maintenance,Retail-POS-Backend,sso_password,success,airport-terminal,0
IA002415,2026-07-06T18:44:59,STF1028,staff,IT,Departure-Control-System,vpn_certificate,success,airport-terminal,0
IA005432,2026-07-06T18:46:31,VND2030,vendor,Meridian Aircraft Maintenance,HR-Self-Service,badge+pin,success,airport-terminal,0
IA003247,2026-07-06T18:47:19,VND2010,vendor,SkyLink Ground Services,Baggage-Handling-System,vpn_certificate,success,vendor-remote-site,0
IA003104,2026-07-06T18:48:43,STF1166,staff,Baggage Handling,Staff-VPN,vpn_certificate,success,airport-terminal,0
IA000157,2026-07-06T18:53:29,VND2025,vendor,SkyLink Ground Services,Retail-POS-Backend,sso_password,success,vendor-remote-site,0
IA006142,2026-07-06T18:53:47,STF1024,staff,Retail Concessions,Maintenance-Ticketing,sso_mfa,success,airport-terminal,0
IA000465,2026-07-06T19:06:21,VND2004,vendor,Falcon Cargo Handling,Airfield-Ops-Portal,sso_password,success,vendor-remote-site,0
IA000875,2026-07-06T19:06:57,VND2012,vendor,AeroFuel Solutions,HR-Self-Service,sso_password,success,airport-terminal,0
IA004309,2026-07-06T19:13:48,STF1072,staff,Retail Concessions,HR-Self-Service,badge+pin,success,airport-terminal,0
IA000023,2026-07-06T19:17:25,STF1177,staff,IT,Maintenance-Ticketing,sso_mfa,success,airport-terminal,0
IA005943,2026-07-06T19:23:52,STF1050,staff,Ground Operations,Gate-Management-System,sso_password,fail,airport-terminal,0
IA002996,2026-07-06T19:24:09,STF1076,staff,Baggage Handling,Retail-POS-Backend,badge+pin,success,airport-terminal,0
IA003217,2026-07-06T19:25:21,STF1133,staff,Baggage Handling,Gate-Management-System,vpn_certificate,success,airport-terminal,0
IA000400,2026-07-06T19:29:39,VND2019,vendor,Falcon Cargo Handling,Staff-VPN,vpn_certificate,success,vendor-remote-site,0
IA002057,2026-07-06T20:06:08,STF1022,staff,Ground Operations,Airfield-Ops-Portal,sso_password,success,airport-terminal,0
IA005411,2026-07-06T20:12:32,VND2003,vendor,Falcon Cargo Handling,Gate-Management-System,badge+pin,success,airport-terminal,0
IA001198,2026-07-06T20:31:40,STF1168,staff,Gate Services,Gate-Management-System,badge+pin,success,airport-terminal,0
IA000056,2026-07-06T20:38:11,VND2011,vendor,Falcon Cargo Handling,Gate-Management-System,badge+pin,success,vendor-remote-site,0
IA004701,2026-07-06T20:44:11,STF1036,staff,Gate Services,Retail-POS-Backend,sso_password,success,airport-terminal,0
IA005153,2026-07-06T20:45:34,STF1017,staff,Gate Services,Cargo-Manifest-System,badge+pin,success,airport-terminal,0
IA003167,2026-07-06T20:50:40,STF1119,staff,Baggage Handling,Retail-POS-Backend,sso_password,success,airport-terminal,0
IA005652,2026-07-06T21:09:43,STF1164,staff,Ground Operations,Departure-Control-System,sso_password,success,airport-terminal,0
IA002858,2026-07-06T21:11:17,STF1044,staff,Ground Operations,Gate-Management-System,sso_password,success,airport-terminal,0
IA003059,2026-07-06T21:14:01,STF1001,staff,Cargo,HR-Self-Service,sso_password,success,airport-terminal,0
IA003101,2026-07-06T21:15:49,STF1179,staff,Baggage Handling,Staff-VPN,badge+pin,success,airport-terminal,0
IA001929,2026-07-06T21:27:10,STF1149,staff,Cargo,Staff-VPN,sso_password,success,airport-terminal,1
IA001322,2026-07-06T21:28:11,STF1022,staff,Ground Operations,Retail-POS-Backend,sso_password,success,airport-terminal,0
IA000119,2026-07-06T21:31:06,VND2017,vendor,Horizon Cleaning Services,Retail-POS-Backend,vpn_password,success,vendor-remote-site,0
IA005191,2026-07-06T23:10:10,VND2019,vendor,Falcon Cargo Handling,Maintenance-Ticketing,sso_password,success,vendor-remote-site,0
IA004446,2026-07-06T23:17:12,VND2018,vendor,Falcon Cargo Handling,Airfield-Ops-Portal,sso_password,success,airport-terminal,0
IA000551,2026-07-06T23:58:59,STF1128,staff,Retail Concessions,HR-Self-Service,sso_mfa,success,airport-terminal,0
IA001433,2026-07-06T23:59:33,STF1000,staff,Ground Operations,Baggage-Handling-System,vpn_certificate,success,airport-terminal,0
IA006090,2026-07-07T00:06:06,STF1038,staff,Retail Concessions,Gate-Management-System,sso_mfa,fail,airport-terminal,0
IA003036,2026-07-07T00:17:05,VND2024,vendor,AeroFuel Solutions,HR-Self-Service,badge+pin,success,airport-terminal,0
IA004631,2026-07-07T00:36:21,STF1104,staff,Gate Services,HR-Self-Service,sso_password,success,airport-terminal,0
IA005174,2026-07-07T01:49:27,STF1143,staff,Engineering & Maintenance,Departure-Control-System,badge+pin,success,airport-terminal,0
IA003331,2026-07-07T01:51:56,STF1070,staff,Ground Operations,Departure-Control-System,sso_password,success,airport-terminal,0
IA001502,2026-07-07T01:55:18,VND2029,vendor,Horizon Cleaning Services,Departure-Control-System,sso_password,fail,airport-terminal,0
IA000333,2026-07-07T02:26:08,STF1172,staff,Ground Operations,Airfield-Ops-Portal,badge+pin,success,airport-terminal,0
IA003114,2026-07-07T02:35:28,STF1072,staff,Retail Concessions,Departure-Control-System,sso_password,success,airport-terminal,0
IA002183,2026-07-07T03:41:04,VND2023,vendor,SkyLink Ground Services,Departure-Control-System,vpn_password,success,airport-terminal,1
IA004765,2026-07-07T03:49:21,STF1129,staff,Security,Airfield-Ops-Portal,sso_password,success,airport-terminal,0
IA002936,2026-07-07T04:05:49,STF1164,staff,Ground Operations,Departure-Control-System,vpn_password,success,airport-terminal,1
IA000902,2026-07-07T04:53:31,STF1088,staff,Ground Operations,Maintenance-Ticketing,sso_password,success,airport-terminal,0
IA002855,2026-07-07T06:00:07,STF1119,staff,Baggage Handling,Airfield-Ops-Portal,sso_mfa,success,airport-terminal,0
IA000325,2026-07-07T06:02:45,STF1151,staff,Baggage Handling,Maintenance-Ticketing,badge+pin,success,airport-terminal,0
IA003716,2026-07-07T06:19:23,VND2030,vendor,Meridian Aircraft Maintenance,Airfield-Ops-Portal,sso_password,success,vendor-remote-site,0
IA003238,2026-07-07T06:24:40,STF1065,staff,Security,HR-Self-Service,sso_password,success,airport-terminal,0
IA004540,2026-07-07T06:28:20,STF1034,staff,Ground Operations,Maintenance-Ticketing,sso_password,fail,airport-terminal,0
IA002537,2026-07-07T06:29:22,STF1001,staff,Cargo,Staff-VPN,sso_mfa,success,airport-terminal,0
IA000336,2026-07-07T06:31:15,STF1041,staff,Security,Airfield-Ops-Portal,badge+pin,success,airport-terminal,0
IA005874,2026-07-07T06:33:21,STF1077,staff,Gate Services,Retail-POS-Backend,vpn_password,success,airport-terminal,0
IA001819,2026-07-07T06:35:05,VND2033,vendor,Meridian Aircraft Maintenance,Maintenance-Ticketing,badge+pin,success,airport-terminal,0
IA001410,2026-07-07T06:37:11,STF1066,staff,Retail Concessions,Maintenance-Ticketing,badge+pin,success,airport-terminal,0
IA000437,2026-07-07T06:43:05,STF1155,staff,Cargo,Maintenance-Ticketing,vpn_certificate,success,airport-terminal,0
IA003087,2026-07-07T06:46:12,STF1102,staff,IT,Baggage-Handling-System,vpn_password,success,airport-terminal,0
IA001344,2026-07-07T07:04:01,STF1026,staff,Gate Services,Staff-VPN,sso_password,success,airport-terminal,0
IA000114,2026-07-07T07:24:35,STF1002,staff,Ground Operations,HR-Self-Service,sso_mfa,success,airport-terminal,0
IA001649,2026-07-07T07:25:31,STF1086,staff,Baggage Handling,Departure-Control-System,vpn_certificate,success,airport-terminal,0
IA002026,2026-07-07T07:26:31,STF1128,staff,Retail Concessions,Maintenance-Ticketing,sso_password,success,airport-terminal,0
IA003251,2026-07-07T07:38:41,VND2004,vendor,Falcon Cargo Handling,HR-Self-Service,sso_password,success,airport-terminal,0
IA003866,2026-07-07T07:52:37,STF1016,staff,Gate Services,Retail-POS-Backend,sso_password,success,airport-terminal,0
IA002152,2026-07-07T08:12:12,VND2007,vendor,SkyLink Ground Services,Departure-Control-System,badge+pin,success,airport-terminal,0
IA003413,2026-07-07T08:33:23,STF1107,staff,Baggage Handling,Gate-Management-System,sso_password,success,airport-terminal,0
IA002163,2026-07-07T08:41:10,STF1107,staff,Baggage Handling,HR-Self-Service,sso_password,success,airport-terminal,0
IA000185,2026-07-07T09:11:28,STF1004,staff,IT,Airfield-Ops-Portal,badge+pin,success,airport-terminal,0
IA000453,2026-07-07T09:11:40,STF1137,staff,Retail Concessions,Baggage-Handling-System,badge+pin,success,airport-terminal,0
IA000041,2026-07-07T09:26:36,STF1135,staff,Security,Maintenance-Ticketing,sso_mfa,success,airport-terminal,0
IA003525,2026-07-07T09:40:15,STF1072,staff,Retail Concessions,HR-Self-Service,vpn_password,success,airport-terminal,0
IA000478,2026-07-07T09:56:16,STF1171,staff,Retail Concessions,Airfield-Ops-Portal,vpn_certificate,success,airport-terminal,0
IA000078,2026-07-07T10:01:07,VND2002,vendor,Horizon Cleaning Services,Cargo-Manifest-System,badge+pin,success,airport-terminal,0
IA001027,2026-07-07T10:04:07,STF1100,staff,Engineering & Maintenance,Airfield-Ops-Portal,sso_password,success,airport-terminal,0
IA003886,2026-07-07T10:18:34,STF1175,staff,Ground Operations,Maintenance-Ticketing,vpn_certificate,success,airport-terminal,0
IA001441,2026-07-07T10:23:50,STF1085,staff,Gate Services,Maintenance-Ticketing,sso_password,success,airport-terminal,0
IA002480,2026-07-07T10:31:42,STF1002,staff,Ground Operations,Retail-POS-Backend,vpn_password,success,airport-terminal,0
IA002471,2026-07-07T10:45:06,STF1173,staff,Baggage Handling,Maintenance-Ticketing,sso_password,success,airport-terminal,0
IA001072,2026-07-07T11:08:58,STF1168,staff,Gate Services,HR-Self-Service,sso_mfa,success,airport-terminal,0
IA001434,2026-07-07T11:10:29,STF1064,staff,Cargo,Cargo-Manifest-System,sso_mfa,success,airport-terminal,0
IA003147,2026-07-07T11:12:48,STF1022,staff,Ground Operations,Airfield-Ops-Portal,sso_password,success,airport-terminal,0
IA001577,2026-07-07T11:20:33,STF1087,staff,Ground Operations,Maintenance-Ticketing,sso_password,success,airport-terminal,0
IA001890,2026-07-07T12:08:12,STF1052,staff,Cargo,Staff-VPN,badge+pin,success,airport-terminal,0
IA002904,2026-07-07T12:08:48,STF1148,staff,Cargo,Baggage-Handling-System,badge+pin,success,airport-terminal,0
IA003120,2026-07-07T12:10:29,STF1099,staff,Baggage Handling,Departure-Control-System,badge+pin,success,airport-terminal,0
IA004015,2026-07-07T12:29:11,STF1042,staff,Retail Concessions,Cargo-Manifest-System,vpn_password,success,airport-terminal,0
IA001064,2026-07-07T12:42:46,STF1151,staff,Baggage Handling,Staff-VPN,vpn_password,success,airport-terminal,0
IA001061,2026-07-07T12:48:39,STF1092,staff,Baggage Handling,HR-Self-Service,sso_password,success,airport-terminal,0
IA000781,2026-07-07T12:55:13,STF1052,staff,Cargo,Cargo-Manifest-System,vpn_password,success,airport-terminal,0
IA000732,2026-07-07T13:03:29,VND2013,vendor,Falcon Cargo Handling,Maintenance-Ticketing,sso_mfa,success,vendor-remote-site,0
IA005686,2026-07-07T13:04:19,STF1112,staff,Cargo,Cargo-Manifest-System,badge+pin,success,airport-terminal,0
IA005810,2026-07-07T13:06:16,STF1106,staff,Retail Concessions,Retail-POS-Backend,vpn_certificate,success,airport-terminal,0
IA005918,2026-07-07T13:19:53,STF1001,staff,Cargo,Staff-VPN,sso_password,success,airport-terminal,0
IA000676,2026-07-07T13:34:09,VND2033,vendor,Meridian Aircraft Maintenance,Baggage-Handling-System,badge+pin,success,airport-terminal,0
IA005086,2026-07-07T13:39:01,VND2007,vendor,SkyLink Ground Services,Staff-VPN,sso_password,success,airport-terminal,0
IA000485,2026-07-07T13:42:54,STF1124,staff,Gate Services,Retail-POS-Backend,sso_password,success,airport-terminal,0
IA000021,2026-07-07T13:45:47,VND2034,vendor,SkyLink Ground Services,HR-Self-Service,sso_password,success,vendor-remote-site,0
IA001444,2026-07-07T13:54:10,STF1061,staff,Ground Operations,Cargo-Manifest-System,vpn_certificate,success,airport-terminal,0
IA004680,2026-07-07T13:54:10,STF1000,staff,Ground Operations,Airfield-Ops-Portal,badge+pin,fail,airport-terminal,0
IA000424,2026-07-07T14:07:30,STF1098,staff,Engineering & Maintenance,Departure-Control-System,vpn_password,success,airport-terminal,1
IA005978,2026-07-07T14:14:45,STF1075,staff,Gate Services,Gate-Management-System,sso_password,success,airport-terminal,0
IA005184,2026-07-07T14:18:37,STF1153,staff,Ground Operations,Airfield-Ops-Portal,sso_password,success,airport-terminal,0
IA002487,2026-07-07T14:25:18,STF1026,staff,Gate Services,Departure-Control-System,badge+pin,success,airport-terminal,0
IA000105,2026-07-07T14:37:40,STF1011,staff,Retail Concessions,HR-Self-Service,sso_password,fail,airport-terminal,0
IA002138,2026-07-07T14:39:16,STF1165,staff,Cargo,Cargo-Manifest-System,sso_password,success,airport-terminal,0
IA003050,2026-07-07T14:41:53,STF1066,staff,Retail Concessions,Maintenance-Ticketing,sso_mfa,success,airport-terminal,0
IA005009,2026-07-07T14:44:12,VND2017,vendor,Horizon Cleaning Services,Airfield-Ops-Portal,badge+pin,success,airport-terminal,0
IA005935,2026-07-07T14:46:51,VND2010,vendor,SkyLink Ground Services,Gate-Management-System,vpn_certificate,success,airport-terminal,0
IA000148,2026-07-07T14:54:27,STF1144,staff,Security,Gate-Management-System,vpn_certificate,success,airport-terminal,0
IA005713,2026-07-07T15:23:41,STF1097,staff,Retail Concessions,Cargo-Manifest-System,sso_password,success,airport-terminal,0
IA001589,2026-07-07T15:28:45,STF1167,staff,Retail Concessions,Maintenance-Ticketing,sso_mfa,success,airport-terminal,0
IA001643,2026-07-07T15:35:15,VND2003,vendor,Falcon Cargo Handling,Baggage-Handling-System,sso_password,success,vendor-remote-site,0
IA003030,2026-07-07T15:40:15,STF1053,staff,Ground Operations,Airfield-Ops-Portal,badge+pin,success,airport-terminal,0
IA002587,2026-07-07T16:04:30,STF1099,staff,Baggage Handling,Gate-Management-System,badge+pin,success,airport-terminal,0
IA002840,2026-07-07T16:26:06,STF1076,staff,Baggage Handling,Cargo-Manifest-System,badge+pin,success,airport-terminal,0
IA004245,2026-07-07T16:26:50,STF1162,staff,Ground Operations,HR-Self-Service,vpn_certificate,success,airport-terminal,0
IA000008,2026-07-07T16:29:00,VND2009,vendor,Falcon Cargo Handling,Staff-VPN,sso_password,success,vendor-remote-site,0
IA000568,2026-07-07T16:29:57,STF1056,staff,IT,Maintenance-Ticketing,vpn_password,fail,airport-terminal,0
IA000002,2026-07-07T16:40:56,VND2018,vendor,Falcon Cargo Handling,Cargo-Manifest-System,badge+pin,success,airport-terminal,0
IA003788,2026-07-07T16:42:30,STF1093,staff,Retail Concessions,Baggage-Handling-System,badge+pin,success,airport-terminal,0
IA006139,2026-07-07T16:56:23,STF1010,staff,Gate Services,Departure-Control-System,badge+pin,success,airport-terminal,0
IA000793,2026-07-07T17:01:04,VND2016,vendor,AeroFuel Solutions,HR-Self-Service,vpn_certificate,fail,airport-terminal,0
IA002751,2026-07-07T17:02:27,VND2012,vendor,AeroFuel Solutions,Maintenance-Ticketing,badge+pin,success,airport-terminal,0
IA004012,2026-07-07T17:16:27,STF1134,staff,Gate Services,Staff-VPN,badge+pin,success,airport-terminal,0
IA004335,2026-07-07T17:22:29,STF1168,staff,Gate Services,Retail-POS-Backend,sso_password,success,airport-terminal,0
IA003801,2026-07-07T17:25:12,VND2025,vendor,SkyLink Ground Services,Gate-Management-System,badge+pin,fail,vendor-remote-site,0
IA005284,2026-07-07T17:32:42,VND2028,vendor,Horizon Cleaning Services,Baggage-Handling-System,sso_password,success,airport-terminal,0
IA004138,2026-07-07T17:41:43,STF1052,staff,Cargo,Staff-VPN,vpn_certificate,success,airport-terminal,0
IA004961,2026-07-07T17:45:47,STF1103,staff,Retail Concessions,HR-Self-Service,sso_password,success,airport-terminal,0
IA002231,2026-07-07T18:19:00,STF1129,staff,Security,HR-Self-Service,badge+pin,success,airport-terminal,0
IA005953,2026-07-07T18:23:10,STF1075,staff,Gate Services,Staff-VPN,vpn_password,success,airport-terminal,0
IA003219,2026-07-07T18:32:31,STF1167,staff,Retail Concessions,Baggage-Handling-System,badge+pin,success,airport-terminal,0
IA000013,2026-07-07T18:39:13,VND2028,vendor,Horizon Cleaning Services,Staff-VPN,sso_password,success,vendor-remote-site,0
IA000120,2026-07-07T18:44:32,STF1015,staff,Gate Services,Maintenance-Ticketing,sso_password,success,airport-terminal,0
IA000612,2026-07-07T18:48:40,STF1165,staff,Cargo,Airfield-Ops-Portal,sso_password,success,airport-terminal,0
IA003458,2026-07-07T18:52:36,VND2023,vendor,SkyLink Ground Services,Staff-VPN,vpn_password,success,vendor-remote-site,1
IA004854,2026-07-07T18:53:07,STF1050,staff,Ground Operations,Maintenance-Ticketing,sso_mfa,success,airport-terminal,0
IA002417,2026-07-07T19:02:02,STF1039,staff,Engineering & Maintenance,Retail-POS-Backend,badge+pin,success,airport-terminal,0
IA005113,2026-07-07T19:15:21,STF1084,staff,IT,Departure-Control-System,vpn_certificate,success,airport-terminal,0
IA002126,2026-07-07T19:19:29,STF1161,staff,Ground Operations,Staff-VPN,sso_password,success,airport-terminal,0
IA004815,2026-07-07T19:33:57,STF1113,staff,IT,Maintenance-Ticketing,vpn_password,success,airport-terminal,0
IA001674,2026-07-07T19:37:26,STF1041,staff,Security,Retail-POS-Backend,sso_password,success,airport-terminal,0
IA004123,2026-07-07T19:50:15,STF1132,staff,Cargo,Maintenance-Ticketing,badge+pin,success,airport-terminal,0
IA002071,2026-07-07T19:52:51,STF1173,staff,Baggage Handling,Cargo-Manifest-System,sso_password,success,airport-terminal,0
IA004142,2026-07-07T19:57:03,STF1152,staff,Ground Operations,Gate-Management-System,badge+pin,fail,airport-terminal,0
IA005223,2026-07-07T20:01:47,STF1026,staff,Gate Services,Retail-POS-Backend,sso_password,fail,airport-terminal,0
IA001109,2026-07-07T20:08:53,STF1057,staff,Cargo,Airfield-Ops-Portal,badge+pin,success,airport-terminal,0
IA002004,2026-07-07T20:23:59,STF1010,staff,Gate Services,Retail-POS-Backend,vpn_certificate,success,airport-terminal,0
IA004972,2026-07-07T20:36:24,STF1020,staff,Ground Operations,Airfield-Ops-Portal,vpn_certificate,success,airport-terminal,0
IA002413,2026-07-07T20:37:48,STF1046,staff,Cargo,Airfield-Ops-Portal,vpn_password,success,airport-terminal,0
IA004619,2026-07-07T20:43:06,STF1169,staff,Ground Operations,Airfield-Ops-Portal,sso_password,fail,airport-terminal,0
IA004934,2026-07-07T21:03:37,STF1034,staff,Ground Operations,Baggage-Handling-System,badge+pin,success,airport-terminal,0
IA001512,2026-07-07T21:05:04,VND2015,vendor,AeroFuel Solutions,Staff-VPN,sso_mfa,success,vendor-remote-site,0
IA000797,2026-07-07T21:20:20,STF1125,staff,Retail Concessions,Staff-VPN,badge+pin,success,airport-terminal,0
IA001600,2026-07-07T21:33:31,VND2000,vendor,SkyLink Ground Services,Maintenance-Ticketing,sso_password,success,airport-terminal,0
IA005687,2026-07-07T21:44:42,STF1162,staff,Ground Operations,Departure-Control-System,sso_password,success,airport-terminal,0
IA000241,2026-07-07T21:48:02,VND2001,vendor,Meridian Aircraft Maintenance,Staff-VPN,badge+pin,success,vendor-remote-site,0
IA003561,2026-07-07T21:50:08,STF1145,staff,Ground Operations,Airfield-Ops-Portal,vpn_password,success,airport-terminal,0
IA002884,2026-07-07T21:51:23,STF1167,staff,Retail Concessions,Airfield-Ops-Portal,badge+pin,success,airport-terminal,0
IA005005,2026-07-07T23:02:58,STF1177,staff,IT,Airfield-Ops-Portal,vpn_password,success,airport-terminal,0
IA001223,2026-07-07T23:47:04,STF1169,staff,Ground Operations,Staff-VPN,vpn_password,fail,airport-terminal,1
IA005298,2026-07-08T00:27:33,STF1145,staff,Ground Operations,Retail-POS-Backend,badge+pin,success,airport-terminal,0
IA003905,2026-07-08T00:35:31,VND2023,vendor,SkyLink Ground Services,Baggage-Handling-System,vpn_password,success,airport-terminal,1
IA000719,2026-07-08T00:38:07,STF1164,staff,Ground Operations,Staff-VPN,vpn_password,success,airport-terminal,1
IA004545,2026-07-08T03:27:41,STF1129,staff,Security,Cargo-Manifest-System,sso_password,success,airport-terminal,0
IA000425,2026-07-08T04:22:17,STF1066,staff,Retail Concessions,Maintenance-Ticketing,sso_password,success,airport-terminal,0
IA005173,2026-07-08T04:27:42,STF1052,staff,Cargo,Cargo-Manifest-System,sso_mfa,success,airport-terminal,0
IA003209,2026-07-08T04:40:54,VND2007,vendor,SkyLink Ground Services,Baggage-Handling-System,sso_password,success,airport-terminal,0
IA004151,2026-07-08T04:56:47,VND2027,vendor,Meridian Aircraft Maintenance,Retail-POS-Backend,badge+pin,success,airport-terminal,0
IA004373,2026-07-08T06:00:00,STF1153,staff,Ground Operations,Maintenance-Ticketing,sso_password,success,airport-terminal,0
IA005328,2026-07-08T06:06:44,STF1089,staff,Retail Concessions,Airfield-Ops-Portal,sso_mfa,success,airport-terminal,0
IA005056,2026-07-08T06:16:39,STF1032,staff,Security,Gate-Management-System,sso_mfa,success,airport-terminal,0
IA002111,2026-07-08T06:18:01,STF1115,staff,Engineering & Maintenance,Baggage-Handling-System,vpn_certificate,success,airport-terminal,0
IA002644,2026-07-08T06:19:05,STF1107,staff,Baggage Handling,HR-Self-Service,sso_mfa,success,airport-terminal,0
IA002312,2026-07-08T06:23:29,STF1011,staff,Retail Concessions,Staff-VPN,vpn_password,success,airport-terminal,0
IA001389,2026-07-08T06:30:20,STF1034,staff,Ground Operations,Baggage-Handling-System,sso_password,success,airport-terminal,0
IA002118,2026-07-08T06:31:20,STF1171,staff,Retail Concessions,Departure-Control-System,sso_password,success,airport-terminal,0
IA002609,2026-07-08T06:36:40,STF1079,staff,Security,Departure-Control-System,vpn_certificate,success,airport-terminal,0
IA003242,2026-07-08T06:41:38,STF1106,staff,Retail Concessions,HR-Self-Service,sso_password,success,airport-terminal,0
IA001913,2026-07-08T06:42:00,STF1143,staff,Engineering & Maintenance,Gate-Management-System,vpn_certificate,success,airport-terminal,0
IA003483,2026-07-08T06:46:25,STF1055,staff,Cargo,Cargo-Manifest-System,vpn_certificate,success,airport-terminal,0
IA001155,2026-07-08T07:12:32,STF1038,staff,Retail Concessions,Baggage-Handling-System,vpn_certificate,success,airport-terminal,0
IA001310,2026-07-08T07:16:00,STF1069,staff,Baggage Handling,Staff-VPN,vpn_certificate,success,airport-terminal,0
IA003535,2026-07-08T07:18:09,STF1150,staff,IT,Departure-Control-System,sso_password,success,airport-terminal,0
IA002002,2026-07-08T07:21:32,STF1029,staff,Security,Departure-Control-System,vpn_certificate,success,airport-terminal,0
IA002222,2026-07-08T07:24:53,VND2024,vendor,AeroFuel Solutions,HR-Self-Service,badge+pin,success,vendor-remote-site,0
IA004956,2026-07-08T07:27:09,STF1163,staff,Retail Concessions,Baggage-Handling-System,sso_password,success,airport-terminal,0
IA002048,2026-07-08T07:42:00,VND2033,vendor,Meridian Aircraft Maintenance,HR-Self-Service,sso_password,success,vendor-remote-site,0
IA002065,2026-07-08T07:53:01,VND2019,vendor,Falcon Cargo Handling,Departure-Control-System,sso_mfa,success,airport-terminal,0
IA001898,2026-07-08T07:58:18,STF1093,staff,Retail Concessions,Staff-VPN,vpn_password,success,airport-terminal,0
IA001142,2026-07-08T08:02:15,STF1022,staff,Ground Operations,Airfield-Ops-Portal,vpn_password,success,airport-terminal,0
IA006106,2026-07-08T08:02:50,STF1019,staff,Cargo,Airfield-Ops-Portal,badge+pin,success,airport-terminal,0
IA003587,2026-07-08T08:07:02,STF1006,staff,Retail Concessions,Staff-VPN,vpn_certificate,success,airport-terminal,0
IA003526,2026-07-08T08:07:30,VND2006,vendor,Coastal Catering Co,Baggage-Handling-System,vpn_certificate,success,vendor-remote-site,0
IA004361,2026-07-08T08:09:03,STF1016,staff,Gate Services,Airfield-Ops-Portal,sso_password,success,airport-terminal,0
IA000364,2026-07-08T08:12:51,STF1168,staff,Gate Services,Retail-POS-Backend,sso_password,success,airport-terminal,0
IA005415,2026-07-08T08:17:21,STF1028,staff,IT,Gate-Management-System,sso_password,success,airport-terminal,0
IA003942,2026-07-08T08:18:48,VND2009,vendor,Falcon Cargo Handling,Baggage-Handling-System,sso_mfa,success,vendor-remote-site,0
IA002709,2026-07-08T08:25:06,STF1093,staff,Retail Concessions,Cargo-Manifest-System,vpn_password,success,airport-terminal,0
IA001747,2026-07-08T08:27:40,VND2028,vendor,Horizon Cleaning Services,Baggage-Handling-System,badge+pin,success,vendor-remote-site,0
IA003923,2026-07-08T08:36:24,STF1033,staff,Retail Concessions,Maintenance-Ticketing,badge+pin,success,airport-terminal,0
IA001245,2026-07-08T08:48:31,STF1139,staff,Gate Services,Baggage-Handling-System,sso_password,success,airport-terminal,0
IA003004,2026-07-08T08:48:44,STF1022,staff,Ground Operations,Cargo-Manifest-System,badge+pin,success,airport-terminal,0
IA003161,2026-07-08T08:51:09,STF1122,staff,Gate Services,Airfield-Ops-Portal,badge+pin,success,airport-terminal,0
IA003502,2026-07-08T08:55:26,STF1098,staff,Engineering & Maintenance,HR-Self-Service,badge+pin,success,airport-terminal,0
IA000143,2026-07-08T09:08:56,STF1172,staff,Ground Operations,Gate-Management-System,vpn_certificate,success,airport-terminal,0
IA004366,2026-07-08T09:10:28,VND2014,vendor,AeroFuel Solutions,Baggage-Handling-System,sso_mfa,success,vendor-remote-site,0
IA002236,2026-07-08T09:13:32,STF1002,staff,Ground Operations,Maintenance-Ticketing,sso_password,success,airport-terminal,0
IA003590,2026-07-08T09:25:50,VND2030,vendor,Meridian Aircraft Maintenance,Airfield-Ops-Portal,sso_password,success,vendor-remote-site,0
IA004610,2026-07-08T09:27:43,STF1032,staff,Security,Retail-POS-Backend,sso_password,success,airport-terminal,0
IA003071,2026-07-08T09:34:34,STF1003,staff,IT,Airfield-Ops-Portal,sso_password,success,airport-terminal,0
IA002103,2026-07-08T09:43:13,STF1074,staff,Baggage Handling,Departure-Control-System,badge+pin,success,airport-terminal,0
IA005418,2026-07-08T09:47:50,STF1165,staff,Cargo,Airfield-Ops-Portal,vpn_password,fail,airport-terminal,0
IA005330,2026-07-08T09:50:02,STF1096,staff,Security,Maintenance-Ticketing,vpn_password,success,airport-terminal,0
IA000939,2026-07-08T09:55:16,STF1111,staff,Ground Operations,Staff-VPN,sso_mfa,success,airport-terminal,0
IA001272,2026-07-08T10:01:58,STF1027,staff,Baggage Handling,Baggage-Handling-System,badge+pin,success,airport-terminal,0
IA003307,2026-07-08T10:02:00,VND2029,vendor,Horizon Cleaning Services,Retail-POS-Backend,badge+pin,success,vendor-remote-site,0
IA002043,2026-07-08T10:15:15,STF1120,staff,Engineering & Maintenance,HR-Self-Service,sso_mfa,fail,airport-terminal,0
IA002120,2026-07-08T10:23:46,STF1116,staff,IT,Maintenance-Ticketing,badge+pin,success,airport-terminal,0
IA002446,2026-07-08T10:30:57,STF1130,staff,Engineering & Maintenance,Airfield-Ops-Portal,sso_password,success,airport-terminal,0
IA000445,2026-07-08T10:37:22,STF1027,staff,Baggage Handling,Airfield-Ops-Portal,sso_mfa,success,airport-terminal,0
IA002957,2026-07-08T10:43:25,STF1155,staff,Cargo,Departure-Control-System,sso_password,success,airport-terminal,0
IA001836,2026-07-08T11:11:58,STF1145,staff,Ground Operations,Baggage-Handling-System,sso_mfa,success,airport-terminal,0
IA004597,2026-07-08T11:22:25,STF1093,staff,Retail Concessions,Retail-POS-Backend,badge+pin,success,airport-terminal,0
IA003319,2026-07-08T11:23:12,VND2004,vendor,Falcon Cargo Handling,Retail-POS-Backend,badge+pin,success,vendor-remote-site,0
IA002895,2026-07-08T11:28:34,STF1021,staff,Ground Operations,Retail-POS-Backend,sso_mfa,success,airport-terminal,0
IA005612,2026-07-08T11:34:26,STF1003,staff,IT,HR-Self-Service,sso_password,success,airport-terminal,0
IA002545,2026-07-08T11:35:38,VND2034,vendor,SkyLink Ground Services,Staff-VPN,badge+pin,success,airport-terminal,0
IA005551,2026-07-08T12:00:38,STF1133,staff,Baggage Handling,Gate-Management-System,badge+pin,success,airport-terminal,0
IA005061,2026-07-08T12:06:49,STF1136,staff,Baggage Handling,Baggage-Handling-System,badge+pin,success,airport-terminal,0
IA005638,2026-07-08T12:16:19,STF1122,staff,Gate Services,HR-Self-Service,sso_password,success,airport-terminal,0
IA004806,2026-07-08T12:19:39,VND2034,vendor,SkyLink Ground Services,Gate-Management-System,badge+pin,success,airport-terminal,0
IA001794,2026-07-08T12:48:25,STF1024,staff,Retail Concessions,Departure-Control-System,badge+pin,success,airport-terminal,0
IA001778,2026-07-08T12:56:05,VND2017,vendor,Horizon Cleaning Services,Airfield-Ops-Portal,vpn_certificate,fail,vendor-remote-site,0
IA001856,2026-07-08T13:25:18,STF1057,staff,Cargo,Departure-Control-System,badge+pin,success,airport-terminal,0
IA003949,2026-07-08T13:28:07,STF1018,staff,Engineering & Maintenance,Baggage-Handling-System,vpn_password,success,airport-terminal,1
IA005103,2026-07-08T13:40:44,STF1020,staff,Ground Operations,Cargo-Manifest-System,sso_mfa,success,airport-terminal,0
IA001058,2026-07-08T13:41:04,STF1130,staff,Engineering & Maintenance,Cargo-Manifest-System,sso_password,success,airport-terminal,0
IA000926,2026-07-08T13:41:37,STF1161,staff,Ground Operations,Baggage-Handling-System,sso_password,success,airport-terminal,0
IA004046,2026-07-08T13:48:49,VND2014,vendor,AeroFuel Solutions,HR-Self-Service,sso_mfa,success,airport-terminal,0
IA001275,2026-07-08T13:54:05,STF1012,staff,IT,Gate-Management-System,vpn_password,success,airport-terminal,0
IA002800,2026-07-08T14:00:00,VND2027,vendor,Meridian Aircraft Maintenance,Maintenance-Ticketing,vpn_password,success,vendor-remote-site,0
IA002307,2026-07-08T14:06:48,STF1059,staff,IT,Cargo-Manifest-System,vpn_password,success,airport-terminal,0
IA001366,2026-07-08T14:10:05,VND2017,vendor,Horizon Cleaning Services,Staff-VPN,sso_mfa,success,vendor-remote-site,0
IA000005,2026-07-08T14:18:38,STF1146,staff,Ground Operations,HR-Self-Service,badge+pin,success,airport-terminal,0
IA005265,2026-07-08T14:18:45,STF1012,staff,IT,Departure-Control-System,sso_password,success,airport-terminal,0
IA001440,2026-07-08T14:48:19,STF1142,staff,Gate Services,Departure-Control-System,sso_password,success,airport-terminal,0
IA006130,2026-07-08T14:49:31,STF1013,staff,Cargo,Gate-Management-System,badge+pin,success,airport-terminal,0
IA004289,2026-07-08T14:53:17,STF1138,staff,Security,Departure-Control-System,badge+pin,success,airport-terminal,0
IA005732,2026-07-08T15:03:51,VND2026,vendor,Horizon Cleaning Services,Gate-Management-System,badge+pin,success,airport-terminal,0
IA000680,2026-07-08T15:28:36,STF1141,staff,Retail Concessions,Staff-VPN,vpn_password,success,airport-terminal,0
IA001524,2026-07-08T15:32:24,STF1124,staff,Gate Services,Gate-Management-System,sso_mfa,success,airport-terminal,0
IA000153,2026-07-08T15:36:47,STF1142,staff,Gate Services,Gate-Management-System,vpn_certificate,success,airport-terminal,0
IA002387,2026-07-08T15:50:51,STF1169,staff,Ground Operations,Gate-Management-System,badge+pin,success,airport-terminal,0
IA001309,2026-07-08T15:50:58,STF1149,staff,Cargo,Staff-VPN,vpn_password,fail,airport-terminal,1
IA000067,2026-07-08T15:51:05,STF1158,staff,Baggage Handling,HR-Self-Service,badge+pin,success,airport-terminal,0
IA005139,2026-07-08T15:59:28,STF1082,staff,Retail Concessions,Maintenance-Ticketing,sso_password,success,airport-terminal,0
IA002303,2026-07-08T16:15:46,VND2027,vendor,Meridian Aircraft Maintenance,Airfield-Ops-Portal,badge+pin,success,vendor-remote-site,0
IA004528,2026-07-08T16:25:35,STF1069,staff,Baggage Handling,Maintenance-Ticketing,vpn_certificate,success,airport-terminal,0
IA004797,2026-07-08T16:36:09,STF1079,staff,Security,Maintenance-Ticketing,badge+pin,success,airport-terminal,0
IA001237,2026-07-08T16:37:25,STF1027,staff,Baggage Handling,Staff-VPN,sso_password,success,airport-terminal,0
IA004427,2026-07-08T16:58:07,VND2024,vendor,AeroFuel Solutions,Staff-VPN,vpn_password,success,vendor-remote-site,0
IA004113,2026-07-08T17:00:40,STF1072,staff,Retail Concessions,Retail-POS-Backend,sso_mfa,success,airport-terminal,0
IA005858,2026-07-08T17:08:25,STF1070,staff,Ground Operations,Maintenance-Ticketing,sso_password,success,airport-terminal,0
IA003038,2026-07-08T17:11:52,STF1152,staff,Ground Operations,Departure-Control-System,badge+pin,success,airport-terminal,0
IA001185,2026-07-08T17:15:35,STF1000,staff,Ground Operations,Departure-Control-System,sso_password,success,airport-terminal,0
IA004614,2026-07-08T17:15:58,STF1025,staff,Security,Baggage-Handling-System,vpn_certificate,success,airport-terminal,0
IA002494,2026-07-08T17:22:47,STF1019,staff,Cargo,Departure-Control-System,sso_password,success,airport-terminal,0
IA002423,2026-07-08T17:34:29,STF1012,staff,IT,Cargo-Manifest-System,badge+pin,success,airport-terminal,0
IA003969,2026-07-08T17:37:15,STF1126,staff,IT,Maintenance-Ticketing,sso_password,success,airport-terminal,0
IA001153,2026-07-08T17:57:30,VND2018,vendor,Falcon Cargo Handling,Cargo-Manifest-System,sso_password,success,airport-terminal,0
IA003282,2026-07-08T18:10:00,STF1118,staff,Engineering & Maintenance,Retail-POS-Backend,sso_mfa,success,airport-terminal,0
IA005364,2026-07-08T18:16:49,STF1135,staff,Security,Gate-Management-System,vpn_certificate,success,airport-terminal,0
IA002442,2026-07-08T18:19:53,STF1102,staff,IT,Baggage-Handling-System,sso_password,success,airport-terminal,0
IA005171,2026-07-08T18:26:24,VND2030,vendor,Meridian Aircraft Maintenance,Staff-VPN,sso_password,success,vendor-remote-site,0
IA004402,2026-07-08T18:27:55,VND2034,vendor,SkyLink Ground Services,Gate-Management-System,vpn_certificate,success,airport-terminal,0
IA000609,2026-07-08T18:29:42,STF1061,staff,Ground Operations,Retail-POS-Backend,vpn_certificate,success,airport-terminal,0
IA002488,2026-07-08T18:38:53,STF1072,staff,Retail Concessions,Departure-Control-System,badge+pin,success,airport-terminal,0
IA002875,2026-07-08T18:43:30,STF1015,staff,Gate Services,Retail-POS-Backend,vpn_certificate,success,airport-terminal,0
IA003783,2026-07-08T18:47:18,STF1023,staff,Baggage Handling,Departure-Control-System,vpn_certificate,success,airport-terminal,0
IA001980,2026-07-08T19:16:03,VND2033,vendor,Meridian Aircraft Maintenance,Maintenance-Ticketing,badge+pin,success,vendor-remote-site,0
IA000784,2026-07-08T19:26:51,STF1165,staff,Cargo,Cargo-Manifest-System,sso_mfa,success,airport-terminal,0
IA002597,2026-07-08T19:34:14,VND2019,vendor,Falcon Cargo Handling,Staff-VPN,vpn_password,success,airport-terminal,0
IA002565,2026-07-08T19:40:03,VND2026,vendor,Horizon Cleaning Services,Airfield-Ops-Portal,vpn_certificate,success,airport-terminal,0
IA001305,2026-07-08T19:44:30,VND2031,vendor,Meridian Aircraft Maintenance,Airfield-Ops-Portal,sso_mfa,success,airport-terminal,0
IA000144,2026-07-08T19:44:43,STF1015,staff,Gate Services,Cargo-Manifest-System,sso_password,success,airport-terminal,0
IA005886,2026-07-08T20:05:22,VND2010,vendor,SkyLink Ground Services,Maintenance-Ticketing,badge+pin,success,airport-terminal,0
IA005901,2026-07-08T20:06:32,STF1029,staff,Security,Baggage-Handling-System,sso_mfa,success,airport-terminal,0
IA002221,2026-07-08T20:09:17,STF1174,staff,Ground Operations,Departure-Control-System,badge+pin,success,airport-terminal,0
IA003578,2026-07-08T20:20:19,STF1085,staff,Gate Services,Retail-POS-Backend,badge+pin,success,airport-terminal,0
IA001048,2026-07-08T20:35:31,VND2017,vendor,Horizon Cleaning Services,Gate-Management-System,sso_password,success,airport-terminal,0
IA003481,2026-07-08T20:36:25,STF1053,staff,Ground Operations,Baggage-Handling-System,sso_password,success,airport-terminal,0
IA001078,2026-07-08T20:36:44,STF1115,staff,Engineering & Maintenance,Cargo-Manifest-System,sso_password,success,airport-terminal,0
IA003442,2026-07-08T20:46:48,STF1034,staff,Ground Operations,Staff-VPN,badge+pin,success,airport-terminal,0
IA001776,2026-07-08T20:48:52,STF1147,staff,Ground Operations,Maintenance-Ticketing,sso_mfa,success,airport-terminal,0
IA000053,2026-07-08T20:50:04,STF1111,staff,Ground Operations,Gate-Management-System,sso_password,success,airport-terminal,0
IA004078,2026-07-08T20:51:42,STF1034,staff,Ground Operations,HR-Self-Service,sso_password,success,airport-terminal,0
IA000894,2026-07-08T20:53:23,STF1036,staff,Gate Services,HR-Self-Service,sso_mfa,success,airport-terminal,0
IA003846,2026-07-08T20:58:00,STF1146,staff,Ground Operations,Departure-Control-System,vpn_certificate,success,airport-terminal,0
IA002920,2026-07-08T21:12:12,STF1097,staff,Retail Concessions,Retail-POS-Backend,badge+pin,success,airport-terminal,0
IA005806,2026-07-08T21:12:22,STF1099,staff,Baggage Handling,Maintenance-Ticketing,badge+pin,success,airport-terminal,0
IA001346,2026-07-08T21:17:51,STF1032,staff,Security,Departure-Control-System,sso_password,success,airport-terminal,0
IA006051,2026-07-08T21:23:10,STF1085,staff,Gate Services,Gate-Management-System,vpn_password,success,airport-terminal,0
IA005120,2026-07-08T21:24:00,VND2021,vendor,Falcon Cargo Handling,HR-Self-Service,badge+pin,fail,airport-terminal,0
IA002603,2026-07-08T21:34:48,STF1056,staff,IT,Airfield-Ops-Portal,sso_mfa,success,airport-terminal,0
IA000133,2026-07-08T21:42:35,STF1157,staff,Gate Services,Staff-VPN,vpn_certificate,success,airport-terminal,0
IA003894,2026-07-08T21:49:20,STF1081,staff,Cargo,Baggage-Handling-System,sso_password,success,airport-terminal,0
IA000963,2026-07-08T21:51:51,VND2016,vendor,AeroFuel Solutions,Gate-Management-System,sso_mfa,success,airport-terminal,0
IA004581,2026-07-08T21:59:38,STF1129,staff,Security,Cargo-Manifest-System,sso_password,fail,airport-terminal,0
IA002665,2026-07-08T23:24:31,STF1018,staff,Engineering & Maintenance,Baggage-Handling-System,vpn_password,success,airport-terminal,1
IA002737,2026-07-09T02:25:40,STF1155,staff,Cargo,Staff-VPN,badge+pin,success,airport-terminal,0
IA000618,2026-07-09T02:56:56,STF1168,staff,Gate Services,Staff-VPN,sso_mfa,success,airport-terminal,0
IA002763,2026-07-09T03:41:12,VND2003,vendor,Falcon Cargo Handling,Baggage-Handling-System,sso_password,fail,airport-terminal,0
IA002412,2026-07-09T04:31:00,STF1165,staff,Cargo,Staff-VPN,badge+pin,success,airport-terminal,0
IA004415,2026-07-09T04:43:06,STF1014,staff,Baggage Handling,Airfield-Ops-Portal,sso_mfa,success,airport-terminal,0
IA006160,2026-07-09T06:06:03,STF1171,staff,Retail Concessions,Cargo-Manifest-System,badge+pin,success,airport-terminal,0
IA005211,2026-07-09T06:09:17,STF1019,staff,Cargo,Maintenance-Ticketing,badge+pin,success,airport-terminal,0
IA000667,2026-07-09T06:25:44,STF1107,staff,Baggage Handling,HR-Self-Service,badge+pin,success,airport-terminal,0
IA000896,2026-07-09T06:32:11,STF1136,staff,Baggage Handling,Cargo-Manifest-System,vpn_password,success,airport-terminal,0
IA002473,2026-07-09T06:34:14,VND2030,vendor,Meridian Aircraft Maintenance,Gate-Management-System,sso_mfa,success,airport-terminal,0
IA000545,2026-07-09T06:39:33,STF1125,staff,Retail Concessions,Departure-Control-System,badge+pin,success,airport-terminal,0
IA001558,2026-07-09T06:49:07,STF1010,staff,Gate Services,Maintenance-Ticketing,sso_password,success,airport-terminal,0
IA002045,2026-07-09T06:52:59,VND2003,vendor,Falcon Cargo Handling,Retail-POS-Backend,vpn_password,success,vendor-remote-site,0
IA006169,2026-07-09T07:01:53,STF1047,staff,Gate Services,Retail-POS-Backend,badge+pin,success,airport-terminal,0
IA005062,2026-07-09T07:05:59,STF1029,staff,Security,Staff-VPN,sso_password,success,airport-terminal,0
IA004102,2026-07-09T07:24:05,STF1119,staff,Baggage Handling,Cargo-Manifest-System,sso_mfa,success,airport-terminal,0
IA005834,2026-07-09T07:24:43,STF1009,staff,Retail Concessions,Departure-Control-System,sso_mfa,success,airport-terminal,0
IA000249,2026-07-09T07:26:59,STF1176,staff,Engineering & Maintenance,Cargo-Manifest-System,sso_mfa,success,airport-terminal,0
IA002185,2026-07-09T07:28:07,STF1053,staff,Ground Operations,Maintenance-Ticketing,sso_password,success,airport-terminal,0
IA003029,2026-07-09T07:34:14,STF1086,staff,Baggage Handling,Maintenance-Ticketing,sso_mfa,fail,airport-terminal,0
IA004738,2026-07-09T08:00:36,VND2019,vendor,Falcon Cargo Handling,HR-Self-Service,sso_password,success,vendor-remote-site,0
IA005177,2026-07-09T08:03:36,STF1025,staff,Security,Staff-VPN,sso_password,success,airport-terminal,0
IA005158,2026-07-09T08:04:23,VND2002,vendor,Horizon Cleaning Services,Departure-Control-System,sso_password,success,airport-terminal,0
IA003684,2026-07-09T08:10:11,STF1157,staff,Gate Services,Baggage-Handling-System,sso_mfa,success,airport-terminal,0
IA005649,2026-07-09T08:16:22,STF1021,staff,Ground Operations,Cargo-Manifest-System,badge+pin,success,airport-terminal,0
IA005914,2026-07-09T08:22:49,VND2005,vendor,AeroFuel Solutions,Baggage-Handling-System,sso_mfa,success,vendor-remote-site,0
IA000929,2026-07-09T09:09:02,VND2020,vendor,Coastal Catering Co,HR-Self-Service,vpn_certificate,success,airport-terminal,0
IA003707,2026-07-09T09:19:24,VND2003,vendor,Falcon Cargo Handling,Airfield-Ops-Portal,badge+pin,success,airport-terminal,0
IA000260,2026-07-09T09:24:07,STF1024,staff,Retail Concessions,Staff-VPN,vpn_certificate,success,airport-terminal,0
IA005336,2026-07-09T09:30:23,STF1046,staff,Cargo,HR-Self-Service,sso_password,success,airport-terminal,0
IA006007,2026-07-09T09:54:44,STF1132,staff,Cargo,Baggage-Handling-System,sso_password,success,airport-terminal,0
IA002803,2026-07-09T10:02:12,STF1107,staff,Baggage Handling,Baggage-Handling-System,badge+pin,success,airport-terminal,0
IA001509,2026-07-09T10:18:32,STF1055,staff,Cargo,Gate-Management-System,badge+pin,success,airport-terminal,0
IA003342,2026-07-09T10:26:57,STF1067,staff,IT,Retail-POS-Backend,badge+pin,success,airport-terminal,0
IA003952,2026-07-09T11:09:06,STF1024,staff,Retail Concessions,Cargo-Manifest-System,sso_password,success,airport-terminal,0
IA006003,2026-07-09T11:14:26,STF1115,staff,Engineering & Maintenance,Airfield-Ops-Portal,sso_mfa,success,airport-terminal,0
IA000117,2026-07-09T11:16:56,STF1131,staff,Engineering & Maintenance,Departure-Control-System,badge+pin,success,airport-terminal,0
IA003979,2026-07-09T11:17:13,STF1125,staff,Retail Concessions,Cargo-Manifest-System,badge+pin,success,airport-terminal,0
IA005965,2026-07-09T11:20:58,STF1121,staff,Security,Baggage-Handling-System,sso_mfa,success,airport-terminal,0
IA001107,2026-07-09T11:21:58,STF1002,staff,Ground Operations,Baggage-Handling-System,sso_mfa,success,airport-terminal,0
IA006035,2026-07-09T11:25:54,STF1133,staff,Baggage Handling,Retail-POS-Backend,badge+pin,success,airport-terminal,0
IA003422,2026-07-09T11:35:36,STF1101,staff,Retail Concessions,Staff-VPN,sso_password,success,airport-terminal,0
IA004968,2026-07-09T11:36:19,STF1027,staff,Baggage Handling,Maintenance-Ticketing,sso_password,fail,airport-terminal,0
IA000928,2026-07-09T11:46:02,STF1148,staff,Cargo,Gate-Management-System,sso_mfa,success,airport-terminal,0
IA001180,2026-07-09T12:01:46,STF1156,staff,Gate Services,HR-Self-Service,sso_mfa,success,airport-terminal,0
IA002842,2026-07-09T12:04:09,STF1065,staff,Security,Maintenance-Ticketing,sso_mfa,success,airport-terminal,0
IA003383,2026-07-09T12:10:19,STF1117,staff,IT,Cargo-Manifest-System,sso_password,success,airport-terminal,0
IA000636,2026-07-09T12:12:08,VND2025,vendor,SkyLink Ground Services,Departure-Control-System,vpn_password,success,vendor-remote-site,0
IA000377,2026-07-09T12:21:01,STF1079,staff,Security,Gate-Management-System,sso_password,success,airport-terminal,0
IA003318,2026-07-09T12:34:26,STF1022,staff,Ground Operations,Retail-POS-Backend,badge+pin,fail,airport-terminal,0
IA005293,2026-07-09T13:00:02,VND2008,vendor,SkyLink Ground Services,Airfield-Ops-Portal,badge+pin,success,vendor-remote-site,0
IA002162,2026-07-09T13:03:09,STF1144,staff,Security,Gate-Management-System,sso_mfa,success,airport-terminal,0
IA005928,2026-07-09T13:07:18,STF1009,staff,Retail Concessions,Maintenance-Ticketing,sso_mfa,success,airport-terminal,0
IA001333,2026-07-09T13:13:18,VND2019,vendor,Falcon Cargo Handling,HR-Self-Service,badge+pin,success,vendor-remote-site,0
IA003718,2026-07-09T13:18:10,STF1173,staff,Baggage Handling,Retail-POS-Backend,sso_password,success,airport-terminal,0
IA004646,2026-07-09T13:32:40,VND2034,vendor,SkyLink Ground Services,Cargo-Manifest-System,badge+pin,success,airport-terminal,0
IA005382,2026-07-09T13:33:51,VND2011,vendor,Falcon Cargo Handling,Maintenance-Ticketing,badge+pin,success,vendor-remote-site,0
IA002767,2026-07-09T13:40:46,STF1174,staff,Ground Operations,Cargo-Manifest-System,badge+pin,success,airport-terminal,0
IA000118,2026-07-09T13:49:19,STF1105,staff,Baggage Handling,Baggage-Handling-System,sso_password,success,airport-terminal,0
IA004845,2026-07-09T13:51:07,STF1071,staff,Cargo,Retail-POS-Backend,badge+pin,success,airport-terminal,0
IA003259,2026-07-09T13:51:09,STF1118,staff,Engineering & Maintenance,Baggage-Handling-System,sso_password,success,airport-terminal,0
IA001285,2026-07-09T13:55:10,STF1102,staff,IT,Cargo-Manifest-System,sso_mfa,success,airport-terminal,0
IA001595,2026-07-09T14:03:19,STF1159,staff,Engineering & Maintenance,Airfield-Ops-Portal,vpn_certificate,success,airport-terminal,0
IA000812,2026-07-09T14:18:29,STF1025,staff,Security,Airfield-Ops-Portal,sso_password,success,airport-terminal,0
IA002270,2026-07-09T14:19:41,STF1041,staff,Security,Airfield-Ops-Portal,sso_mfa,fail,airport-terminal,0
IA003110,2026-07-09T14:29:41,STF1063,staff,Retail Concessions,Staff-VPN,vpn_certificate,fail,airport-terminal,0
IA001246,2026-07-09T14:34:03,STF1142,staff,Gate Services,Baggage-Handling-System,vpn_password,success,airport-terminal,0
IA002238,2026-07-09T14:42:28,STF1065,staff,Security,Maintenance-Ticketing,badge+pin,success,airport-terminal,0
IA000634,2026-07-09T14:48:14,STF1056,staff,IT,Maintenance-Ticketing,sso_mfa,success,airport-terminal,0
IA004174,2026-07-09T14:49:45,VND2016,vendor,AeroFuel Solutions,Departure-Control-System,vpn_certificate,success,vendor-remote-site,0
IA005228,2026-07-09T14:51:21,STF1003,staff,IT,Maintenance-Ticketing,badge+pin,success,airport-terminal,0
IA001805,2026-07-09T14:54:17,STF1144,staff,Security,Staff-VPN,sso_password,success,airport-terminal,0
IA005916,2026-07-09T15:03:13,STF1117,staff,IT,Departure-Control-System,badge+pin,success,airport-terminal,0
IA001412,2026-07-09T15:07:34,STF1028,staff,IT,Staff-VPN,vpn_password,success,airport-terminal,0
IA002024,2026-07-09T15:21:22,STF1116,staff,IT,Baggage-Handling-System,badge+pin,success,airport-terminal,0
IA004503,2026-07-09T15:27:15,STF1150,staff,IT,Gate-Management-System,sso_mfa,success,airport-terminal,0
IA002302,2026-07-09T15:49:36,VND2025,vendor,SkyLink Ground Services,Departure-Control-System,sso_mfa,success,vendor-remote-site,0
IA005338,2026-07-09T15:49:56,STF1099,staff,Baggage Handling,Retail-POS-Backend,sso_mfa,success,airport-terminal,0
IA004829,2026-07-09T15:53:59,STF1103,staff,Retail Concessions,Gate-Management-System,badge+pin,success,airport-terminal,0
IA003700,2026-07-09T16:02:03,VND2006,vendor,Coastal Catering Co,HR-Self-Service,badge+pin,success,vendor-remote-site,0
IA003269,2026-07-09T16:16:10,STF1049,staff,Retail Concessions,HR-Self-Service,sso_password,success,airport-terminal,0
IA005049,2026-07-09T16:16:17,STF1040,staff,Cargo,Maintenance-Ticketing,sso_mfa,success,airport-terminal,0
IA002563,2026-07-09T16:22:42,VND2003,vendor,Falcon Cargo Handling,Retail-POS-Backend,badge+pin,success,vendor-remote-site,0
IA002977,2026-07-09T16:29:20,STF1058,staff,Gate Services,Gate-Management-System,badge+pin,success,airport-terminal,0
IA005622,2026-07-09T16:31:52,STF1118,staff,Engineering & Maintenance,Gate-Management-System,sso_mfa,success,airport-terminal,0
IA001781,2026-07-09T16:35:37,STF1120,staff,Engineering & Maintenance,Gate-Management-System,sso_password,success,airport-terminal,0
IA003092,2026-07-09T16:40:17,VND2008,vendor,SkyLink Ground Services,Retail-POS-Backend,sso_mfa,success,vendor-remote-site,0
IA002864,2026-07-09T16:44:42,STF1006,staff,Retail Concessions,Retail-POS-Backend,sso_mfa,success,airport-terminal,0
IA002658,2026-07-09T16:49:13,VND2000,vendor,SkyLink Ground Services,HR-Self-Service,sso_mfa,success,airport-terminal,0
IA004085,2026-07-09T17:03:46,STF1172,staff,Ground Operations,HR-Self-Service,sso_mfa,success,airport-terminal,0
IA004351,2026-07-09T17:07:14,STF1014,staff,Baggage Handling,Cargo-Manifest-System,badge+pin,success,airport-terminal,0
IA006049,2026-07-09T17:08:56,VND2004,vendor,Falcon Cargo Handling,Baggage-Handling-System,vpn_password,success,airport-terminal,0
IA003135,2026-07-09T17:14:13,STF1168,staff,Gate Services,Maintenance-Ticketing,badge+pin,fail,airport-terminal,0
IA003999,2026-07-09T17:14:26,VND2000,vendor,SkyLink Ground Services,Retail-POS-Backend,sso_password,success,airport-terminal,0
IA001596,2026-07-09T17:22:58,STF1061,staff,Ground Operations,Airfield-Ops-Portal,badge+pin,success,airport-terminal,0
IA002375,2026-07-09T17:30:59,STF1089,staff,Retail Concessions,Baggage-Handling-System,badge+pin,success,airport-terminal,0
IA003859,2026-07-09T17:31:58,STF1156,staff,Gate Services,Cargo-Manifest-System,badge+pin,fail,airport-terminal,0
IA002628,2026-07-09T17:33:07,STF1062,staff,Gate Services,HR-Self-Service,badge+pin,success,airport-terminal,0
IA004963,2026-07-09T17:43:47,VND2001,vendor,Meridian Aircraft Maintenance,Cargo-Manifest-System,badge+pin,success,vendor-remote-site,0
IA004789,2026-07-09T17:44:50,VND2033,vendor,Meridian Aircraft Maintenance,Gate-Management-System,vpn_certificate,success,airport-terminal,0
IA003421,2026-07-09T17:49:06,STF1058,staff,Gate Services,Baggage-Handling-System,vpn_password,success,airport-terminal,0
IA003468,2026-07-09T18:08:58,STF1027,staff,Baggage Handling,Staff-VPN,sso_password,success,airport-terminal,0
IA004217,2026-07-09T18:16:57,STF1022,staff,Ground Operations,Airfield-Ops-Portal,sso_password,success,airport-terminal,0
IA004362,2026-07-09T18:23:30,VND2013,vendor,Falcon Cargo Handling,Cargo-Manifest-System,vpn_certificate,success,airport-terminal,0
IA005673,2026-07-09T18:27:02,STF1062,staff,Gate Services,Staff-VPN,vpn_certificate,success,airport-terminal,0
IA004810,2026-07-09T18:29:49,STF1176,staff,Engineering & Maintenance,Airfield-Ops-Portal,sso_password,success,airport-terminal,0
IA000757,2026-07-09T18:47:53,VND2022,vendor,Falcon Cargo Handling,Baggage-Handling-System,sso_mfa,success,airport-terminal,0
IA001531,2026-07-09T18:50:32,STF1032,staff,Security,Airfield-Ops-Portal,sso_password,success,airport-terminal,0
IA004777,2026-07-09T18:50:45,VND2033,vendor,Meridian Aircraft Maintenance,Airfield-Ops-Portal,badge+pin,success,vendor-remote-site,0
IA004292,2026-07-09T18:54:26,VND2006,vendor,Coastal Catering Co,Maintenance-Ticketing,badge+pin,success,vendor-remote-site,0
IA000198,2026-07-09T19:36:29,STF1166,staff,Baggage Handling,Gate-Management-System,sso_password,success,airport-terminal,0
IA001626,2026-07-09T20:01:29,STF1031,staff,Cargo,Departure-Control-System,sso_password,success,airport-terminal,0
IA000922,2026-07-09T20:02:55,STF1168,staff,Gate Services,Gate-Management-System,sso_password,success,airport-terminal,0
IA000433,2026-07-09T20:05:04,STF1014,staff,Baggage Handling,Maintenance-Ticketing,sso_mfa,success,airport-terminal,0
IA003631,2026-07-09T20:07:23,STF1107,staff,Baggage Handling,Baggage-Handling-System,sso_mfa,success,airport-terminal,0
IA003711,2026-07-09T20:20:18,VND2030,vendor,Meridian Aircraft Maintenance,Gate-Management-System,sso_mfa,success,airport-terminal,0
IA005308,2026-07-09T20:28:39,VND2007,vendor,SkyLink Ground Services,Baggage-Handling-System,sso_password,success,airport-terminal,0
IA004786,2026-07-09T20:32:57,STF1019,staff,Cargo,Cargo-Manifest-System,sso_password,success,airport-terminal,0
IA001552,2026-07-09T20:46:09,STF1048,staff,Retail Concessions,Maintenance-Ticketing,vpn_certificate,success,airport-terminal,0
IA005979,2026-07-09T21:09:31,STF1084,staff,IT,Departure-Control-System,sso_mfa,success,airport-terminal,0
IA004228,2026-07-09T21:16:31,STF1125,staff,Retail Concessions,Gate-Management-System,sso_mfa,success,airport-terminal,0
IA002796,2026-07-09T21:17:06,STF1151,staff,Baggage Handling,Staff-VPN,sso_password,success,airport-terminal,0
IA005842,2026-07-09T21:23:56,STF1034,staff,Ground Operations,Staff-VPN,badge+pin,success,airport-terminal,0
IA004354,2026-07-09T21:28:38,STF1174,staff,Ground Operations,Gate-Management-System,badge+pin,success,airport-terminal,0
IA005621,2026-07-09T21:33:13,STF1056,staff,IT,HR-Self-Service,sso_mfa,success,airport-terminal,0
IA001823,2026-07-09T21:36:35,STF1014,staff,Baggage Handling,Retail-POS-Backend,sso_password,success,airport-terminal,0
IA001831,2026-07-09T21:41:59,STF1074,staff,Baggage Handling,Cargo-Manifest-System,vpn_password,fail,airport-terminal,0
IA000606,2026-07-09T21:52:13,STF1026,staff,Gate Services,Staff-VPN,vpn_certificate,success,airport-terminal,0
IA002036,2026-07-09T23:23:58,STF1120,staff,Engineering & Maintenance,Maintenance-Ticketing,sso_mfa,success,airport-terminal,0
IA004263,2026-07-10T00:02:58,STF1110,staff,Security,Airfield-Ops-Portal,badge+pin,success,airport-terminal,0
IA004549,2026-07-10T00:37:29,VND2000,vendor,SkyLink Ground Services,Cargo-Manifest-System,vpn_certificate,success,vendor-remote-site,0
IA004949,2026-07-10T00:44:26,VND2004,vendor,Falcon Cargo Handling,Maintenance-Ticketing,vpn_certificate,success,vendor-remote-site,0
IA004628,2026-07-10T00:58:00,STF1008,staff,Ground Operations,Staff-VPN,badge+pin,success,airport-terminal,0
IA001033,2026-07-10T01:23:02,STF1098,staff,Engineering & Maintenance,Departure-Control-System,vpn_password,success,airport-terminal,1
IA005921,2026-07-10T02:20:26,STF1164,staff,Ground Operations,Staff-VPN,vpn_password,success,airport-terminal,1
IA002514,2026-07-10T02:22:17,VND2017,vendor,Horizon Cleaning Services,Departure-Control-System,badge+pin,success,airport-terminal,0
IA003765,2026-07-10T02:48:39,STF1072,staff,Retail Concessions,Maintenance-Ticketing,vpn_password,success,airport-terminal,0
IA000496,2026-07-10T03:23:09,STF1100,staff,Engineering & Maintenance,Maintenance-Ticketing,sso_password,success,airport-terminal,0
IA004438,2026-07-10T04:01:25,STF1154,staff,Ground Operations,Retail-POS-Backend,sso_password,fail,airport-terminal,0
IA004350,2026-07-10T04:14:59,STF1021,staff,Ground Operations,Airfield-Ops-Portal,badge+pin,success,airport-terminal,0
IA005970,2026-07-10T06:03:06,VND2026,vendor,Horizon Cleaning Services,Departure-Control-System,sso_password,success,airport-terminal,0
IA003485,2026-07-10T06:18:29,STF1132,staff,Cargo,Staff-VPN,vpn_password,success,airport-terminal,0
IA000987,2026-07-10T06:19:24,STF1109,staff,IT,Staff-VPN,sso_password,success,airport-terminal,0
IA001733,2026-07-10T06:26:13,VND2004,vendor,Falcon Cargo Handling,Departure-Control-System,sso_mfa,success,airport-terminal,0
IA002741,2026-07-10T06:32:29,STF1051,staff,Retail Concessions,Airfield-Ops-Portal,badge+pin,success,airport-terminal,0
IA004277,2026-07-10T06:34:28,STF1113,staff,IT,Staff-VPN,badge+pin,success,airport-terminal,0
IA000346,2026-07-10T06:37:39,VND2031,vendor,Meridian Aircraft Maintenance,Airfield-Ops-Portal,vpn_password,success,airport-terminal,0
IA003415,2026-07-10T06:39:15,STF1115,staff,Engineering & Maintenance,Staff-VPN,badge+pin,success,airport-terminal,0
IA000236,2026-07-10T06:46:42,STF1138,staff,Security,Maintenance-Ticketing,vpn_certificate,success,airport-terminal,0
IA002667,2026-07-10T06:52:42,VND2006,vendor,Coastal Catering Co,Baggage-Handling-System,vpn_certificate,success,vendor-remote-site,0
IA001247,2026-07-10T07:05:16,STF1054,staff,Security,Retail-POS-Backend,vpn_password,success,airport-terminal,0
IA006059,2026-07-10T07:16:26,STF1047,staff,Gate Services,HR-Self-Service,badge+pin,success,airport-terminal,0
IA004296,2026-07-10T07:16:32,STF1131,staff,Engineering & Maintenance,Airfield-Ops-Portal,sso_password,success,airport-terminal,0
IA005722,2026-07-10T07:18:24,STF1020,staff,Ground Operations,Baggage-Handling-System,vpn_password,success,airport-terminal,0
IA000395,2026-07-10T07:19:53,STF1134,staff,Gate Services,Cargo-Manifest-System,sso_password,success,airport-terminal,0
IA006158,2026-07-10T07:35:16,STF1138,staff,Security,HR-Self-Service,badge+pin,success,airport-terminal,0
IA001762,2026-07-10T07:42:07,STF1101,staff,Retail Concessions,Baggage-Handling-System,sso_password,success,airport-terminal,0
IA004150,2026-07-10T07:45:22,VND2027,vendor,Meridian Aircraft Maintenance,Departure-Control-System,sso_password,success,vendor-remote-site,0
IA001116,2026-07-10T08:16:36,STF1030,staff,Baggage Handling,Airfield-Ops-Portal,sso_password,fail,airport-terminal,0
IA001085,2026-07-10T08:25:11,VND2008,vendor,SkyLink Ground Services,Departure-Control-System,vpn_certificate,success,airport-terminal,0
IA005221,2026-07-10T08:42:51,STF1060,staff,Retail Concessions,HR-Self-Service,sso_mfa,success,airport-terminal,0
IA000695,2026-07-10T08:50:59,STF1053,staff,Ground Operations,HR-Self-Service,badge+pin,success,airport-terminal,0
IA004206,2026-07-10T08:51:46,STF1092,staff,Baggage Handling,Baggage-Handling-System,vpn_certificate,success,airport-terminal,0
IA001887,2026-07-10T08:58:27,STF1126,staff,IT,Gate-Management-System,sso_mfa,success,airport-terminal,0
IA001453,2026-07-10T09:02:55,STF1011,staff,Retail Concessions,Airfield-Ops-Portal,sso_mfa,success,airport-terminal,0
IA000160,2026-07-10T09:05:44,STF1052,staff,Cargo,HR-Self-Service,badge+pin,success,airport-terminal,0
IA003922,2026-07-10T09:12:35,STF1066,staff,Retail Concessions,Staff-VPN,sso_mfa,success,airport-terminal,0
IA003108,2026-07-10T09:13:20,VND2023,vendor,SkyLink Ground Services,Baggage-Handling-System,sso_password,success,vendor-remote-site,0
IA000493,2026-07-10T09:16:47,STF1121,staff,Security,Gate-Management-System,vpn_password,success,airport-terminal,0
IA003164,2026-07-10T09:17:38,STF1159,staff,Engineering & Maintenance,Staff-VPN,badge+pin,success,airport-terminal,0
IA001422,2026-07-10T09:23:48,STF1027,staff,Baggage Handling,Airfield-Ops-Portal,vpn_certificate,success,airport-terminal,0
IA004141,2026-07-10T09:31:09,STF1062,staff,Gate Services,HR-Self-Service,sso_password,success,airport-terminal,0
IA001429,2026-07-10T09:46:11,STF1152,staff,Ground Operations,Maintenance-Ticketing,badge+pin,success,airport-terminal,0
IA002157,2026-07-10T09:50:35,VND2009,vendor,Falcon Cargo Handling,Cargo-Manifest-System,sso_password,success,airport-terminal,0
IA002335,2026-07-10T09:58:10,VND2014,vendor,AeroFuel Solutions,Staff-VPN,badge+pin,fail,airport-terminal,0
IA002941,2026-07-10T10:03:34,STF1044,staff,Ground Operations,Departure-Control-System,vpn_certificate,success,airport-terminal,0
IA005539,2026-07-10T10:04:39,STF1175,staff,Ground Operations,Gate-Management-System,vpn_certificate,success,airport-terminal,0
IA003852,2026-07-10T10:13:59,STF1020,staff,Ground Operations,Airfield-Ops-Portal,sso_mfa,success,airport-terminal,0
IA001517,2026-07-10T10:42:39,STF1011,staff,Retail Concessions,HR-Self-Service,badge+pin,success,airport-terminal,0
IA000038,2026-07-10T10:44:05,VND2020,vendor,Coastal Catering Co,Airfield-Ops-Portal,vpn_certificate,success,airport-terminal,0
IA002909,2026-07-10T10:57:40,STF1023,staff,Baggage Handling,HR-Self-Service,sso_password,success,airport-terminal,0
IA000284,2026-07-10T10:58:55,STF1090,staff,Engineering & Maintenance,Baggage-Handling-System,sso_password,success,airport-terminal,0
IA001716,2026-07-10T11:01:34,STF1017,staff,Gate Services,Gate-Management-System,sso_password,success,airport-terminal,0
IA001473,2026-07-10T11:02:01,STF1140,staff,Engineering & Maintenance,Baggage-Handling-System,vpn_password,success,airport-terminal,0
IA000140,2026-07-10T11:07:15,STF1049,staff,Retail Concessions,Retail-POS-Backend,vpn_certificate,success,airport-terminal,0
IA003169,2026-07-10T11:16:21,STF1144,staff,Security,Staff-VPN,badge+pin,success,airport-terminal,0
IA002277,2026-07-10T11:25:57,STF1044,staff,Ground Operations,Gate-Management-System,sso_password,success,airport-terminal,0
IA002391,2026-07-10T11:32:48,STF1096,staff,Security,HR-Self-Service,sso_password,success,airport-terminal,0
IA003547,2026-07-10T11:37:17,STF1126,staff,IT,Maintenance-Ticketing,sso_password,success,airport-terminal,0
IA005552,2026-07-10T11:45:01,STF1074,staff,Baggage Handling,Retail-POS-Backend,sso_mfa,success,airport-terminal,0
IA004023,2026-07-10T11:49:18,VND2006,vendor,Coastal Catering Co,Departure-Control-System,sso_mfa,success,airport-terminal,0
IA001068,2026-07-10T12:00:00,STF1032,staff,Security,Maintenance-Ticketing,sso_password,success,airport-terminal,0
IA003623,2026-07-10T12:06:51,STF1060,staff,Retail Concessions,Cargo-Manifest-System,vpn_password,success,airport-terminal,0
IA000044,2026-07-10T12:09:26,STF1043,staff,Cargo,Cargo-Manifest-System,sso_mfa,success,airport-terminal,0
IA001614,2026-07-10T12:41:31,VND2025,vendor,SkyLink Ground Services,Retail-POS-Backend,badge+pin,fail,vendor-remote-site,0
IA003786,2026-07-10T12:44:58,STF1006,staff,Retail Concessions,HR-Self-Service,sso_mfa,success,airport-terminal,0
IA000888,2026-07-10T12:48:50,STF1066,staff,Retail Concessions,Cargo-Manifest-System,vpn_certificate,success,airport-terminal,0
IA000754,2026-07-10T12:53:02,VND2022,vendor,Falcon Cargo Handling,Departure-Control-System,badge+pin,success,airport-terminal,0
IA004930,2026-07-10T12:55:04,VND2030,vendor,Meridian Aircraft Maintenance,Gate-Management-System,badge+pin,success,vendor-remote-site,0
IA001751,2026-07-10T13:09:23,STF1113,staff,IT,Retail-POS-Backend,sso_password,success,airport-terminal,0
IA005788,2026-07-10T13:14:30,STF1175,staff,Ground Operations,Staff-VPN,sso_mfa,success,airport-terminal,0
IA006019,2026-07-10T13:26:14,STF1150,staff,IT,Retail-POS-Backend,badge+pin,success,airport-terminal,0
IA000869,2026-07-10T13:27:17,STF1134,staff,Gate Services,Retail-POS-Backend,badge+pin,success,airport-terminal,0
IA002092,2026-07-10T13:55:07,VND2020,vendor,Coastal Catering Co,Departure-Control-System,badge+pin,success,airport-terminal,0
IA003267,2026-07-10T14:07:11,STF1144,staff,Security,Maintenance-Ticketing,vpn_certificate,success,airport-terminal,0
IA002833,2026-07-10T14:36:09,STF1044,staff,Ground Operations,Maintenance-Ticketing,vpn_certificate,success,airport-terminal,0
IA001077,2026-07-10T14:38:11,STF1125,staff,Retail Concessions,Airfield-Ops-Portal,vpn_password,success,airport-terminal,0
IA003250,2026-07-10T14:52:37,STF1121,staff,Security,Cargo-Manifest-System,badge+pin,success,airport-terminal,0
IA005731,2026-07-10T14:52:37,STF1084,staff,IT,Retail-POS-Backend,sso_password,fail,airport-terminal,0
IA000706,2026-07-10T15:12:09,STF1147,staff,Ground Operations,Staff-VPN,badge+pin,success,airport-terminal,0
IA002635,2026-07-10T15:12:50,STF1062,staff,Gate Services,HR-Self-Service,sso_mfa,success,airport-terminal,0
IA001097,2026-07-10T15:20:54,STF1099,staff,Baggage Handling,Cargo-Manifest-System,sso_password,success,airport-terminal,0
IA005709,2026-07-10T15:26:16,STF1058,staff,Gate Services,Gate-Management-System,vpn_certificate,success,airport-terminal,0
IA001786,2026-07-10T15:29:47,STF1149,staff,Cargo,Staff-VPN,vpn_certificate,success,airport-terminal,0
IA000408,2026-07-10T15:31:50,VND2018,vendor,Falcon Cargo Handling,Gate-Management-System,sso_password,success,vendor-remote-site,0
IA004632,2026-07-10T15:43:48,STF1143,staff,Engineering & Maintenance,Maintenance-Ticketing,vpn_password,success,airport-terminal,0
IA003433,2026-07-10T15:59:51,VND2010,vendor,SkyLink Ground Services,Departure-Control-System,vpn_password,success,vendor-remote-site,0
IA000901,2026-07-10T16:09:50,STF1106,staff,Retail Concessions,Departure-Control-System,sso_password,success,airport-terminal,0
IA004906,2026-07-10T16:20:39,STF1034,staff,Ground Operations,Cargo-Manifest-System,sso_password,success,airport-terminal,0
IA005775,2026-07-10T16:39:24,STF1059,staff,IT,Retail-POS-Backend,vpn_certificate,success,airport-terminal,0
IA005453,2026-07-10T16:40:17,STF1094,staff,IT,Baggage-Handling-System,vpn_password,success,airport-terminal,0
IA000343,2026-07-10T16:50:38,STF1156,staff,Gate Services,Maintenance-Ticketing,badge+pin,success,airport-terminal,0
IA004882,2026-07-10T17:17:38,STF1029,staff,Security,Staff-VPN,sso_mfa,success,airport-terminal,0
IA002919,2026-07-10T17:20:02,STF1116,staff,IT,Airfield-Ops-Portal,sso_password,success,airport-terminal,0
IA000168,2026-07-10T17:20:18,STF1085,staff,Gate Services,Airfield-Ops-Portal,badge+pin,success,airport-terminal,0
IA004230,2026-07-10T17:22:02,STF1147,staff,Ground Operations,Departure-Control-System,sso_mfa,success,airport-terminal,0
IA002344,2026-07-10T17:33:07,VND2019,vendor,Falcon Cargo Handling,Staff-VPN,vpn_password,success,vendor-remote-site,0
IA003634,2026-07-10T17:38:16,VND2011,vendor,Falcon Cargo Handling,Gate-Management-System,badge+pin,success,airport-terminal,0
IA003892,2026-07-10T17:38:45,STF1026,staff,Gate Services,Cargo-Manifest-System,sso_mfa,success,airport-terminal,0
IA004321,2026-07-10T17:55:08,STF1002,staff,Ground Operations,Departure-Control-System,sso_password,success,airport-terminal,0
IA003334,2026-07-10T18:00:29,VND2005,vendor,AeroFuel Solutions,Cargo-Manifest-System,sso_password,success,vendor-remote-site,0
IA004280,2026-07-10T18:19:34,STF1161,staff,Ground Operations,Maintenance-Ticketing,sso_mfa,success,airport-terminal,0
IA002023,2026-07-10T18:41:33,STF1004,staff,IT,Gate-Management-System,sso_mfa,success,airport-terminal,0
IA006154,2026-07-10T18:41:44,STF1178,staff,Engineering & Maintenance,HR-Self-Service,badge+pin,success,airport-terminal,0
IA000258,2026-07-10T18:47:31,STF1117,staff,IT,Cargo-Manifest-System,badge+pin,success,airport-terminal,0
IA004486,2026-07-10T18:48:11,VND2023,vendor,SkyLink Ground Services,Retail-POS-Backend,vpn_certificate,success,airport-terminal,0
IA004107,2026-07-10T18:55:51,STF1019,staff,Cargo,Gate-Management-System,sso_mfa,success,airport-terminal,0
IA003453,2026-07-10T18:56:49,VND2001,vendor,Meridian Aircraft Maintenance,HR-Self-Service,badge+pin,success,vendor-remote-site,0
IA001947,2026-07-10T19:03:10,STF1166,staff,Baggage Handling,Retail-POS-Backend,badge+pin,success,airport-terminal,0
IA003394,2026-07-10T19:04:42,STF1085,staff,Gate Services,Baggage-Handling-System,badge+pin,success,airport-terminal,0
IA004094,2026-07-10T19:05:48,STF1040,staff,Cargo,Airfield-Ops-Portal,badge+pin,success,airport-terminal,0
IA001505,2026-07-10T19:06:52,STF1004,staff,IT,Gate-Management-System,badge+pin,success,airport-terminal,0
IA005739,2026-07-10T19:16:49,STF1013,staff,Cargo,Maintenance-Ticketing,vpn_certificate,success,airport-terminal,0
IA002524,2026-07-10T19:20:51,STF1000,staff,Ground Operations,Staff-VPN,sso_password,success,airport-terminal,0
IA000857,2026-07-10T19:28:46,VND2008,vendor,SkyLink Ground Services,Airfield-Ops-Portal,vpn_certificate,success,airport-terminal,0
IA003690,2026-07-10T19:44:52,STF1123,staff,Baggage Handling,Airfield-Ops-Portal,badge+pin,success,airport-terminal,0
IA006069,2026-07-10T19:50:32,STF1101,staff,Retail Concessions,Airfield-Ops-Portal,sso_password,success,airport-terminal,0
IA005647,2026-07-10T20:11:35,STF1150,staff,IT,Gate-Management-System,badge+pin,success,airport-terminal,0
IA003889,2026-07-10T20:17:49,STF1085,staff,Gate Services,Cargo-Manifest-System,vpn_certificate,success,airport-terminal,0
IA002777,2026-07-10T20:19:16,STF1013,staff,Cargo,Maintenance-Ticketing,sso_mfa,success,airport-terminal,0
IA003000,2026-07-10T20:26:08,STF1173,staff,Baggage Handling,Staff-VPN,vpn_password,fail,airport-terminal,0
IA005717,2026-07-10T20:28:01,STF1098,staff,Engineering & Maintenance,Staff-VPN,vpn_password,success,airport-terminal,0
IA006141,2026-07-10T20:34:36,VND2022,vendor,Falcon Cargo Handling,Cargo-Manifest-System,vpn_certificate,success,airport-terminal,0
IA002287,2026-07-10T20:41:16,STF1166,staff,Baggage Handling,Departure-Control-System,vpn_password,success,airport-terminal,0
IA003159,2026-07-10T20:54:40,VND2021,vendor,Falcon Cargo Handling,Maintenance-Ticketing,badge+pin,success,vendor-remote-site,0
IA004382,2026-07-10T20:55:58,VND2013,vendor,Falcon Cargo Handling,Gate-Management-System,vpn_certificate,success,airport-terminal,0
IA000475,2026-07-10T21:11:50,STF1003,staff,IT,Baggage-Handling-System,sso_mfa,success,airport-terminal,0
IA000037,2026-07-10T21:15:35,STF1087,staff,Ground Operations,Gate-Management-System,badge+pin,success,airport-terminal,0
IA001090,2026-07-10T21:23:06,STF1134,staff,Gate Services,Maintenance-Ticketing,sso_mfa,success,airport-terminal,0
IA001522,2026-07-10T21:27:49,STF1087,staff,Ground Operations,Gate-Management-System,sso_mfa,success,airport-terminal,0
IA000289,2026-07-10T21:33:27,STF1095,staff,Retail Concessions,Airfield-Ops-Portal,badge+pin,success,airport-terminal,0
IA004606,2026-07-10T21:35:09,STF1147,staff,Ground Operations,Airfield-Ops-Portal,badge+pin,success,airport-terminal,0
IA006098,2026-07-10T21:39:33,STF1024,staff,Retail Concessions,Maintenance-Ticketing,sso_password,success,airport-terminal,0
IA003055,2026-07-10T21:41:13,VND2032,vendor,AeroFuel Solutions,Baggage-Handling-System,sso_password,success,vendor-remote-site,0
IA001547,2026-07-11T00:12:53,STF1178,staff,Engineering & Maintenance,Maintenance-Ticketing,sso_password,success,airport-terminal,0
IA001255,2026-07-11T00:47:57,VND2022,vendor,Falcon Cargo Handling,HR-Self-Service,sso_password,success,airport-terminal,0
IA001149,2026-07-11T01:04:15,STF1020,staff,Ground Operations,Departure-Control-System,badge+pin,success,airport-terminal,0
IA002713,2026-07-11T01:24:48,STF1158,staff,Baggage Handling,Gate-Management-System,sso_password,success,airport-terminal,0
IA006134,2026-07-11T01:40:21,VND2030,vendor,Meridian Aircraft Maintenance,Departure-Control-System,vpn_password,success,airport-terminal,0
IA002765,2026-07-11T02:44:58,STF1167,staff,Retail Concessions,Baggage-Handling-System,vpn_password,success,airport-terminal,1
IA003734,2026-07-11T03:14:43,STF1114,staff,Gate Services,Staff-VPN,badge+pin,success,airport-terminal,0
IA000130,2026-07-11T04:18:10,STF1087,staff,Ground Operations,HR-Self-Service,sso_mfa,success,airport-terminal,0
IA000220,2026-07-11T04:33:44,STF1135,staff,Security,HR-Self-Service,badge+pin,success,airport-terminal,0
IA003828,2026-07-11T04:44:57,STF1005,staff,Retail Concessions,HR-Self-Service,badge+pin,success,airport-terminal,0
IA004032,2026-07-11T04:50:43,STF1021,staff,Ground Operations,Maintenance-Ticketing,vpn_certificate,success,airport-terminal,0
IA001565,2026-07-11T06:03:00,STF1102,staff,IT,Retail-POS-Backend,sso_password,success,airport-terminal,0
IA000179,2026-07-11T06:14:14,VND2007,vendor,SkyLink Ground Services,Baggage-Handling-System,sso_password,success,vendor-remote-site,0
IA002610,2026-07-11T06:23:31,STF1075,staff,Gate Services,HR-Self-Service,sso_password,success,airport-terminal,0
IA003860,2026-07-11T06:26:55,STF1031,staff,Cargo,Airfield-Ops-Portal,sso_mfa,success,airport-terminal,0
IA005729,2026-07-11T06:34:20,STF1159,staff,Engineering & Maintenance,Baggage-Handling-System,badge+pin,success,airport-terminal,0
IA002349,2026-07-11T06:41:22,STF1028,staff,IT,Departure-Control-System,sso_mfa,success,airport-terminal,0
IA005426,2026-07-11T06:46:08,STF1017,staff,Gate Services,Departure-Control-System,sso_mfa,success,airport-terminal,0
IA003806,2026-07-11T06:51:47,STF1171,staff,Retail Concessions,Baggage-Handling-System,badge+pin,success,airport-terminal,0
IA004326,2026-07-11T06:54:57,STF1140,staff,Engineering & Maintenance,Gate-Management-System,sso_password,success,airport-terminal,0
IA005116,2026-07-11T06:59:27,STF1107,staff,Baggage Handling,Gate-Management-System,sso_password,success,airport-terminal,0
IA005675,2026-07-11T07:01:43,STF1008,staff,Ground Operations,Airfield-Ops-Portal,sso_password,success,airport-terminal,0
IA000371,2026-07-11T07:06:19,STF1005,staff,Retail Concessions,Retail-POS-Backend,vpn_certificate,success,airport-terminal,0
IA005912,2026-07-11T07:11:16,VND2015,vendor,AeroFuel Solutions,Airfield-Ops-Portal,sso_password,success,airport-terminal,0
IA004730,2026-07-11T07:16:13,STF1112,staff,Cargo,Staff-VPN,badge+pin,success,airport-terminal,0
IA000093,2026-07-11T07:21:46,STF1155,staff,Cargo,Maintenance-Ticketing,sso_password,success,airport-terminal,0
IA005368,2026-07-11T07:22:59,STF1069,staff,Baggage Handling,HR-Self-Service,sso_mfa,success,airport-terminal,0
IA004977,2026-07-11T07:55:41,VND2019,vendor,Falcon Cargo Handling,Cargo-Manifest-System,sso_password,success,vendor-remote-site,0
IA005006,2026-07-11T08:01:09,STF1099,staff,Baggage Handling,Departure-Control-System,sso_password,success,airport-terminal,0
IA004620,2026-07-11T08:03:21,STF1059,staff,IT,Gate-Management-System,badge+pin,fail,airport-terminal,0
IA004860,2026-07-11T08:09:44,VND2020,vendor,Coastal Catering Co,Cargo-Manifest-System,badge+pin,success,airport-terminal,0
IA002987,2026-07-11T08:29:06,STF1155,staff,Cargo,Airfield-Ops-Portal,vpn_certificate,success,airport-terminal,0
IA001426,2026-07-11T08:39:28,STF1031,staff,Cargo,Departure-Control-System,sso_password,success,airport-terminal,0
IA005820,2026-07-11T09:11:27,STF1134,staff,Gate Services,Staff-VPN,sso_password,success,airport-terminal,0
IA000051,2026-07-11T09:22:47,STF1117,staff,IT,Departure-Control-System,vpn_password,success,airport-terminal,0
IA003457,2026-07-11T09:43:35,STF1149,staff,Cargo,HR-Self-Service,vpn_certificate,success,airport-terminal,0
IA004859,2026-07-11T09:45:39,STF1107,staff,Baggage Handling,Cargo-Manifest-System,sso_password,success,airport-terminal,0
IA001386,2026-07-11T09:51:39,STF1050,staff,Ground Operations,HR-Self-Service,badge+pin,success,airport-terminal,0
IA000494,2026-07-11T10:02:49,STF1092,staff,Baggage Handling,Retail-POS-Backend,badge+pin,success,airport-terminal,0
IA003705,2026-07-11T10:03:09,STF1148,staff,Cargo,Departure-Control-System,vpn_password,success,airport-terminal,0
IA004763,2026-07-11T10:06:48,STF1141,staff,Retail Concessions,Maintenance-Ticketing,vpn_password,success,airport-terminal,0
IA002847,2026-07-11T10:13:24,VND2031,vendor,Meridian Aircraft Maintenance,Retail-POS-Backend,vpn_certificate,success,vendor-remote-site,0
IA003014,2026-07-11T10:15:57,VND2005,vendor,AeroFuel Solutions,Retail-POS-Backend,vpn_password,success,airport-terminal,0
IA000581,2026-07-11T10:33:31,STF1161,staff,Ground Operations,HR-Self-Service,sso_mfa,fail,airport-terminal,0
IA003902,2026-07-11T10:41:13,STF1095,staff,Retail Concessions,HR-Self-Service,badge+pin,success,airport-terminal,0
IA005716,2026-07-11T10:50:36,STF1126,staff,IT,Airfield-Ops-Portal,vpn_certificate,success,airport-terminal,0
IA000777,2026-07-11T10:57:10,STF1069,staff,Baggage Handling,Airfield-Ops-Portal,sso_password,success,airport-terminal,0
IA005721,2026-07-11T11:01:46,STF1083,staff,Security,HR-Self-Service,sso_password,success,airport-terminal,0
IA000294,2026-07-11T11:02:53,STF1020,staff,Ground Operations,Staff-VPN,sso_password,success,airport-terminal,0
IA001881,2026-07-11T11:08:56,VND2015,vendor,AeroFuel Solutions,Retail-POS-Backend,badge+pin,success,airport-terminal,0
IA004197,2026-07-11T11:27:21,STF1103,staff,Retail Concessions,Airfield-Ops-Portal,badge+pin,success,airport-terminal,0
IA001525,2026-07-11T11:28:05,STF1074,staff,Baggage Handling,Baggage-Handling-System,badge+pin,success,airport-terminal,0
IA002540,2026-07-11T11:29:00,VND2016,vendor,AeroFuel Solutions,Cargo-Manifest-System,badge+pin,success,vendor-remote-site,0
IA003330,2026-07-11T11:40:16,STF1142,staff,Gate Services,Staff-VPN,vpn_certificate,success,airport-terminal,0
IA001053,2026-07-11T12:09:45,STF1165,staff,Cargo,Gate-Management-System,vpn_password,success,airport-terminal,0
IA006116,2026-07-11T12:09:59,STF1002,staff,Ground Operations,Airfield-Ops-Portal,vpn_password,success,airport-terminal,0
IA004348,2026-07-11T12:15:37,STF1125,staff,Retail Concessions,Maintenance-Ticketing,badge+pin,success,airport-terminal,0
IA004698,2026-07-11T12:19:04,STF1153,staff,Ground Operations,Maintenance-Ticketing,sso_password,success,airport-terminal,0
IA002476,2026-07-11T12:20:27,STF1030,staff,Baggage Handling,Staff-VPN,sso_mfa,success,airport-terminal,0
IA006184,2026-07-11T12:23:57,STF1066,staff,Retail Concessions,Maintenance-Ticketing,sso_mfa,success,airport-terminal,0
IA002229,2026-07-11T12:32:32,STF1077,staff,Gate Services,Maintenance-Ticketing,sso_password,success,airport-terminal,0
IA005454,2026-07-11T12:33:40,STF1116,staff,IT,Gate-Management-System,sso_mfa,success,airport-terminal,0
IA002605,2026-07-11T12:55:20,VND2001,vendor,Meridian Aircraft Maintenance,Gate-Management-System,sso_mfa,success,vendor-remote-site,0
IA006161,2026-07-11T13:23:12,STF1142,staff,Gate Services,Gate-Management-System,sso_password,fail,airport-terminal,0
IA004892,2026-07-11T13:31:17,STF1044,staff,Ground Operations,Staff-VPN,vpn_certificate,success,airport-terminal,0
IA000989,2026-07-11T13:55:48,VND2032,vendor,AeroFuel Solutions,Baggage-Handling-System,sso_mfa,success,vendor-remote-site,0
IA000946,2026-07-11T14:05:25,STF1120,staff,Engineering & Maintenance,Airfield-Ops-Portal,sso_password,success,airport-terminal,0
IA005495,2026-07-11T14:07:10,STF1122,staff,Gate Services,Baggage-Handling-System,sso_mfa,success,airport-terminal,0
IA002535,2026-07-11T14:11:47,STF1113,staff,IT,Staff-VPN,sso_password,success,airport-terminal,0
IA004585,2026-07-11T14:21:55,STF1041,staff,Security,Baggage-Handling-System,vpn_certificate,success,airport-terminal,0
IA006156,2026-07-11T14:25:10,STF1122,staff,Gate Services,Baggage-Handling-System,badge+pin,success,airport-terminal,0
IA000778,2026-07-11T14:31:14,STF1150,staff,IT,Gate-Management-System,vpn_certificate,success,airport-terminal,0
IA002171,2026-07-11T15:01:41,STF1117,staff,IT,Baggage-Handling-System,badge+pin,success,airport-terminal,0
IA004602,2026-07-11T15:11:43,VND2021,vendor,Falcon Cargo Handling,Staff-VPN,vpn_password,success,vendor-remote-site,0
IA003730,2026-07-11T15:24:43,STF1022,staff,Ground Operations,Retail-POS-Backend,badge+pin,success,airport-terminal,0
IA005756,2026-07-11T15:53:48,STF1179,staff,Baggage Handling,Staff-VPN,sso_password,success,airport-terminal,0
IA003479,2026-07-11T15:57:00,VND2033,vendor,Meridian Aircraft Maintenance,Airfield-Ops-Portal,sso_password,success,airport-terminal,0
IA003653,2026-07-11T15:58:14,VND2021,vendor,Falcon Cargo Handling,Gate-Management-System,vpn_password,success,vendor-remote-site,0
IA004604,2026-07-11T16:03:12,STF1126,staff,IT,HR-Self-Service,vpn_password,success,airport-terminal,0
IA000881,2026-07-11T16:05:32,STF1122,staff,Gate Services,Retail-POS-Backend,sso_mfa,success,airport-terminal,0
IA004547,2026-07-11T16:29:36,STF1116,staff,IT,Airfield-Ops-Portal,sso_password,success,airport-terminal,0
IA003974,2026-07-11T16:30:08,STF1102,staff,IT,Staff-VPN,sso_password,success,airport-terminal,0
IA005738,2026-07-11T17:10:27,STF1077,staff,Gate Services,Airfield-Ops-Portal,sso_mfa,success,airport-terminal,0
IA004996,2026-07-11T17:11:46,STF1079,staff,Security,Gate-Management-System,sso_password,success,airport-terminal,0
IA004997,2026-07-11T17:15:27,STF1069,staff,Baggage Handling,Airfield-Ops-Portal,badge+pin,fail,airport-terminal,0
IA002200,2026-07-11T17:22:35,STF1034,staff,Ground Operations,Cargo-Manifest-System,sso_mfa,fail,airport-terminal,0
IA002324,2026-07-11T17:23:14,STF1158,staff,Baggage Handling,Retail-POS-Backend,badge+pin,success,airport-terminal,0
IA004976,2026-07-11T17:26:30,STF1018,staff,Engineering & Maintenance,Staff-VPN,sso_password,fail,airport-terminal,1
IA005474,2026-07-11T17:29:18,STF1174,staff,Ground Operations,Gate-Management-System,sso_mfa,success,airport-terminal,0
IA001349,2026-07-11T17:44:33,STF1173,staff,Baggage Handling,Retail-POS-Backend,sso_password,success,airport-terminal,0
IA002124,2026-07-11T17:46:45,STF1145,staff,Ground Operations,HR-Self-Service,vpn_password,success,airport-terminal,0
IA002549,2026-07-11T17:48:37,STF1041,staff,Security,Gate-Management-System,vpn_certificate,success,airport-terminal,0
IA000233,2026-07-11T18:15:18,STF1057,staff,Cargo,Gate-Management-System,sso_password,success,airport-terminal,0
IA004973,2026-07-11T18:21:28,STF1156,staff,Gate Services,Departure-Control-System,badge+pin,success,airport-terminal,0
IA003977,2026-07-11T18:26:50,STF1081,staff,Cargo,Maintenance-Ticketing,sso_mfa,success,airport-terminal,0
IA000147,2026-07-11T18:38:33,STF1036,staff,Gate Services,Baggage-Handling-System,badge+pin,success,airport-terminal,0
IA004666,2026-07-11T18:47:41,STF1147,staff,Ground Operations,HR-Self-Service,sso_mfa,success,airport-terminal,0
IA002060,2026-07-11T18:47:43,STF1136,staff,Baggage Handling,Baggage-Handling-System,sso_mfa,success,airport-terminal,0
IA004813,2026-07-11T18:49:17,STF1024,staff,Retail Concessions,Maintenance-Ticketing,badge+pin,success,airport-terminal,0
IA002531,2026-07-11T18:55:46,STF1141,staff,Retail Concessions,Retail-POS-Backend,badge+pin,success,airport-terminal,0
IA000637,2026-07-11T18:57:44,STF1081,staff,Cargo,Departure-Control-System,sso_password,success,airport-terminal,0
IA002358,2026-07-11T19:06:38,STF1059,staff,IT,Airfield-Ops-Portal,sso_password,success,airport-terminal,0
IA003408,2026-07-11T19:19:13,STF1091,staff,IT,Gate-Management-System,badge+pin,success,airport-terminal,0
IA001267,2026-07-11T19:21:17,STF1089,staff,Retail Concessions,Gate-Management-System,sso_password,success,airport-terminal,0
IA001820,2026-07-11T19:25:59,STF1065,staff,Security,Departure-Control-System,badge+pin,success,airport-terminal,0
IA003345,2026-07-11T19:37:07,STF1082,staff,Retail Concessions,HR-Self-Service,vpn_certificate,success,airport-terminal,0
IA002110,2026-07-11T19:39:29,VND2017,vendor,Horizon Cleaning Services,Cargo-Manifest-System,vpn_password,success,airport-terminal,0
IA003285,2026-07-11T19:40:18,VND2004,vendor,Falcon Cargo Handling,Retail-POS-Backend,vpn_certificate,success,airport-terminal,0
IA001437,2026-07-11T19:45:03,VND2020,vendor,Coastal Catering Co,Staff-VPN,vpn_certificate,success,airport-terminal,0
IA003970,2026-07-11T19:54:29,STF1002,staff,Ground Operations,Retail-POS-Backend,vpn_password,fail,airport-terminal,0
IA001372,2026-07-11T19:57:49,VND2010,vendor,SkyLink Ground Services,Staff-VPN,vpn_password,success,airport-terminal,0
IA003263,2026-07-11T20:02:16,STF1003,staff,IT,Airfield-Ops-Portal,badge+pin,success,airport-terminal,0
IA005456,2026-07-11T20:08:07,STF1137,staff,Retail Concessions,Gate-Management-System,sso_mfa,success,airport-terminal,0
IA001676,2026-07-11T20:24:43,STF1148,staff,Cargo,Staff-VPN,badge+pin,success,airport-terminal,0
IA000933,2026-07-11T20:32:53,VND2028,vendor,Horizon Cleaning Services,Departure-Control-System,badge+pin,success,airport-terminal,0
IA004340,2026-07-11T20:43:56,STF1174,staff,Ground Operations,Retail-POS-Backend,badge+pin,success,airport-terminal,0
IA001548,2026-07-11T20:44:01,VND2001,vendor,Meridian Aircraft Maintenance,Baggage-Handling-System,sso_mfa,success,vendor-remote-site,0
IA000837,2026-07-11T20:44:34,STF1024,staff,Retail Concessions,Baggage-Handling-System,sso_password,success,airport-terminal,0
IA005527,2026-07-11T20:50:54,STF1173,staff,Baggage Handling,HR-Self-Service,vpn_certificate,success,airport-terminal,0
IA000552,2026-07-11T20:54:38,STF1070,staff,Ground Operations,Cargo-Manifest-System,sso_password,success,airport-terminal,0
IA003213,2026-07-11T20:57:07,VND2012,vendor,AeroFuel Solutions,HR-Self-Service,vpn_password,success,airport-terminal,0
IA000060,2026-07-11T21:04:24,STF1060,staff,Retail Concessions,Retail-POS-Backend,badge+pin,success,airport-terminal,0
IA000841,2026-07-11T21:04:48,STF1137,staff,Retail Concessions,HR-Self-Service,sso_password,success,airport-terminal,0
IA000421,2026-07-11T21:05:26,STF1094,staff,IT,HR-Self-Service,badge+pin,success,airport-terminal,0
IA001278,2026-07-11T21:09:35,VND2023,vendor,SkyLink Ground Services,Airfield-Ops-Portal,sso_mfa,success,vendor-remote-site,0
IA000166,2026-07-11T21:40:18,STF1131,staff,Engineering & Maintenance,Cargo-Manifest-System,vpn_certificate,success,airport-terminal,0
IA006026,2026-07-11T21:45:30,STF1094,staff,IT,Retail-POS-Backend,sso_mfa,success,airport-terminal,0
IA001067,2026-07-11T23:40:18,STF1138,staff,Security,Baggage-Handling-System,sso_password,success,airport-terminal,0
IA001619,2026-07-12T00:58:40,STF1085,staff,Gate Services,Gate-Management-System,vpn_certificate,success,airport-terminal,0
IA002963,2026-07-12T01:31:41,STF1067,staff,IT,HR-Self-Service,sso_mfa,success,airport-terminal,0
IA002679,2026-07-12T02:28:29,STF1027,staff,Baggage Handling,Baggage-Handling-System,sso_password,success,airport-terminal,0
IA004097,2026-07-12T02:45:41,STF1096,staff,Security,Staff-VPN,sso_password,success,airport-terminal,0
IA003861,2026-07-12T02:48:08,STF1049,staff,Retail Concessions,Cargo-Manifest-System,badge+pin,success,airport-terminal,0
IA003992,2026-07-12T03:06:51,VND2031,vendor,Meridian Aircraft Maintenance,Gate-Management-System,vpn_certificate,fail,vendor-remote-site,0
IA001303,2026-07-12T03:18:53,STF1084,staff,IT,Maintenance-Ticketing,sso_password,success,airport-terminal,0
IA005689,2026-07-12T03:39:50,VND2008,vendor,SkyLink Ground Services,Airfield-Ops-Portal,sso_password,success,vendor-remote-site,0
IA002244,2026-07-12T03:41:11,STF1080,staff,Cargo,Baggage-Handling-System,badge+pin,success,airport-terminal,0
IA004588,2026-07-12T06:06:30,STF1059,staff,IT,Airfield-Ops-Portal,vpn_certificate,success,airport-terminal,0
IA003303,2026-07-12T06:08:36,VND2001,vendor,Meridian Aircraft Maintenance,Retail-POS-Backend,badge+pin,success,airport-terminal,0
IA003423,2026-07-12T06:10:15,STF1166,staff,Baggage Handling,Airfield-Ops-Portal,sso_password,success,airport-terminal,0
IA003665,2026-07-12T06:29:15,STF1179,staff,Baggage Handling,Retail-POS-Backend,vpn_certificate,success,airport-terminal,0
IA003813,2026-07-12T06:30:09,STF1143,staff,Engineering & Maintenance,HR-Self-Service,vpn_password,success,airport-terminal,0
IA003297,2026-07-12T06:41:37,STF1074,staff,Baggage Handling,Baggage-Handling-System,sso_mfa,success,airport-terminal,0
IA005619,2026-07-12T06:44:49,STF1163,staff,Retail Concessions,Baggage-Handling-System,vpn_password,success,airport-terminal,0
IA001137,2026-07-12T06:46:09,STF1165,staff,Cargo,Departure-Control-System,vpn_certificate,success,airport-terminal,0
IA002776,2026-07-12T06:53:28,STF1129,staff,Security,Staff-VPN,badge+pin,success,airport-terminal,0
IA004222,2026-07-12T06:54:14,STF1044,staff,Ground Operations,Airfield-Ops-Portal,sso_password,success,airport-terminal,0
IA001726,2026-07-12T07:11:28,STF1158,staff,Baggage Handling,Gate-Management-System,sso_mfa,success,airport-terminal,0
IA005860,2026-07-12T07:25:49,VND2028,vendor,Horizon Cleaning Services,Cargo-Manifest-System,sso_mfa,success,airport-terminal,0
IA000856,2026-07-12T07:25:56,VND2012,vendor,AeroFuel Solutions,Baggage-Handling-System,sso_password,success,vendor-remote-site,0
IA003389,2026-07-12T07:27:47,VND2008,vendor,SkyLink Ground Services,Retail-POS-Backend,sso_mfa,success,vendor-remote-site,0
IA003654,2026-07-12T07:30:11,STF1137,staff,Retail Concessions,Airfield-Ops-Portal,badge+pin,success,airport-terminal,0
IA000640,2026-07-12T07:52:33,STF1143,staff,Engineering & Maintenance,Cargo-Manifest-System,badge+pin,success,airport-terminal,0
IA000845,2026-07-12T08:01:08,VND2015,vendor,AeroFuel Solutions,HR-Self-Service,badge+pin,success,vendor-remote-site,0
IA003492,2026-07-12T08:13:41,STF1083,staff,Security,Staff-VPN,badge+pin,success,airport-terminal,0
IA003773,2026-07-12T08:15:56,STF1165,staff,Cargo,Maintenance-Ticketing,vpn_certificate,success,airport-terminal,0
IA002699,2026-07-12T08:24:30,VND2027,vendor,Meridian Aircraft Maintenance,Departure-Control-System,badge+pin,success,airport-terminal,0
IA005361,2026-07-12T08:35:52,STF1155,staff,Cargo,HR-Self-Service,sso_password,success,airport-terminal,0
IA004966,2026-07-12T08:53:28,STF1099,staff,Baggage Handling,HR-Self-Service,sso_password,success,airport-terminal,0
IA001056,2026-07-12T08:53:30,STF1025,staff,Security,Gate-Management-System,badge+pin,success,airport-terminal,0
IA000544,2026-07-12T08:57:46,STF1069,staff,Baggage Handling,Baggage-Handling-System,sso_password,success,airport-terminal,0
IA002555,2026-07-12T09:09:29,STF1082,staff,Retail Concessions,Departure-Control-System,vpn_certificate,success,airport-terminal,0
IA005483,2026-07-12T09:15:53,VND2021,vendor,Falcon Cargo Handling,Maintenance-Ticketing,badge+pin,success,airport-terminal,0
IA002300,2026-07-12T09:55:28,STF1039,staff,Engineering & Maintenance,Staff-VPN,sso_password,success,airport-terminal,0
IA005438,2026-07-12T09:58:52,STF1047,staff,Gate Services,Maintenance-Ticketing,sso_password,success,airport-terminal,0
IA004831,2026-07-12T10:07:30,VND2030,vendor,Meridian Aircraft Maintenance,Baggage-Handling-System,sso_password,success,vendor-remote-site,0
IA003470,2026-07-12T10:16:57,STF1114,staff,Gate Services,Cargo-Manifest-System,vpn_certificate,success,airport-terminal,0
IA001250,2026-07-12T10:27:48,STF1027,staff,Baggage Handling,Retail-POS-Backend,sso_password,success,airport-terminal,0
IA000750,2026-07-12T10:30:32,STF1078,staff,Baggage Handling,Cargo-Manifest-System,sso_password,success,airport-terminal,0
IA004535,2026-07-12T10:31:53,STF1091,staff,IT,Retail-POS-Backend,badge+pin,success,airport-terminal,0
IA003673,2026-07-12T10:47:03,STF1110,staff,Security,HR-Self-Service,badge+pin,success,airport-terminal,0
IA005435,2026-07-12T10:54:05,STF1018,staff,Engineering & Maintenance,Cargo-Manifest-System,badge+pin,success,airport-terminal,0
IA000501,2026-07-12T10:57:36,STF1039,staff,Engineering & Maintenance,Maintenance-Ticketing,badge+pin,success,airport-terminal,0
IA004548,2026-07-12T11:00:53,VND2002,vendor,Horizon Cleaning Services,Retail-POS-Backend,vpn_certificate,success,airport-terminal,0
IA005403,2026-07-12T11:07:11,STF1109,staff,IT,Baggage-Handling-System,sso_mfa,success,airport-terminal,0
IA001324,2026-07-12T11:10:09,VND2018,vendor,Falcon Cargo Handling,Staff-VPN,sso_mfa,success,airport-terminal,0
IA001439,2026-07-12T11:21:21,VND2014,vendor,AeroFuel Solutions,Airfield-Ops-Portal,badge+pin,success,airport-terminal,0
IA003939,2026-07-12T11:25:47,VND2030,vendor,Meridian Aircraft Maintenance,Staff-VPN,sso_password,success,vendor-remote-site,0
IA003294,2026-07-12T11:29:53,VND2005,vendor,AeroFuel Solutions,Cargo-Manifest-System,sso_mfa,success,airport-terminal,0
IA003851,2026-07-12T11:32:16,STF1160,staff,Gate Services,Departure-Control-System,vpn_password,success,airport-terminal,1
IA000508,2026-07-12T11:33:19,STF1046,staff,Cargo,Cargo-Manifest-System,sso_mfa,success,airport-terminal,0
IA003980,2026-07-12T11:34:12,STF1060,staff,Retail Concessions,Cargo-Manifest-System,sso_mfa,fail,airport-terminal,0
IA006034,2026-07-12T11:34:12,VND2013,vendor,Falcon Cargo Handling,Retail-POS-Backend,badge+pin,success,airport-terminal,0
IA006183,2026-07-12T11:37:19,STF1049,staff,Retail Concessions,Baggage-Handling-System,vpn_certificate,success,airport-terminal,0
IA001711,2026-07-12T11:50:58,VND2006,vendor,Coastal Catering Co,Airfield-Ops-Portal,sso_password,success,vendor-remote-site,0
IA004394,2026-07-12T11:57:32,VND2007,vendor,SkyLink Ground Services,Retail-POS-Backend,badge+pin,success,vendor-remote-site,0
IA002818,2026-07-12T11:59:36,VND2026,vendor,Horizon Cleaning Services,HR-Self-Service,sso_mfa,success,airport-terminal,0
IA000329,2026-07-12T12:00:29,STF1132,staff,Cargo,Maintenance-Ticketing,badge+pin,success,airport-terminal,0
IA004745,2026-07-12T12:00:49,VND2000,vendor,SkyLink Ground Services,Cargo-Manifest-System,vpn_password,success,vendor-remote-site,0
IA001171,2026-07-12T12:19:55,STF1005,staff,Retail Concessions,Departure-Control-System,sso_mfa,success,airport-terminal,0
IA004119,2026-07-12T12:28:17,VND2007,vendor,SkyLink Ground Services,HR-Self-Service,badge+pin,success,airport-terminal,0
IA000953,2026-07-12T12:28:33,STF1155,staff,Cargo,Retail-POS-Backend,sso_mfa,success,airport-terminal,0
IA000994,2026-07-12T12:34:09,VND2006,vendor,Coastal Catering Co,Staff-VPN,sso_password,success,airport-terminal,0
IA001311,2026-07-12T12:35:33,STF1020,staff,Ground Operations,Maintenance-Ticketing,badge+pin,fail,airport-terminal,0
IA005633,2026-07-12T12:41:39,STF1027,staff,Baggage Handling,Airfield-Ops-Portal,badge+pin,fail,airport-terminal,0
IA004896,2026-07-12T12:44:11,STF1139,staff,Gate Services,Departure-Control-System,vpn_certificate,success,airport-terminal,0
IA005906,2026-07-12T12:50:06,STF1119,staff,Baggage Handling,Gate-Management-System,vpn_password,fail,airport-terminal,0
IA002304,2026-07-12T12:56:10,STF1035,staff,Retail Concessions,Maintenance-Ticketing,vpn_certificate,success,airport-terminal,0
IA000735,2026-07-12T13:01:26,STF1136,staff,Baggage Handling,Retail-POS-Backend,sso_password,success,airport-terminal,0
IA005650,2026-07-12T13:06:57,STF1119,staff,Baggage Handling,Departure-Control-System,sso_mfa,success,airport-terminal,0
IA000547,2026-07-12T13:08:04,VND2006,vendor,Coastal Catering Co,Gate-Management-System,sso_password,success,vendor-remote-site,0
IA001263,2026-07-12T13:10:49,VND2020,vendor,Coastal Catering Co,Retail-POS-Backend,badge+pin,success,vendor-remote-site,0
IA001629,2026-07-12T13:11:07,STF1096,staff,Security,Airfield-Ops-Portal,vpn_password,success,airport-terminal,0
IA000949,2026-07-12T13:13:49,VND2022,vendor,Falcon Cargo Handling,Baggage-Handling-System,badge+pin,success,vendor-remote-site,0
IA001289,2026-07-12T13:24:34,STF1087,staff,Ground Operations,Airfield-Ops-Portal,vpn_certificate,success,airport-terminal,0
IA003069,2026-07-12T13:32:08,VND2001,vendor,Meridian Aircraft Maintenance,Departure-Control-System,vpn_certificate,success,airport-terminal,0
IA004670,2026-07-12T13:42:44,VND2023,vendor,SkyLink Ground Services,Gate-Management-System,vpn_certificate,success,vendor-remote-site,0
IA001932,2026-07-12T13:48:51,STF1046,staff,Cargo,HR-Self-Service,badge+pin,success,airport-terminal,0
IA001001,2026-07-12T13:53:27,VND2009,vendor,Falcon Cargo Handling,Staff-VPN,vpn_certificate,success,vendor-remote-site,0
IA002495,2026-07-12T14:05:26,STF1030,staff,Baggage Handling,HR-Self-Service,vpn_certificate,success,airport-terminal,0
IA001690,2026-07-12T14:08:04,STF1030,staff,Baggage Handling,Retail-POS-Backend,sso_password,success,airport-terminal,0
IA000505,2026-07-12T14:09:58,STF1140,staff,Engineering & Maintenance,Retail-POS-Backend,sso_password,success,airport-terminal,0
IA005231,2026-07-12T14:14:26,STF1083,staff,Security,Retail-POS-Backend,sso_password,success,airport-terminal,0
IA005526,2026-07-12T14:43:13,STF1103,staff,Retail Concessions,Staff-VPN,sso_password,success,airport-terminal,0
IA000159,2026-07-12T14:47:54,STF1123,staff,Baggage Handling,HR-Self-Service,badge+pin,success,airport-terminal,0
IA000239,2026-07-12T15:05:23,STF1004,staff,IT,Airfield-Ops-Portal,sso_password,success,airport-terminal,0
IA005808,2026-07-12T15:06:38,STF1140,staff,Engineering & Maintenance,Maintenance-Ticketing,badge+pin,fail,airport-terminal,0
IA001098,2026-07-12T15:08:51,STF1061,staff,Ground Operations,Airfield-Ops-Portal,vpn_certificate,success,airport-terminal,0
IA003258,2026-07-12T15:09:53,STF1136,staff,Baggage Handling,Baggage-Handling-System,sso_password,success,airport-terminal,0
IA005320,2026-07-12T15:12:14,STF1148,staff,Cargo,Retail-POS-Backend,sso_mfa,success,airport-terminal,0
IA000820,2026-07-12T15:21:04,STF1044,staff,Ground Operations,Departure-Control-System,sso_mfa,success,airport-terminal,0
IA000036,2026-07-12T15:23:21,STF1152,staff,Ground Operations,Cargo-Manifest-System,sso_mfa,success,airport-terminal,0
IA003420,2026-07-12T15:25:08,VND2009,vendor,Falcon Cargo Handling,Staff-VPN,vpn_certificate,success,airport-terminal,0
IA003098,2026-07-12T15:26:09,VND2005,vendor,AeroFuel Solutions,Baggage-Handling-System,sso_mfa,success,airport-terminal,0
IA003856,2026-07-12T15:27:27,STF1134,staff,Gate Services,Cargo-Manifest-System,sso_mfa,success,airport-terminal,0
IA002019,2026-07-12T15:31:21,STF1016,staff,Gate Services,Departure-Control-System,badge+pin,fail,airport-terminal,0
IA003283,2026-07-12T15:39:14,STF1035,staff,Retail Concessions,HR-Self-Service,vpn_password,success,airport-terminal,0
IA000088,2026-07-12T15:39:46,STF1068,staff,Ground Operations,Retail-POS-Backend,badge+pin,success,airport-terminal,0
IA004310,2026-07-12T15:47:27,STF1136,staff,Baggage Handling,HR-Self-Service,sso_mfa,success,airport-terminal,0
IA005844,2026-07-12T15:54:04,STF1086,staff,Baggage Handling,Maintenance-Ticketing,vpn_certificate,success,airport-terminal,0
IA005902,2026-07-12T16:07:16,STF1056,staff,IT,Cargo-Manifest-System,badge+pin,success,airport-terminal,0
IA005122,2026-07-12T16:27:58,STF1055,staff,Cargo,HR-Self-Service,badge+pin,success,airport-terminal,0
IA003948,2026-07-12T16:31:02,VND2012,vendor,AeroFuel Solutions,Airfield-Ops-Portal,sso_mfa,success,vendor-remote-site,0
IA005809,2026-07-12T16:31:06,STF1090,staff,Engineering & Maintenance,Maintenance-Ticketing,sso_mfa,success,airport-terminal,0
IA003476,2026-07-12T16:37:49,STF1174,staff,Ground Operations,Cargo-Manifest-System,sso_mfa,success,airport-terminal,0
IA003599,2026-07-12T16:56:57,VND2014,vendor,AeroFuel Solutions,Gate-Management-System,sso_mfa,success,airport-terminal,0
IA005694,2026-07-12T16:58:04,VND2034,vendor,SkyLink Ground Services,Cargo-Manifest-System,vpn_password,success,airport-terminal,0
IA005623,2026-07-12T16:58:50,VND2021,vendor,Falcon Cargo Handling,Gate-Management-System,vpn_password,success,vendor-remote-site,0
IA003340,2026-07-12T17:02:57,STF1068,staff,Ground Operations,Cargo-Manifest-System,sso_mfa,success,airport-terminal,0
IA004522,2026-07-12T17:14:18,STF1011,staff,Retail Concessions,Gate-Management-System,badge+pin,success,airport-terminal,0
IA000261,2026-07-12T17:21:02,STF1128,staff,Retail Concessions,Maintenance-Ticketing,badge+pin,success,airport-terminal,0
IA002830,2026-07-12T17:30:48,STF1005,staff,Retail Concessions,Gate-Management-System,sso_mfa,success,airport-terminal,0
IA002581,2026-07-12T17:30:55,STF1045,staff,Baggage Handling,Airfield-Ops-Portal,sso_mfa,success,airport-terminal,0
IA003032,2026-07-12T17:43:54,VND2031,vendor,Meridian Aircraft Maintenance,Departure-Control-System,sso_mfa,success,vendor-remote-site,0
IA003770,2026-07-12T17:44:23,STF1050,staff,Ground Operations,Baggage-Handling-System,badge+pin,success,airport-terminal,0
IA003881,2026-07-12T17:49:47,VND2018,vendor,Falcon Cargo Handling,Maintenance-Ticketing,vpn_certificate,success,vendor-remote-site,0
IA002768,2026-07-12T18:01:36,STF1171,staff,Retail Concessions,Staff-VPN,sso_mfa,success,airport-terminal,0
IA001400,2026-07-12T18:02:43,STF1151,staff,Baggage Handling,Cargo-Manifest-System,badge+pin,success,airport-terminal,0
IA000770,2026-07-12T18:03:29,STF1084,staff,IT,Cargo-Manifest-System,sso_password,success,airport-terminal,0
IA001603,2026-07-12T18:05:52,STF1058,staff,Gate Services,Airfield-Ops-Portal,sso_password,success,airport-terminal,0
IA001821,2026-07-12T18:18:11,STF1025,staff,Security,Staff-VPN,badge+pin,success,airport-terminal,0
IA003268,2026-07-12T18:24:43,VND2030,vendor,Meridian Aircraft Maintenance,Staff-VPN,sso_password,fail,airport-terminal,0
IA002402,2026-07-12T18:37:17,STF1151,staff,Baggage Handling,Gate-Management-System,badge+pin,success,airport-terminal,0
IA004911,2026-07-12T18:40:12,STF1107,staff,Baggage Handling,Baggage-Handling-System,badge+pin,success,airport-terminal,0
IA000449,2026-07-12T18:45:13,STF1048,staff,Retail Concessions,Baggage-Handling-System,sso_mfa,success,airport-terminal,0
IA005416,2026-07-12T18:50:14,STF1060,staff,Retail Concessions,Staff-VPN,badge+pin,success,airport-terminal,0
IA000838,2026-07-12T19:00:57,STF1143,staff,Engineering & Maintenance,Departure-Control-System,sso_password,success,airport-terminal,0
IA002127,2026-07-12T19:01:13,STF1092,staff,Baggage Handling,Retail-POS-Backend,vpn_certificate,success,airport-terminal,0
IA002869,2026-07-12T19:12:53,STF1049,staff,Retail Concessions,Cargo-Manifest-System,badge+pin,success,airport-terminal,0
IA005237,2026-07-12T19:15:16,STF1041,staff,Security,Airfield-Ops-Portal,vpn_certificate,success,airport-terminal,0
IA002204,2026-07-12T19:20:45,STF1119,staff,Baggage Handling,Baggage-Handling-System,badge+pin,success,airport-terminal,0
IA005676,2026-07-12T19:29:48,STF1006,staff,Retail Concessions,Airfield-Ops-Portal,badge+pin,success,airport-terminal,0
IA003816,2026-07-12T19:32:31,STF1020,staff,Ground Operations,Airfield-Ops-Portal,sso_password,success,airport-terminal,0
IA005269,2026-07-12T19:32:58,VND2010,vendor,SkyLink Ground Services,HR-Self-Service,vpn_password,success,airport-terminal,0
IA002734,2026-07-12T19:59:15,STF1129,staff,Security,Cargo-Manifest-System,sso_password,success,airport-terminal,0
IA002214,2026-07-12T19:59:34,STF1105,staff,Baggage Handling,Departure-Control-System,sso_mfa,success,airport-terminal,0
IA004162,2026-07-12T20:26:48,STF1022,staff,Ground Operations,Gate-Management-System,sso_password,success,airport-terminal,0
IA005167,2026-07-12T20:27:51,STF1061,staff,Ground Operations,HR-Self-Service,sso_mfa,success,airport-terminal,0
IA005646,2026-07-12T20:44:34,VND2012,vendor,AeroFuel Solutions,Maintenance-Ticketing,sso_password,success,airport-terminal,0
IA004686,2026-07-12T21:13:19,STF1074,staff,Baggage Handling,Retail-POS-Backend,sso_mfa,success,airport-terminal,0
IA005073,2026-07-12T21:15:49,STF1116,staff,IT,Cargo-Manifest-System,sso_mfa,success,airport-terminal,0
IA005922,2026-07-12T21:17:32,STF1178,staff,Engineering & Maintenance,Departure-Control-System,vpn_certificate,success,airport-terminal,0
IA000517,2026-07-12T21:23:03,STF1164,staff,Ground Operations,Departure-Control-System,vpn_password,fail,airport-terminal,0
IA002554,2026-07-12T21:28:00,STF1153,staff,Ground Operations,Gate-Management-System,vpn_certificate,success,airport-terminal,0
IA003311,2026-07-12T21:52:48,STF1085,staff,Gate Services,Staff-VPN,badge+pin,success,airport-terminal,0
IA003040,2026-07-12T21:57:40,VND2002,vendor,Horizon Cleaning Services,Departure-Control-System,vpn_certificate,success,airport-terminal,0
IA001187,2026-07-13T01:12:58,STF1018,staff,Engineering & Maintenance,Departure-Control-System,sso_password,fail,airport-terminal,1
IA004858,2026-07-13T02:04:30,STF1098,staff,Engineering & Maintenance,Baggage-Handling-System,vpn_password,success,airport-terminal,1
IA001104,2026-07-13T02:51:11,STF1074,staff,Baggage Handling,Baggage-Handling-System,vpn_certificate,success,airport-terminal,0
IA002439,2026-07-13T04:12:51,STF1073,staff,Gate Services,HR-Self-Service,sso_password,success,airport-terminal,0
IA002305,2026-07-13T04:13:57,VND2024,vendor,AeroFuel Solutions,Gate-Management-System,sso_mfa,success,airport-terminal,0
IA000167,2026-07-13T04:33:43,STF1155,staff,Cargo,Retail-POS-Backend,badge+pin,success,airport-terminal,0
IA000859,2026-07-13T04:52:58,VND2017,vendor,Horizon Cleaning Services,Baggage-Handling-System,sso_mfa,success,airport-terminal,0
IA001032,2026-07-13T06:00:34,STF1002,staff,Ground Operations,Cargo-Manifest-System,badge+pin,success,airport-terminal,0
IA002091,2026-07-13T06:03:53,VND2021,vendor,Falcon Cargo Handling,Retail-POS-Backend,sso_mfa,success,vendor-remote-site,0
IA001924,2026-07-13T06:16:43,STF1097,staff,Retail Concessions,HR-Self-Service,sso_password,success,airport-terminal,0
IA006043,2026-07-13T06:40:30,STF1146,staff,Ground Operations,HR-Self-Service,sso_password,success,airport-terminal,0
IA001009,2026-07-13T06:44:27,STF1147,staff,Ground Operations,Cargo-Manifest-System,vpn_certificate,success,airport-terminal,0
IA005480,2026-07-13T06:45:55,STF1150,staff,IT,Baggage-Handling-System,sso_mfa,success,airport-terminal,0
IA004353,2026-07-13T06:54:39,STF1139,staff,Gate Services,Staff-VPN,vpn_password,success,airport-terminal,0
IA001826,2026-07-13T06:58:33,VND2009,vendor,Falcon Cargo Handling,Baggage-Handling-System,sso_mfa,success,vendor-remote-site,0
IA000468,2026-07-13T07:00:36,STF1073,staff,Gate Services,Gate-Management-System,vpn_certificate,success,airport-terminal,0
IA004386,2026-07-13T07:02:53,STF1137,staff,Retail Concessions,Airfield-Ops-Portal,sso_password,success,airport-terminal,0
IA003400,2026-07-13T07:03:14,STF1024,staff,Retail Concessions,Cargo-Manifest-System,sso_mfa,success,airport-terminal,0
IA004414,2026-07-13T07:09:44,STF1150,staff,IT,Departure-Control-System,sso_password,success,airport-terminal,0
IA006187,2026-07-13T07:09:52,STF1051,staff,Retail Concessions,HR-Self-Service,badge+pin,success,airport-terminal,0
IA005316,2026-07-13T07:26:07,STF1014,staff,Baggage Handling,HR-Self-Service,vpn_password,success,airport-terminal,0
IA003246,2026-07-13T07:41:25,STF1133,staff,Baggage Handling,Departure-Control-System,vpn_password,success,airport-terminal,0
IA004477,2026-07-13T07:43:58,STF1115,staff,Engineering & Maintenance,Gate-Management-System,badge+pin,success,airport-terminal,0
IA003102,2026-07-13T07:47:36,STF1100,staff,Engineering & Maintenance,Baggage-Handling-System,badge+pin,success,airport-terminal,0
IA005998,2026-07-13T07:47:57,STF1146,staff,Ground Operations,Baggage-Handling-System,badge+pin,success,airport-terminal,0
IA002807,2026-07-13T07:48:37,STF1056,staff,IT,Cargo-Manifest-System,sso_mfa,success,airport-terminal,0
IA001449,2026-07-13T08:01:07,VND2031,vendor,Meridian Aircraft Maintenance,Baggage-Handling-System,badge+pin,success,vendor-remote-site,0
IA001562,2026-07-13T08:34:01,STF1074,staff,Baggage Handling,Staff-VPN,badge+pin,success,airport-terminal,0
IA000211,2026-07-13T08:47:21,STF1133,staff,Baggage Handling,Staff-VPN,badge+pin,fail,airport-terminal,0
IA001319,2026-07-13T08:49:12,STF1059,staff,IT,Retail-POS-Backend,vpn_password,success,airport-terminal,0
IA004048,2026-07-13T08:51:07,STF1021,staff,Ground Operations,Airfield-Ops-Portal,sso_mfa,success,airport-terminal,0
IA004552,2026-07-13T09:05:09,STF1170,staff,Baggage Handling,HR-Self-Service,vpn_password,success,airport-terminal,0
IA003501,2026-07-13T09:05:28,STF1050,staff,Ground Operations,Gate-Management-System,sso_password,success,airport-terminal,0
IA002883,2026-07-13T09:08:59,STF1015,staff,Gate Services,Baggage-Handling-System,badge+pin,success,airport-terminal,0
IA005535,2026-07-13T09:14:27,STF1123,staff,Baggage Handling,Staff-VPN,badge+pin,success,airport-terminal,0
IA001274,2026-07-13T09:16:26,STF1019,staff,Cargo,HR-Self-Service,sso_mfa,success,airport-terminal,0
IA000137,2026-07-13T09:21:17,VND2008,vendor,SkyLink Ground Services,Departure-Control-System,sso_mfa,success,airport-terminal,0
IA003378,2026-07-13T09:23:33,STF1028,staff,IT,Maintenance-Ticketing,sso_password,success,airport-terminal,0
IA005417,2026-07-13T09:31:27,STF1116,staff,IT,Retail-POS-Backend,badge+pin,success,airport-terminal,0
IA003769,2026-07-13T09:40:09,STF1044,staff,Ground Operations,Retail-POS-Backend,sso_password,success,airport-terminal,0
IA006033,2026-07-13T09:45:18,STF1129,staff,Security,Gate-Management-System,badge+pin,success,airport-terminal,0
IA001507,2026-07-13T09:45:33,STF1121,staff,Security,HR-Self-Service,sso_mfa,success,airport-terminal,0
IA001093,2026-07-13T09:50:25,STF1104,staff,Gate Services,Cargo-Manifest-System,vpn_certificate,success,airport-terminal,0
IA002227,2026-07-13T09:51:03,STF1031,staff,Cargo,Departure-Control-System,sso_mfa,success,airport-terminal,0
IA005765,2026-07-13T10:10:45,STF1158,staff,Baggage Handling,HR-Self-Service,badge+pin,success,airport-terminal,0
IA003566,2026-07-13T10:19:28,STF1002,staff,Ground Operations,HR-Self-Service,badge+pin,success,airport-terminal,0
IA001904,2026-07-13T10:20:25,STF1059,staff,IT,Retail-POS-Backend,vpn_certificate,success,airport-terminal,0
IA004848,2026-07-13T10:21:47,VND2019,vendor,Falcon Cargo Handling,Maintenance-Ticketing,vpn_certificate,fail,airport-terminal,0
IA001859,2026-07-13T10:22:04,STF1013,staff,Cargo,Retail-POS-Backend,sso_mfa,success,airport-terminal,0
IA003198,2026-07-13T10:31:48,STF1069,staff,Baggage Handling,Departure-Control-System,badge+pin,success,airport-terminal,0
IA001847,2026-07-13T10:40:13,STF1086,staff,Baggage Handling,Departure-Control-System,vpn_password,success,airport-terminal,0
IA001141,2026-07-13T10:45:25,VND2026,vendor,Horizon Cleaning Services,Cargo-Manifest-System,badge+pin,success,vendor-remote-site,0
IA001413,2026-07-13T11:01:26,STF1154,staff,Ground Operations,Gate-Management-System,sso_password,success,airport-terminal,0
IA000358,2026-07-13T11:11:02,STF1023,staff,Baggage Handling,Departure-Control-System,sso_password,success,airport-terminal,0
IA003489,2026-07-13T11:18:51,VND2031,vendor,Meridian Aircraft Maintenance,Airfield-Ops-Portal,sso_mfa,success,airport-terminal,0
IA005236,2026-07-13T11:19:34,STF1102,staff,IT,Retail-POS-Backend,sso_mfa,success,airport-terminal,0
IA002101,2026-07-13T11:31:04,STF1032,staff,Security,Gate-Management-System,sso_password,success,airport-terminal,0
IA005993,2026-07-13T11:35:53,STF1126,staff,IT,Gate-Management-System,badge+pin,success,airport-terminal,0
IA003499,2026-07-13T11:38:30,VND2017,vendor,Horizon Cleaning Services,Gate-Management-System,sso_mfa,success,vendor-remote-site,0
IA002240,2026-07-13T11:42:52,STF1129,staff,Security,Departure-Control-System,badge+pin,success,airport-terminal,0
IA006191,2026-07-13T11:52:56,STF1024,staff,Retail Concessions,Gate-Management-System,vpn_certificate,success,airport-terminal,0
IA001287,2026-07-13T12:07:35,STF1094,staff,IT,Retail-POS-Backend,vpn_certificate,success,airport-terminal,0
IA006058,2026-07-13T12:13:54,STF1108,staff,Security,Departure-Control-System,vpn_password,success,airport-terminal,0
IA004881,2026-07-13T12:19:03,STF1134,staff,Gate Services,Maintenance-Ticketing,vpn_certificate,success,airport-terminal,0
IA002377,2026-07-13T12:22:04,VND2028,vendor,Horizon Cleaning Services,Retail-POS-Backend,vpn_password,success,vendor-remote-site,0
IA005585,2026-07-13T12:23:56,STF1006,staff,Retail Concessions,Staff-VPN,sso_password,success,airport-terminal,0
IA002188,2026-07-13T12:26:08,STF1150,staff,IT,Gate-Management-System,sso_mfa,success,airport-terminal,0
IA002711,2026-07-13T12:39:46,VND2019,vendor,Falcon Cargo Handling,Staff-VPN,sso_mfa,success,airport-terminal,0
IA000529,2026-07-13T12:40:43,VND2000,vendor,SkyLink Ground Services,Cargo-Manifest-System,vpn_certificate,success,airport-terminal,0
IA001655,2026-07-13T13:04:08,STF1143,staff,Engineering & Maintenance,Baggage-Handling-System,badge+pin,success,airport-terminal,0
IA006052,2026-07-13T13:26:27,VND2024,vendor,AeroFuel Solutions,Retail-POS-Backend,badge+pin,success,vendor-remote-site,0
IA006135,2026-07-13T13:30:45,VND2015,vendor,AeroFuel Solutions,Airfield-Ops-Portal,badge+pin,success,vendor-remote-site,0
IA000794,2026-07-13T13:31:52,STF1035,staff,Retail Concessions,Gate-Management-System,vpn_certificate,success,airport-terminal,0
IA000025,2026-07-13T13:48:26,VND2008,vendor,SkyLink Ground Services,HR-Self-Service,badge+pin,success,airport-terminal,0
IA001006,2026-07-13T13:52:35,VND2021,vendor,Falcon Cargo Handling,HR-Self-Service,badge+pin,success,vendor-remote-site,0
IA003688,2026-07-13T13:55:23,STF1011,staff,Retail Concessions,Airfield-Ops-Portal,sso_mfa,success,airport-terminal,0
IA004527,2026-07-13T13:57:39,VND2015,vendor,AeroFuel Solutions,HR-Self-Service,sso_password,success,vendor-remote-site,0
IA005645,2026-07-13T14:05:57,STF1042,staff,Retail Concessions,Cargo-Manifest-System,badge+pin,success,airport-terminal,0
IA002426,2026-07-13T14:07:12,STF1151,staff,Baggage Handling,Baggage-Handling-System,sso_password,success,airport-terminal,0
IA004500,2026-07-13T14:10:12,STF1144,staff,Security,Retail-POS-Backend,sso_mfa,success,airport-terminal,0
IA005252,2026-07-13T14:11:22,STF1035,staff,Retail Concessions,Gate-Management-System,sso_password,success,airport-terminal,0
IA001474,2026-07-13T14:12:12,VND2003,vendor,Falcon Cargo Handling,Retail-POS-Backend,badge+pin,success,vendor-remote-site,0
IA003194,2026-07-13T14:16:21,STF1176,staff,Engineering & Maintenance,Retail-POS-Backend,badge+pin,success,airport-terminal,0
IA005679,2026-07-13T14:28:12,STF1071,staff,Cargo,Maintenance-Ticketing,sso_mfa,success,airport-terminal,0
IA002135,2026-07-13T14:34:01,VND2011,vendor,Falcon Cargo Handling,Departure-Control-System,sso_password,success,vendor-remote-site,0
IA005817,2026-07-13T15:08:28,STF1107,staff,Baggage Handling,Retail-POS-Backend,sso_mfa,success,airport-terminal,0
IA001169,2026-07-13T15:20:35,STF1117,staff,IT,Maintenance-Ticketing,badge+pin,success,airport-terminal,0
IA003986,2026-07-13T15:51:27,VND2011,vendor,Falcon Cargo Handling,Baggage-Handling-System,badge+pin,success,vendor-remote-site,0
IA000406,2026-07-13T15:54:17,STF1155,staff,Cargo,Maintenance-Ticketing,badge+pin,success,airport-terminal,0
IA004081,2026-07-13T16:10:05,STF1061,staff,Ground Operations,Gate-Management-System,sso_mfa,success,airport-terminal,0
IA002668,2026-07-13T16:27:42,STF1057,staff,Cargo,Retail-POS-Backend,sso_password,success,airport-terminal,0
IA001664,2026-07-13T16:35:44,STF1159,staff,Engineering & Maintenance,Departure-Control-System,vpn_password,success,airport-terminal,0
IA002284,2026-07-13T16:45:28,STF1054,staff,Security,Retail-POS-Backend,badge+pin,success,airport-terminal,0
IA004005,2026-07-13T16:56:32,STF1169,staff,Ground Operations,Staff-VPN,sso_password,fail,airport-terminal,1
IA000132,2026-07-13T17:27:54,STF1133,staff,Baggage Handling,Maintenance-Ticketing,badge+pin,success,airport-terminal,0
IA002980,2026-07-13T17:30:07,STF1028,staff,IT,Staff-VPN,badge+pin,success,airport-terminal,0
IA001866,2026-07-13T17:36:49,VND2012,vendor,AeroFuel Solutions,HR-Self-Service,sso_password,success,vendor-remote-site,0
IA000163,2026-07-13T17:48:14,VND2009,vendor,Falcon Cargo Handling,Staff-VPN,badge+pin,success,vendor-remote-site,0
IA004941,2026-07-13T18:08:25,STF1092,staff,Baggage Handling,Departure-Control-System,sso_password,success,airport-terminal,0
IA005504,2026-07-13T18:09:29,VND2024,vendor,AeroFuel Solutions,Staff-VPN,badge+pin,success,vendor-remote-site,0
IA004135,2026-07-13T18:10:13,VND2016,vendor,AeroFuel Solutions,Gate-Management-System,sso_mfa,success,vendor-remote-site,0
IA004657,2026-07-13T18:14:43,VND2018,vendor,Falcon Cargo Handling,Staff-VPN,vpn_password,success,airport-terminal,0
IA002592,2026-07-13T18:16:20,VND2020,vendor,Coastal Catering Co,Cargo-Manifest-System,vpn_certificate,success,vendor-remote-site,0
IA001537,2026-07-13T18:29:58,STF1130,staff,Engineering & Maintenance,Baggage-Handling-System,vpn_password,success,airport-terminal,0
IA003273,2026-07-13T18:42:31,STF1146,staff,Ground Operations,Baggage-Handling-System,sso_password,success,airport-terminal,0
IA005133,2026-07-13T18:52:14,STF1166,staff,Baggage Handling,Departure-Control-System,badge+pin,success,airport-terminal,0
IA005949,2026-07-13T19:22:31,STF1065,staff,Security,Retail-POS-Backend,sso_password,success,airport-terminal,0
IA003551,2026-07-13T19:27:39,VND2003,vendor,Falcon Cargo Handling,Airfield-Ops-Portal,sso_password,success,vendor-remote-site,0
IA002044,2026-07-13T19:32:47,VND2032,vendor,AeroFuel Solutions,Cargo-Manifest-System,badge+pin,success,airport-terminal,0
IA004319,2026-07-13T19:42:07,STF1047,staff,Gate Services,Gate-Management-System,vpn_password,success,airport-terminal,0
IA003426,2026-07-13T19:52:33,STF1118,staff,Engineering & Maintenance,Maintenance-Ticketing,sso_mfa,success,airport-terminal,0
IA004800,2026-07-13T19:55:11,STF1167,staff,Retail Concessions,HR-Self-Service,sso_mfa,success,airport-terminal,0
IA005510,2026-07-13T20:02:52,STF1134,staff,Gate Services,Baggage-Handling-System,sso_password,success,airport-terminal,0
IA001846,2026-07-13T20:04:25,STF1014,staff,Baggage Handling,Baggage-Handling-System,sso_password,success,airport-terminal,0
IA003475,2026-07-13T20:05:59,STF1137,staff,Retail Concessions,Maintenance-Ticketing,sso_mfa,success,airport-terminal,0
IA002695,2026-07-13T20:24:18,STF1039,staff,Engineering & Maintenance,HR-Self-Service,sso_mfa,success,airport-terminal,0
IA002252,2026-07-13T20:29:10,STF1043,staff,Cargo,Retail-POS-Backend,badge+pin,success,airport-terminal,0
IA004971,2026-07-13T20:29:38,STF1176,staff,Engineering & Maintenance,Departure-Control-System,sso_password,success,airport-terminal,0
IA003771,2026-07-13T20:47:08,STF1025,staff,Security,Departure-Control-System,sso_mfa,success,airport-terminal,0
IA003466,2026-07-13T20:47:44,STF1166,staff,Baggage Handling,Airfield-Ops-Portal,sso_password,success,airport-terminal,0
IA003487,2026-07-13T20:50:27,STF1161,staff,Ground Operations,HR-Self-Service,sso_mfa,success,airport-terminal,0
IA004365,2026-07-13T21:10:48,STF1162,staff,Ground Operations,Cargo-Manifest-System,badge+pin,success,airport-terminal,0
IA004957,2026-07-13T21:18:27,STF1085,staff,Gate Services,HR-Self-Service,sso_mfa,success,airport-terminal,0
IA001161,2026-07-13T21:23:55,STF1061,staff,Ground Operations,Baggage-Handling-System,badge+pin,success,airport-terminal,0
IA003150,2026-07-13T21:30:21,STF1139,staff,Gate Services,HR-Self-Service,sso_mfa,success,airport-terminal,0
IA002460,2026-07-13T21:36:08,STF1095,staff,Retail Concessions,Gate-Management-System,badge+pin,success,airport-terminal,0
IA000490,2026-07-13T21:39:09,STF1163,staff,Retail Concessions,Maintenance-Ticketing,vpn_password,fail,airport-terminal,0
IA005289,2026-07-13T21:59:04,STF1055,staff,Cargo,Departure-Control-System,sso_password,success,airport-terminal,0
IA004697,2026-07-13T23:13:48,STF1018,staff,Engineering & Maintenance,Staff-VPN,vpn_password,fail,airport-terminal,1
IA003775,2026-07-13T23:23:00,STF1025,staff,Security,Maintenance-Ticketing,badge+pin,success,airport-terminal,0
IA002479,2026-07-14T01:15:13,STF1054,staff,Security,HR-Self-Service,sso_password,success,airport-terminal,0
IA004663,2026-07-14T01:28:41,STF1071,staff,Cargo,Departure-Control-System,sso_password,success,airport-terminal,0
IA000214,2026-07-14T02:12:54,STF1153,staff,Ground Operations,Departure-Control-System,sso_mfa,success,airport-terminal,0
IA001545,2026-07-14T02:41:53,VND2008,vendor,SkyLink Ground Services,Retail-POS-Backend,badge+pin,success,vendor-remote-site,0
IA002010,2026-07-14T03:02:14,STF1065,staff,Security,Airfield-Ops-Portal,vpn_password,success,airport-terminal,0
IA004025,2026-07-14T03:26:49,STF1014,staff,Baggage Handling,Gate-Management-System,badge+pin,success,airport-terminal,0
IA004397,2026-07-14T03:31:24,STF1068,staff,Ground Operations,Cargo-Manifest-System,sso_password,success,airport-terminal,0
IA004618,2026-07-14T03:56:38,STF1066,staff,Retail Concessions,HR-Self-Service,sso_mfa,success,airport-terminal,0
IA001697,2026-07-14T04:36:42,STF1087,staff,Ground Operations,Baggage-Handling-System,sso_mfa,success,airport-terminal,0
IA004186,2026-07-14T06:02:52,VND2002,vendor,Horizon Cleaning Services,Cargo-Manifest-System,sso_mfa,success,vendor-remote-site,0
IA005988,2026-07-14T06:18:55,STF1146,staff,Ground Operations,Airfield-Ops-Portal,sso_mfa,success,airport-terminal,0
IA004470,2026-07-14T06:18:56,VND2033,vendor,Meridian Aircraft Maintenance,Baggage-Handling-System,badge+pin,success,airport-terminal,0
IA003899,2026-07-14T06:22:41,STF1065,staff,Security,Baggage-Handling-System,sso_mfa,success,airport-terminal,0
IA003496,2026-07-14T06:36:12,VND2032,vendor,AeroFuel Solutions,Gate-Management-System,sso_mfa,success,airport-terminal,0
IA002475,2026-07-14T06:37:10,VND2032,vendor,AeroFuel Solutions,Staff-VPN,sso_password,success,vendor-remote-site,0
IA001094,2026-07-14T06:44:18,STF1124,staff,Gate Services,Baggage-Handling-System,badge+pin,success,airport-terminal,0
IA000564,2026-07-14T06:58:29,STF1146,staff,Ground Operations,Maintenance-Ticketing,sso_mfa,fail,airport-terminal,0
IA003593,2026-07-14T07:00:25,STF1021,staff,Ground Operations,Departure-Control-System,vpn_certificate,success,airport-terminal,0
IA003396,2026-07-14T07:08:27,STF1075,staff,Gate Services,Departure-Control-System,sso_password,success,airport-terminal,0
IA004090,2026-07-14T07:24:52,STF1063,staff,Retail Concessions,HR-Self-Service,badge+pin,success,airport-terminal,0
IA005238,2026-07-14T07:32:08,STF1036,staff,Gate Services,Staff-VPN,sso_mfa,success,airport-terminal,0
IA005857,2026-07-14T07:33:15,VND2016,vendor,AeroFuel Solutions,Cargo-Manifest-System,badge+pin,success,airport-terminal,0
IA002027,2026-07-14T07:35:41,STF1089,staff,Retail Concessions,Maintenance-Ticketing,sso_password,success,airport-terminal,0
IA001010,2026-07-14T07:39:34,VND2008,vendor,SkyLink Ground Services,Baggage-Handling-System,vpn_password,success,vendor-remote-site,0
IA005742,2026-07-14T07:40:47,STF1039,staff,Engineering & Maintenance,Retail-POS-Backend,sso_mfa,success,airport-terminal,0
IA004298,2026-07-14T07:45:39,STF1142,staff,Gate Services,Staff-VPN,sso_password,success,airport-terminal,0
IA002821,2026-07-14T08:01:45,STF1041,staff,Security,Maintenance-Ticketing,badge+pin,success,airport-terminal,0
IA000229,2026-07-14T08:10:29,STF1001,staff,Cargo,Departure-Control-System,sso_password,success,airport-terminal,0
IA003570,2026-07-14T08:24:25,STF1103,staff,Retail Concessions,Departure-Control-System,sso_mfa,success,airport-terminal,0
IA003111,2026-07-14T08:33:23,STF1105,staff,Baggage Handling,Retail-POS-Backend,vpn_password,success,airport-terminal,0
IA000941,2026-07-14T08:33:39,STF1081,staff,Cargo,Retail-POS-Backend,sso_password,success,airport-terminal,0
IA001362,2026-07-14T08:42:13,STF1068,staff,Ground Operations,Baggage-Handling-System,sso_mfa,fail,airport-terminal,0
IA002696,2026-07-14T08:42:49,STF1054,staff,Security,Maintenance-Ticketing,badge+pin,success,airport-terminal,0
IA004284,2026-07-14T08:50:29,STF1152,staff,Ground Operations,Retail-POS-Backend,vpn_certificate,success,airport-terminal,0
IA001026,2026-07-14T08:51:08,STF1039,staff,Engineering & Maintenance,Cargo-Manifest-System,badge+pin,success,airport-terminal,0
IA000146,2026-07-14T09:03:25,STF1006,staff,Retail Concessions,Airfield-Ops-Portal,sso_mfa,success,airport-terminal,0
IA000651,2026-07-14T09:20:49,STF1075,staff,Gate Services,Staff-VPN,vpn_password,success,airport-terminal,0
IA001875,2026-07-14T09:30:31,STF1108,staff,Security,HR-Self-Service,sso_password,success,airport-terminal,0
IA001841,2026-07-14T09:36:50,STF1091,staff,IT,Departure-Control-System,sso_password,fail,airport-terminal,0
IA005286,2026-07-14T09:46:25,STF1129,staff,Security,HR-Self-Service,sso_password,success,airport-terminal,0
IA000225,2026-07-14T10:15:33,STF1066,staff,Retail Concessions,Gate-Management-System,sso_password,success,airport-terminal,0
IA000283,2026-07-14T10:22:36,STF1141,staff,Retail Concessions,Maintenance-Ticketing,sso_password,success,airport-terminal,0
IA001407,2026-07-14T10:40:21,VND2015,vendor,AeroFuel Solutions,Baggage-Handling-System,vpn_certificate,success,airport-terminal,0
IA004395,2026-07-14T10:47:28,STF1162,staff,Ground Operations,Departure-Control-System,sso_password,success,airport-terminal,0
IA003742,2026-07-14T10:49:05,STF1137,staff,Retail Concessions,Gate-Management-System,badge+pin,success,airport-terminal,0
IA003810,2026-07-14T11:01:57,STF1175,staff,Ground Operations,Departure-Control-System,sso_mfa,success,airport-terminal,0
IA004809,2026-07-14T11:08:30,STF1088,staff,Ground Operations,Departure-Control-System,vpn_password,fail,airport-terminal,0
IA002370,2026-07-14T11:08:39,STF1023,staff,Baggage Handling,Gate-Management-System,sso_mfa,success,airport-terminal,0
IA000814,2026-07-14T11:17:47,VND2000,vendor,SkyLink Ground Services,Staff-VPN,vpn_password,success,vendor-remote-site,0
IA005852,2026-07-14T11:29:38,STF1013,staff,Cargo,Staff-VPN,sso_mfa,success,airport-terminal,0
IA003364,2026-07-14T11:36:46,VND2002,vendor,Horizon Cleaning Services,Gate-Management-System,vpn_password,success,airport-terminal,0
IA001969,2026-07-14T11:37:03,VND2018,vendor,Falcon Cargo Handling,Baggage-Handling-System,vpn_password,success,vendor-remote-site,0
IA005882,2026-07-14T11:37:21,STF1065,staff,Security,Departure-Control-System,vpn_certificate,success,airport-terminal,0
IA003518,2026-07-14T11:39:14,VND2004,vendor,Falcon Cargo Handling,Departure-Control-System,vpn_password,success,airport-terminal,0
IA004937,2026-07-14T11:50:06,STF1014,staff,Baggage Handling,Retail-POS-Backend,badge+pin,success,airport-terminal,0
IA003185,2026-07-14T12:03:51,STF1112,staff,Cargo,Baggage-Handling-System,sso_mfa,success,airport-terminal,0
IA004743,2026-07-14T12:04:45,STF1019,staff,Cargo,Cargo-Manifest-System,badge+pin,success,airport-terminal,0
IA003256,2026-07-14T12:38:27,VND2032,vendor,AeroFuel Solutions,Cargo-Manifest-System,vpn_certificate,success,vendor-remote-site,0
IA005314,2026-07-14T12:49:19,STF1072,staff,Retail Concessions,Departure-Control-System,badge+pin,success,airport-terminal,0
IA003472,2026-07-14T13:04:07,STF1080,staff,Cargo,Cargo-Manifest-System,sso_password,success,airport-terminal,0
IA004460,2026-07-14T13:07:14,STF1166,staff,Baggage Handling,Maintenance-Ticketing,badge+pin,fail,airport-terminal,0
IA000840,2026-07-14T13:11:05,VND2014,vendor,AeroFuel Solutions,Departure-Control-System,badge+pin,success,vendor-remote-site,0
IA005763,2026-07-14T13:14:07,STF1082,staff,Retail Concessions,Departure-Control-System,sso_password,success,airport-terminal,0
IA002143,2026-07-14T13:19:27,STF1127,staff,Baggage Handling,Baggage-Handling-System,vpn_password,success,airport-terminal,0
IA004722,2026-07-14T13:24:32,VND2025,vendor,SkyLink Ground Services,Departure-Control-System,sso_password,success,airport-terminal,0
IA004953,2026-07-14T13:24:35,STF1110,staff,Security,Departure-Control-System,sso_password,success,airport-terminal,0
IA004323,2026-07-14T13:36:45,STF1054,staff,Security,Baggage-Handling-System,badge+pin,success,airport-terminal,0
IA006030,2026-07-14T13:39:09,VND2027,vendor,Meridian Aircraft Maintenance,Cargo-Manifest-System,sso_mfa,success,airport-terminal,0
IA005149,2026-07-14T13:42:51,VND2028,vendor,Horizon Cleaning Services,Departure-Control-System,badge+pin,success,vendor-remote-site,0
IA004538,2026-07-14T13:46:16,STF1108,staff,Security,HR-Self-Service,badge+pin,fail,airport-terminal,0
IA000850,2026-07-14T13:55:07,STF1137,staff,Retail Concessions,Retail-POS-Backend,badge+pin,fail,airport-terminal,0
IA004761,2026-07-14T14:00:49,STF1101,staff,Retail Concessions,Baggage-Handling-System,vpn_certificate,success,airport-terminal,0
IA003386,2026-07-14T14:13:44,STF1096,staff,Security,Baggage-Handling-System,sso_password,success,airport-terminal,0
IA003377,2026-07-14T14:27:52,STF1076,staff,Baggage Handling,HR-Self-Service,badge+pin,success,airport-terminal,0
IA001511,2026-07-14T14:33:25,STF1082,staff,Retail Concessions,Gate-Management-System,badge+pin,success,airport-terminal,0
IA003629,2026-07-14T14:53:28,VND2022,vendor,Falcon Cargo Handling,Cargo-Manifest-System,badge+pin,success,vendor-remote-site,0
IA005199,2026-07-14T14:58:34,VND2023,vendor,SkyLink Ground Services,Departure-Control-System,sso_password,fail,airport-terminal,1
IA002521,2026-07-14T15:03:04,STF1118,staff,Engineering & Maintenance,Retail-POS-Backend,badge+pin,fail,airport-terminal,0
IA001308,2026-07-14T15:23:20,STF1076,staff,Baggage Handling,HR-Self-Service,sso_mfa,success,airport-terminal,0
IA000082,2026-07-14T15:41:28,VND2030,vendor,Meridian Aircraft Maintenance,Cargo-Manifest-System,sso_password,success,vendor-remote-site,0
IA000697,2026-07-14T15:41:54,STF1173,staff,Baggage Handling,Retail-POS-Backend,sso_password,fail,airport-terminal,0
IA006133,2026-07-14T15:55:54,VND2011,vendor,Falcon Cargo Handling,Maintenance-Ticketing,sso_mfa,success,airport-terminal,0
IA005108,2026-07-14T15:56:19,STF1027,staff,Baggage Handling,Retail-POS-Backend,sso_password,success,airport-terminal,0
IA001483,2026-07-14T16:09:29,VND2021,vendor,Falcon Cargo Handling,Cargo-Manifest-System,badge+pin,success,vendor-remote-site,0
IA001208,2026-07-14T16:16:38,VND2032,vendor,AeroFuel Solutions,Staff-VPN,vpn_password,success,vendor-remote-site,0
IA003704,2026-07-14T16:24:38,STF1052,staff,Cargo,Baggage-Handling-System,sso_mfa,success,airport-terminal,0
IA001862,2026-07-14T16:33:56,STF1163,staff,Retail Concessions,Gate-Management-System,badge+pin,fail,airport-terminal,0
IA005302,2026-07-14T16:48:59,VND2005,vendor,AeroFuel Solutions,Cargo-Manifest-System,sso_password,success,airport-terminal,0
IA002629,2026-07-14T17:28:08,STF1166,staff,Baggage Handling,Airfield-Ops-Portal,vpn_certificate,success,airport-terminal,0
IA005309,2026-07-14T17:35:36,STF1029,staff,Security,Staff-VPN,badge+pin,success,airport-terminal,0
IA002481,2026-07-14T17:39:48,STF1020,staff,Ground Operations,Departure-Control-System,badge+pin,success,airport-terminal,0
IA000019,2026-07-14T17:46:12,STF1072,staff,Retail Concessions,Baggage-Handling-System,sso_mfa,success,airport-terminal,0
IA004780,2026-07-14T17:53:08,STF1099,staff,Baggage Handling,Gate-Management-System,vpn_password,success,airport-terminal,0
IA002107,2026-07-14T17:53:11,STF1049,staff,Retail Concessions,Gate-Management-System,badge+pin,success,airport-terminal,0
IA005855,2026-07-14T18:08:44,STF1039,staff,Engineering & Maintenance,Gate-Management-System,sso_password,success,airport-terminal,0
IA004224,2026-07-14T18:10:21,STF1131,staff,Engineering & Maintenance,Airfield-Ops-Portal,badge+pin,success,airport-terminal,0
IA003369,2026-07-14T18:16:35,VND2017,vendor,Horizon Cleaning Services,Departure-Control-System,vpn_certificate,success,vendor-remote-site,0
IA005865,2026-07-14T18:20:11,STF1179,staff,Baggage Handling,Departure-Control-System,sso_password,success,airport-terminal,0
IA006061,2026-07-14T18:24:17,VND2023,vendor,SkyLink Ground Services,Staff-VPN,vpn_password,success,vendor-remote-site,1
IA000862,2026-07-14T18:24:33,VND2034,vendor,SkyLink Ground Services,Retail-POS-Backend,sso_password,success,vendor-remote-site,0
IA004468,2026-07-14T18:29:06,STF1131,staff,Engineering & Maintenance,HR-Self-Service,badge+pin,success,airport-terminal,0
IA005091,2026-07-14T18:30:40,STF1071,staff,Cargo,Airfield-Ops-Portal,sso_password,success,airport-terminal,0
IA000969,2026-07-14T18:38:34,STF1029,staff,Security,Departure-Control-System,sso_mfa,success,airport-terminal,0
IA003233,2026-07-14T18:47:51,STF1004,staff,IT,Airfield-Ops-Portal,vpn_certificate,success,airport-terminal,0
IA002938,2026-07-14T19:01:02,STF1137,staff,Retail Concessions,Gate-Management-System,vpn_certificate,success,airport-terminal,0
IA005631,2026-07-14T19:05:08,STF1128,staff,Retail Concessions,Retail-POS-Backend,vpn_certificate,success,airport-terminal,0
IA000423,2026-07-14T19:21:17,STF1120,staff,Engineering & Maintenance,Departure-Control-System,badge+pin,success,airport-terminal,0
IA002912,2026-07-14T19:22:23,STF1067,staff,IT,Maintenance-Ticketing,sso_mfa,success,airport-terminal,0
IA000847,2026-07-14T19:24:53,VND2004,vendor,Falcon Cargo Handling,Baggage-Handling-System,sso_password,success,airport-terminal,0
IA005089,2026-07-14T19:37:23,STF1148,staff,Cargo,HR-Self-Service,badge+pin,success,airport-terminal,0
IA002502,2026-07-14T19:55:50,VND2016,vendor,AeroFuel Solutions,Retail-POS-Backend,vpn_password,success,airport-terminal,0
IA000330,2026-07-14T20:04:02,VND2002,vendor,Horizon Cleaning Services,Baggage-Handling-System,sso_mfa,success,airport-terminal,0
IA003235,2026-07-14T20:05:42,STF1147,staff,Ground Operations,Baggage-Handling-System,badge+pin,success,airport-terminal,0
IA003177,2026-07-14T20:07:58,STF1123,staff,Baggage Handling,Gate-Management-System,vpn_certificate,success,airport-terminal,0
IA005587,2026-07-14T20:25:11,STF1160,staff,Gate Services,Departure-Control-System,badge+pin,success,airport-terminal,0
IA002406,2026-07-14T20:33:58,VND2019,vendor,Falcon Cargo Handling,Baggage-Handling-System,badge+pin,success,airport-terminal,0
IA003241,2026-07-14T20:58:56,STF1015,staff,Gate Services,Baggage-Handling-System,badge+pin,fail,airport-terminal,0
IA005482,2026-07-14T21:13:44,VND2023,vendor,SkyLink Ground Services,Cargo-Manifest-System,sso_password,success,vendor-remote-site,0
IA003469,2026-07-14T21:18:31,VND2029,vendor,Horizon Cleaning Services,Retail-POS-Backend,vpn_password,success,airport-terminal,0
IA004820,2026-07-14T21:29:36,STF1164,staff,Ground Operations,Cargo-Manifest-System,badge+pin,success,airport-terminal,0
IA001347,2026-07-14T21:32:50,STF1068,staff,Ground Operations,Staff-VPN,vpn_certificate,success,airport-terminal,0
IA005217,2026-07-14T21:37:43,STF1124,staff,Gate Services,Gate-Management-System,sso_password,success,airport-terminal,0
IA000380,2026-07-14T21:53:10,STF1000,staff,Ground Operations,Baggage-Handling-System,badge+pin,success,airport-terminal,0
IA005353,2026-07-14T21:58:25,STF1082,staff,Retail Concessions,Airfield-Ops-Portal,sso_password,success,airport-terminal,0
IA006029,2026-07-14T23:04:04,STF1054,staff,Security,Maintenance-Ticketing,sso_mfa,success,airport-terminal,0
IA004062,2026-07-14T23:06:28,STF1120,staff,Engineering & Maintenance,Gate-Management-System,sso_password,success,airport-terminal,0
IA003010,2026-07-14T23:06:37,STF1044,staff,Ground Operations,Maintenance-Ticketing,vpn_password,success,airport-terminal,0
IA003324,2026-07-14T23:10:31,STF1040,staff,Cargo,Baggage-Handling-System,badge+pin,success,airport-terminal,0
IA005577,2026-07-14T23:14:29,STF1076,staff,Baggage Handling,HR-Self-Service,vpn_password,success,airport-terminal,0
IA003737,2026-07-14T23:18:33,STF1054,staff,Security,HR-Self-Service,vpn_password,success,airport-terminal,0
IA001561,2026-07-14T23:37:26,VND2014,vendor,AeroFuel Solutions,Departure-Control-System,sso_mfa,success,airport-terminal,0
IA000108,2026-07-14T23:57:13,STF1090,staff,Engineering & Maintenance,Maintenance-Ticketing,vpn_certificate,success,airport-terminal,0
IA002242,2026-07-15T00:20:28,STF1086,staff,Baggage Handling,Retail-POS-Backend,sso_password,success,airport-terminal,0
IA005051,2026-07-15T00:38:45,STF1069,staff,Baggage Handling,Baggage-Handling-System,sso_password,success,airport-terminal,0
IA005363,2026-07-15T00:43:45,VND2002,vendor,Horizon Cleaning Services,Baggage-Handling-System,sso_password,success,vendor-remote-site,0
IA004260,2026-07-15T01:15:11,STF1055,staff,Cargo,Maintenance-Ticketing,badge+pin,success,airport-terminal,0
IA005181,2026-07-15T01:16:15,STF1032,staff,Security,Departure-Control-System,sso_mfa,success,airport-terminal,0
IA002134,2026-07-15T01:22:39,STF1059,staff,IT,Cargo-Manifest-System,badge+pin,success,airport-terminal,0
IA001648,2026-07-15T01:29:54,STF1028,staff,IT,Maintenance-Ticketing,sso_mfa,success,airport-terminal,0
IA000834,2026-07-15T02:00:38,STF1043,staff,Cargo,Gate-Management-System,vpn_certificate,success,airport-terminal,0
IA005463,2026-07-15T02:01:41,STF1011,staff,Retail Concessions,Maintenance-Ticketing,vpn_certificate,success,airport-terminal,0
IA002795,2026-07-15T02:10:29,VND2033,vendor,Meridian Aircraft Maintenance,Baggage-Handling-System,vpn_password,success,airport-terminal,1
IA005045,2026-07-15T02:17:47,VND2004,vendor,Falcon Cargo Handling,HR-Self-Service,badge+pin,success,airport-terminal,0
IA003963,2026-07-15T03:08:54,STF1133,staff,Baggage Handling,Gate-Management-System,badge+pin,success,airport-terminal,0
IA004465,2026-07-15T03:57:19,STF1166,staff,Baggage Handling,Airfield-Ops-Portal,sso_password,success,airport-terminal,0
IA005472,2026-07-15T04:11:13,VND2004,vendor,Falcon Cargo Handling,Retail-POS-Backend,sso_password,success,airport-terminal,0
IA003500,2026-07-15T04:23:22,STF1009,staff,Retail Concessions,Baggage-Handling-System,vpn_certificate,success,airport-terminal,0
IA004952,2026-07-15T06:16:48,STF1068,staff,Ground Operations,Maintenance-Ticketing,sso_mfa,success,airport-terminal,0
IA004131,2026-07-15T06:27:02,VND2010,vendor,SkyLink Ground Services,Baggage-Handling-System,sso_password,success,airport-terminal,0
IA003588,2026-07-15T06:29:11,STF1097,staff,Retail Concessions,Departure-Control-System,badge+pin,success,airport-terminal,0
IA004168,2026-07-15T06:34:37,STF1035,staff,Retail Concessions,HR-Self-Service,sso_password,success,airport-terminal,0
IA004384,2026-07-15T06:41:55,VND2017,vendor,Horizon Cleaning Services,Maintenance-Ticketing,sso_mfa,success,vendor-remote-site,0
IA003964,2026-07-15T06:44:54,STF1066,staff,Retail Concessions,Maintenance-Ticketing,vpn_password,success,airport-terminal,0
IA005067,2026-07-15T06:54:57,STF1121,staff,Security,Maintenance-Ticketing,sso_mfa,success,airport-terminal,0
IA002999,2026-07-15T06:58:08,STF1130,staff,Engineering & Maintenance,Departure-Control-System,sso_mfa,success,airport-terminal,0
IA001534,2026-07-15T06:59:28,STF1127,staff,Baggage Handling,Cargo-Manifest-System,sso_password,success,airport-terminal,0
IA005356,2026-07-15T07:00:41,STF1043,staff,Cargo,Staff-VPN,sso_password,success,airport-terminal,0
IA002789,2026-07-15T07:28:00,VND2003,vendor,Falcon Cargo Handling,HR-Self-Service,vpn_certificate,fail,vendor-remote-site,0
IA002558,2026-07-15T07:29:17,STF1104,staff,Gate Services,HR-Self-Service,sso_password,success,airport-terminal,0
IA000471,2026-07-15T07:42:23,STF1067,staff,IT,Cargo-Manifest-System,vpn_certificate,success,airport-terminal,0
IA002677,2026-07-15T07:59:25,STF1068,staff,Ground Operations,Maintenance-Ticketing,vpn_password,success,airport-terminal,0
IA004667,2026-07-15T08:05:48,STF1139,staff,Gate Services,Departure-Control-System,sso_password,success,airport-terminal,0
IA002340,2026-07-15T08:06:54,STF1150,staff,IT,Baggage-Handling-System,sso_mfa,success,airport-terminal,0
IA003522,2026-07-15T08:13:32,STF1033,staff,Retail Concessions,Baggage-Handling-System,sso_password,success,airport-terminal,0
IA002859,2026-07-15T08:18:16,STF1051,staff,Retail Concessions,Cargo-Manifest-System,sso_password,success,airport-terminal,0
IA000727,2026-07-15T08:34:23,STF1141,staff,Retail Concessions,Departure-Control-System,sso_password,fail,airport-terminal,0
IA004148,2026-07-15T08:45:20,STF1119,staff,Baggage Handling,Airfield-Ops-Portal,badge+pin,success,airport-terminal,0
IA001283,2026-07-15T08:52:26,STF1137,staff,Retail Concessions,Cargo-Manifest-System,badge+pin,success,airport-terminal,0
IA004051,2026-07-15T08:57:39,STF1125,staff,Retail Concessions,Airfield-Ops-Portal,sso_password,success,airport-terminal,0
IA004349,2026-07-15T09:00:22,VND2034,vendor,SkyLink Ground Services,Airfield-Ops-Portal,badge+pin,success,airport-terminal,0
IA001408,2026-07-15T09:11:42,STF1115,staff,Engineering & Maintenance,Staff-VPN,vpn_password,success,airport-terminal,0
IA001123,2026-07-15T09:16:49,STF1122,staff,Gate Services,Gate-Management-System,sso_password,success,airport-terminal,0
IA000170,2026-07-15T09:46:24,STF1016,staff,Gate Services,HR-Self-Service,sso_password,fail,airport-terminal,0
IA003993,2026-07-15T09:55:04,VND2030,vendor,Meridian Aircraft Maintenance,Gate-Management-System,sso_password,success,airport-terminal,0
IA000472,2026-07-15T10:21:59,STF1050,staff,Ground Operations,Cargo-Manifest-System,vpn_password,success,airport-terminal,0
IA001099,2026-07-15T10:27:34,VND2029,vendor,Horizon Cleaning Services,Baggage-Handling-System,sso_password,success,vendor-remote-site,0
IA002538,2026-07-15T10:35:16,STF1010,staff,Gate Services,Airfield-Ops-Portal,badge+pin,success,airport-terminal,0
IA003596,2026-07-15T10:51:23,VND2006,vendor,Coastal Catering Co,Staff-VPN,sso_password,success,vendor-remote-site,0
IA000570,2026-07-15T10:54:48,STF1066,staff,Retail Concessions,Baggage-Handling-System,badge+pin,success,airport-terminal,0
IA000447,2026-07-15T10:59:05,STF1116,staff,IT,Airfield-Ops-Portal,sso_password,success,airport-terminal,0
IA001811,2026-07-15T11:37:33,STF1153,staff,Ground Operations,Departure-Control-System,badge+pin,success,airport-terminal,0
IA004235,2026-07-15T11:40:19,STF1150,staff,IT,Staff-VPN,vpn_certificate,success,airport-terminal,0
IA003313,2026-07-15T11:45:52,STF1090,staff,Engineering & Maintenance,Maintenance-Ticketing,vpn_password,success,airport-terminal,0
IA000339,2026-07-15T11:55:05,STF1135,staff,Security,Baggage-Handling-System,vpn_certificate,success,airport-terminal,0
IA005701,2026-07-15T11:59:49,STF1034,staff,Ground Operations,Retail-POS-Backend,vpn_password,success,airport-terminal,0
IA001330,2026-07-15T12:26:31,STF1176,staff,Engineering & Maintenance,Gate-Management-System,sso_mfa,success,airport-terminal,0
IA004066,2026-07-15T12:27:53,STF1042,staff,Retail Concessions,Staff-VPN,vpn_password,success,airport-terminal,0
IA005540,2026-07-15T12:36:11,STF1119,staff,Baggage Handling,Staff-VPN,sso_password,success,airport-terminal,0
IA004909,2026-07-15T12:39:29,STF1086,staff,Baggage Handling,Departure-Control-System,badge+pin,success,airport-terminal,0
IA005555,2026-07-15T12:51:45,STF1028,staff,IT,Gate-Management-System,sso_password,success,airport-terminal,0
IA005366,2026-07-15T12:59:30,VND2018,vendor,Falcon Cargo Handling,Airfield-Ops-Portal,sso_mfa,success,airport-terminal,0
IA005389,2026-07-15T13:02:49,STF1115,staff,Engineering & Maintenance,Departure-Control-System,vpn_password,success,airport-terminal,0
IA004027,2026-07-15T13:07:53,STF1161,staff,Ground Operations,Airfield-Ops-Portal,badge+pin,success,airport-terminal,0
IA000587,2026-07-15T13:22:01,STF1002,staff,Ground Operations,HR-Self-Service,sso_mfa,success,airport-terminal,0
IA003480,2026-07-15T13:24:54,STF1098,staff,Engineering & Maintenance,Retail-POS-Backend,sso_mfa,success,airport-terminal,0
IA004259,2026-07-15T13:30:21,STF1101,staff,Retail Concessions,Airfield-Ops-Portal,sso_password,success,airport-terminal,0
IA004490,2026-07-15T13:30:25,STF1136,staff,Baggage Handling,HR-Self-Service,sso_mfa,success,airport-terminal,0
IA004774,2026-07-15T13:33:22,STF1086,staff,Baggage Handling,HR-Self-Service,vpn_password,success,airport-terminal,0
IA003667,2026-07-15T13:34:49,VND2019,vendor,Falcon Cargo Handling,Airfield-Ops-Portal,vpn_certificate,success,airport-terminal,0
IA005942,2026-07-15T13:35:10,VND2028,vendor,Horizon Cleaning Services,Gate-Management-System,sso_password,success,vendor-remote-site,0
IA005662,2026-07-15T13:48:50,STF1012,staff,IT,Airfield-Ops-Portal,sso_password,success,airport-terminal,0
IA000349,2026-07-15T14:40:47,STF1066,staff,Retail Concessions,Gate-Management-System,sso_password,success,airport-terminal,0
IA004507,2026-07-15T14:45:47,STF1138,staff,Security,Airfield-Ops-Portal,vpn_password,success,airport-terminal,0
IA003280,2026-07-15T14:46:47,VND2011,vendor,Falcon Cargo Handling,Gate-Management-System,badge+pin,success,airport-terminal,0
IA006189,2026-07-15T14:48:39,STF1127,staff,Baggage Handling,Maintenance-Ticketing,vpn_password,success,airport-terminal,0
IA004208,2026-07-15T14:51:35,VND2018,vendor,Falcon Cargo Handling,Retail-POS-Backend,vpn_certificate,success,airport-terminal,0
IA001835,2026-07-15T15:05:58,STF1174,staff,Ground Operations,Cargo-Manifest-System,vpn_certificate,success,airport-terminal,0
IA000610,2026-07-15T15:13:04,STF1173,staff,Baggage Handling,Departure-Control-System,badge+pin,success,airport-terminal,0
IA005466,2026-07-15T15:26:24,STF1061,staff,Ground Operations,Staff-VPN,badge+pin,success,airport-terminal,0
IA002251,2026-07-15T15:34:42,STF1073,staff,Gate Services,Maintenance-Ticketing,vpn_password,success,airport-terminal,0
IA002350,2026-07-15T15:35:34,STF1095,staff,Retail Concessions,Airfield-Ops-Portal,sso_mfa,success,airport-terminal,0
IA005431,2026-07-15T15:39:07,STF1161,staff,Ground Operations,Departure-Control-System,sso_password,success,airport-terminal,0
IA000644,2026-07-15T15:53:38,STF1075,staff,Gate Services,Cargo-Manifest-System,badge+pin,success,airport-terminal,0
IA000872,2026-07-15T16:00:05,VND2015,vendor,AeroFuel Solutions,Baggage-Handling-System,sso_password,success,airport-terminal,0
IA002889,2026-07-15T16:21:37,STF1142,staff,Gate Services,Maintenance-Ticketing,vpn_certificate,success,airport-terminal,0
IA001514,2026-07-15T16:26:00,STF1046,staff,Cargo,Airfield-Ops-Portal,sso_mfa,success,airport-terminal,0
IA002228,2026-07-15T16:29:04,STF1082,staff,Retail Concessions,Staff-VPN,vpn_certificate,success,airport-terminal,0
IA004583,2026-07-15T16:30:39,STF1143,staff,Engineering & Maintenance,Retail-POS-Backend,vpn_password,success,airport-terminal,0
IA000809,2026-07-15T16:48:44,VND2021,vendor,Falcon Cargo Handling,Maintenance-Ticketing,sso_mfa,success,vendor-remote-site,0
IA001728,2026-07-15T16:50:37,VND2013,vendor,Falcon Cargo Handling,Staff-VPN,vpn_certificate,success,airport-terminal,0
IA002955,2026-07-15T16:52:39,STF1082,staff,Retail Concessions,Cargo-Manifest-System,badge+pin,success,airport-terminal,0
IA000694,2026-07-15T16:57:36,STF1042,staff,Retail Concessions,HR-Self-Service,sso_mfa,fail,airport-terminal,0
IA004064,2026-07-15T17:07:47,VND2018,vendor,Falcon Cargo Handling,HR-Self-Service,sso_password,success,airport-terminal,0
IA004746,2026-07-15T17:11:58,STF1012,staff,IT,Maintenance-Ticketing,badge+pin,success,airport-terminal,0
IA005335,2026-07-15T17:35:44,STF1158,staff,Baggage Handling,Departure-Control-System,sso_password,success,airport-terminal,0
IA002003,2026-07-15T17:38:04,VND2022,vendor,Falcon Cargo Handling,Baggage-Handling-System,vpn_password,success,vendor-remote-site,0
IA005847,2026-07-15T17:38:34,STF1089,staff,Retail Concessions,Departure-Control-System,sso_password,success,airport-terminal,0
IA003758,2026-07-15T18:06:44,STF1176,staff,Engineering & Maintenance,Departure-Control-System,sso_password,success,airport-terminal,0
IA003417,2026-07-15T18:07:44,STF1026,staff,Gate Services,Retail-POS-Backend,sso_mfa,success,airport-terminal,0
IA004013,2026-07-15T18:27:51,VND2019,vendor,Falcon Cargo Handling,Gate-Management-System,sso_password,success,airport-terminal,0
IA005169,2026-07-15T18:48:35,STF1131,staff,Engineering & Maintenance,Baggage-Handling-System,badge+pin,success,airport-terminal,0
IA003772,2026-07-15T18:56:09,STF1051,staff,Retail Concessions,Retail-POS-Backend,sso_password,success,airport-terminal,0
IA000689,2026-07-15T18:56:25,STF1074,staff,Baggage Handling,Airfield-Ops-Portal,badge+pin,success,airport-terminal,0
IA000948,2026-07-15T19:21:36,STF1089,staff,Retail Concessions,Staff-VPN,badge+pin,success,airport-terminal,0
IA002472,2026-07-15T19:25:23,VND2002,vendor,Horizon Cleaning Services,Staff-VPN,sso_password,success,vendor-remote-site,0
IA001982,2026-07-15T19:40:45,STF1000,staff,Ground Operations,Maintenance-Ticketing,badge+pin,success,airport-terminal,0
IA000379,2026-07-15T19:42:05,STF1145,staff,Ground Operations,Departure-Control-System,badge+pin,success,airport-terminal,0
IA001564,2026-07-15T19:43:00,STF1142,staff,Gate Services,Baggage-Handling-System,vpn_password,success,airport-terminal,0
IA003594,2026-07-15T19:46:10,STF1132,staff,Cargo,Maintenance-Ticketing,badge+pin,success,airport-terminal,0
IA003794,2026-07-15T19:48:42,STF1141,staff,Retail Concessions,Gate-Management-System,vpn_certificate,fail,airport-terminal,0
IA006140,2026-07-15T19:49:29,STF1083,staff,Security,Baggage-Handling-System,badge+pin,success,airport-terminal,0
IA005986,2026-07-15T19:52:01,STF1072,staff,Retail Concessions,Retail-POS-Backend,badge+pin,success,airport-terminal,0
IA000188,2026-07-15T19:58:18,STF1157,staff,Gate Services,Maintenance-Ticketing,badge+pin,success,airport-terminal,0
IA006016,2026-07-15T20:03:50,STF1110,staff,Security,HR-Self-Service,vpn_certificate,success,airport-terminal,0
IA002424,2026-07-15T20:08:58,STF1002,staff,Ground Operations,Airfield-Ops-Portal,badge+pin,success,airport-terminal,0
IA006136,2026-07-15T20:16:35,STF1062,staff,Gate Services,Departure-Control-System,sso_mfa,success,airport-terminal,0
IA003973,2026-07-15T20:22:39,STF1015,staff,Gate Services,HR-Self-Service,sso_mfa,success,airport-terminal,0
IA001063,2026-07-15T20:25:37,STF1151,staff,Baggage Handling,HR-Self-Service,sso_password,fail,airport-terminal,0
IA002500,2026-07-15T20:25:42,STF1121,staff,Security,Departure-Control-System,sso_password,success,airport-terminal,0
IA002448,2026-07-15T20:30:01,VND2008,vendor,SkyLink Ground Services,Airfield-Ops-Portal,sso_password,success,airport-terminal,0
IA002504,2026-07-15T20:35:28,STF1003,staff,IT,Retail-POS-Backend,sso_mfa,success,airport-terminal,0
IA002149,2026-07-15T20:40:19,STF1035,staff,Retail Concessions,Departure-Control-System,vpn_certificate,success,airport-terminal,0
IA003343,2026-07-15T20:42:24,STF1006,staff,Retail Concessions,Airfield-Ops-Portal,vpn_password,success,airport-terminal,0
IA004096,2026-07-15T20:50:45,STF1084,staff,IT,Departure-Control-System,badge+pin,success,airport-terminal,0
IA003033,2026-07-15T20:54:03,STF1165,staff,Cargo,HR-Self-Service,sso_password,success,airport-terminal,0
IA004514,2026-07-15T20:55:11,STF1009,staff,Retail Concessions,Cargo-Manifest-System,badge+pin,success,airport-terminal,0
IA005514,2026-07-15T20:59:33,STF1122,staff,Gate Services,HR-Self-Service,sso_mfa,success,airport-terminal,0
IA004838,2026-07-15T21:10:40,STF1147,staff,Ground Operations,Airfield-Ops-Portal,sso_password,fail,airport-terminal,0
IA004821,2026-07-15T21:24:34,VND2033,vendor,Meridian Aircraft Maintenance,HR-Self-Service,vpn_certificate,success,vendor-remote-site,0
IA003807,2026-07-15T21:28:23,VND2010,vendor,SkyLink Ground Services,Airfield-Ops-Portal,badge+pin,success,vendor-remote-site,0
IA000584,2026-07-15T21:36:19,STF1051,staff,Retail Concessions,Departure-Control-System,sso_password,success,airport-terminal,0
IA002781,2026-07-15T21:38:03,STF1163,staff,Retail Concessions,Staff-VPN,badge+pin,success,airport-terminal,0
IA001828,2026-07-15T21:38:36,STF1062,staff,Gate Services,Airfield-Ops-Portal,sso_password,success,airport-terminal,0
IA000391,2026-07-15T21:48:55,STF1043,staff,Cargo,Airfield-Ops-Portal,sso_password,success,airport-terminal,0
IA001703,2026-07-15T21:53:03,STF1005,staff,Retail Concessions,Baggage-Handling-System,sso_password,success,airport-terminal,0
IA004050,2026-07-15T21:53:44,VND2006,vendor,Coastal Catering Co,Retail-POS-Backend,vpn_password,success,vendor-remote-site,0
IA000335,2026-07-15T21:59:42,STF1103,staff,Retail Concessions,Maintenance-Ticketing,badge+pin,success,airport-terminal,0
IA004203,2026-07-15T23:39:28,VND2019,vendor,Falcon Cargo Handling,Maintenance-Ticketing,sso_mfa,success,airport-terminal,0
IA005206,2026-07-15T23:54:59,STF1173,staff,Baggage Handling,Gate-Management-System,sso_mfa,success,airport-terminal,0
