session_id,timestamp,user_id,role,vendor_firm,application,action,privilege_level,outcome,is_anomalous
OP000771,2026-06-01T00:03:26,STF1172,staff,,Departure-Control-System,read_sensor_status,standard,success,0
OP001657,2026-06-01T00:05:17,VND2033,vendor,Meridian Aircraft Maintenance,Departure-Control-System,create_user,elevated,success,1
OP001286,2026-06-01T00:28:58,STF1130,staff,,Gate-Management-System,view_manifest,standard,success,0
OP000784,2026-06-01T02:01:51,VND2011,vendor,Falcon Cargo Handling,Baggage-Handling-System,create_user,elevated,success,0
OP000051,2026-06-01T03:06:20,VND2002,vendor,Horizon Cleaning Services,Departure-Control-System,view_manifest,standard,success,0
OP000055,2026-06-01T03:35:47,STF1118,staff,,Baggage-Handling-System,export_report,standard,success,0
OP000923,2026-06-01T03:38:09,STF1042,staff,,Airfield-Ops-Portal,read_sensor_status,standard,success,0
OP000378,2026-06-01T06:27:24,STF1123,staff,,Gate-Management-System,view_manifest,standard,success,0
OP000537,2026-06-01T06:32:59,VND2005,vendor,AeroFuel Solutions,Gate-Management-System,view_manifest,standard,success,0
OP001109,2026-06-01T06:33:25,VND2011,vendor,Falcon Cargo Handling,Baggage-Handling-System,download_bulk_data,elevated,success,0
OP001214,2026-06-01T07:02:48,VND2032,vendor,AeroFuel Solutions,Gate-Management-System,export_report,standard,success,0
OP000904,2026-06-01T07:03:37,STF1125,staff,,Cargo-Manifest-System,download_bulk_data,elevated,success,0
OP000628,2026-06-01T07:04:07,STF1150,staff,,Airfield-Ops-Portal,download_bulk_data,elevated,success,0
OP001476,2026-06-01T07:06:55,STF1081,staff,,Departure-Control-System,view_manifest,standard,success,0
OP000249,2026-06-01T07:15:49,STF1004,staff,,Departure-Control-System,read_sensor_status,standard,success,0
OP000645,2026-06-01T07:25:15,STF1078,staff,,Airfield-Ops-Portal,view_manifest,standard,success,0
OP001867,2026-06-01T07:42:11,STF1130,staff,,Airfield-Ops-Portal,read_sensor_status,standard,success,0
OP000786,2026-06-01T08:05:56,VND2012,vendor,AeroFuel Solutions,Departure-Control-System,update_schedule,standard,success,0
OP001839,2026-06-01T08:06:52,STF1102,staff,,Baggage-Handling-System,view_manifest,standard,success,0
OP001934,2026-06-01T08:10:15,STF1056,staff,,Gate-Management-System,read_sensor_status,standard,success,0
OP000738,2026-06-01T08:25:51,STF1146,staff,,Gate-Management-System,create_user,elevated,success,0
OP002529,2026-06-01T08:37:34,STF1137,staff,,Gate-Management-System,update_schedule,standard,success,0
OP002581,2026-06-01T09:02:09,STF1022,staff,,Airfield-Ops-Portal,modify_routing_rule,elevated,success,0
OP000417,2026-06-01T09:06:33,STF1126,staff,,Cargo-Manifest-System,admin_config_change,elevated,success,0
OP002479,2026-06-01T09:33:53,STF1139,staff,,Airfield-Ops-Portal,admin_config_change,elevated,success,0
OP002997,2026-06-01T09:58:20,VND2004,vendor,Falcon Cargo Handling,Baggage-Handling-System,export_report,standard,success,0
OP001230,2026-06-01T10:47:54,STF1170,staff,,Gate-Management-System,read_sensor_status,standard,success,0
OP001659,2026-06-01T10:50:51,VND2028,vendor,Horizon Cleaning Services,Cargo-Manifest-System,export_report,standard,success,0
OP000225,2026-06-01T10:51:01,STF1119,staff,,Departure-Control-System,view_manifest,standard,success,0
OP002434,2026-06-01T10:55:52,VND2025,vendor,SkyLink Ground Services,Airfield-Ops-Portal,view_manifest,standard,success,0
OP001769,2026-06-01T11:10:22,STF1066,staff,,Gate-Management-System,export_report,standard,success,0
OP002272,2026-06-01T11:18:22,VND2017,vendor,Horizon Cleaning Services,Departure-Control-System,update_schedule,standard,success,0
OP001747,2026-06-01T11:46:30,VND2004,vendor,Falcon Cargo Handling,Departure-Control-System,modify_routing_rule,elevated,success,0
OP000036,2026-06-01T11:56:34,STF1058,staff,,Gate-Management-System,modify_routing_rule,elevated,success,0
OP001622,2026-06-01T12:01:33,STF1004,staff,,Baggage-Handling-System,modify_routing_rule,elevated,success,0
OP000295,2026-06-01T12:03:32,STF1072,staff,,Departure-Control-System,update_schedule,standard,success,0
OP000703,2026-06-01T12:34:49,STF1113,staff,,Departure-Control-System,read_sensor_status,standard,success,0
OP000153,2026-06-01T12:53:33,VND2024,vendor,AeroFuel Solutions,Airfield-Ops-Portal,export_report,standard,success,0
OP002897,2026-06-01T13:08:33,VND2018,vendor,Falcon Cargo Handling,Baggage-Handling-System,admin_config_change,elevated,success,0
OP001772,2026-06-01T13:08:50,STF1067,staff,,Gate-Management-System,read_sensor_status,standard,success,0
OP001762,2026-06-01T13:11:26,STF1053,staff,,Gate-Management-System,view_manifest,standard,success,0
OP000424,2026-06-01T13:15:34,STF1153,staff,,Baggage-Handling-System,export_report,standard,success,0
OP002334,2026-06-01T13:23:20,STF1136,staff,,Gate-Management-System,modify_routing_rule,elevated,success,0
OP000111,2026-06-01T13:25:11,VND2007,vendor,SkyLink Ground Services,Baggage-Handling-System,modify_routing_rule,elevated,success,0
OP002928,2026-06-01T13:28:44,STF1141,staff,,Gate-Management-System,read_sensor_status,standard,success,0
OP001440,2026-06-01T13:29:43,VND2030,vendor,Meridian Aircraft Maintenance,Airfield-Ops-Portal,view_manifest,standard,success,0
OP000372,2026-06-01T13:48:34,STF1131,staff,,Gate-Management-System,export_report,standard,success,0
OP000513,2026-06-01T14:03:27,STF1077,staff,,Gate-Management-System,update_schedule,standard,success,0
OP002329,2026-06-01T14:03:54,STF1113,staff,,Airfield-Ops-Portal,export_report,standard,success,0
OP002571,2026-06-01T14:11:40,STF1153,staff,,Cargo-Manifest-System,read_sensor_status,standard,success,0
OP000641,2026-06-01T14:49:18,VND2014,vendor,AeroFuel Solutions,Baggage-Handling-System,modify_routing_rule,elevated,success,0
OP001421,2026-06-01T15:40:02,VND2002,vendor,Horizon Cleaning Services,Cargo-Manifest-System,read_sensor_status,standard,success,0
OP002554,2026-06-01T15:55:00,VND2025,vendor,SkyLink Ground Services,Airfield-Ops-Portal,export_report,standard,success,0
OP000290,2026-06-01T15:56:23,STF1013,staff,,Airfield-Ops-Portal,view_manifest,standard,success,0
OP000069,2026-06-01T15:57:53,STF1092,staff,,Cargo-Manifest-System,read_sensor_status,standard,success,0
OP003018,2026-06-01T16:00:38,VND2000,vendor,SkyLink Ground Services,Airfield-Ops-Portal,view_manifest,standard,success,0
OP000033,2026-06-01T16:15:03,VND2012,vendor,AeroFuel Solutions,Cargo-Manifest-System,update_schedule,standard,success,0
OP000611,2026-06-01T16:34:15,STF1175,staff,,Cargo-Manifest-System,read_sensor_status,standard,success,0
OP001468,2026-06-01T17:32:02,STF1147,staff,,Cargo-Manifest-System,view_manifest,standard,success,0
OP002478,2026-06-01T17:42:15,STF1074,staff,,Baggage-Handling-System,modify_routing_rule,elevated,success,0
OP000188,2026-06-01T18:10:49,STF1143,staff,,Departure-Control-System,read_sensor_status,standard,success,0
OP001087,2026-06-01T18:28:26,STF1178,staff,,Airfield-Ops-Portal,create_user,elevated,success,0
OP003097,2026-06-01T18:28:40,STF1092,staff,,Airfield-Ops-Portal,view_manifest,standard,success,0
OP002729,2026-06-01T18:32:01,STF1151,staff,,Gate-Management-System,update_schedule,standard,success,0
OP002033,2026-06-01T18:47:19,VND2027,vendor,Meridian Aircraft Maintenance,Baggage-Handling-System,view_manifest,standard,success,0
OP001151,2026-06-01T18:48:20,VND2005,vendor,AeroFuel Solutions,Airfield-Ops-Portal,modify_routing_rule,elevated,success,0
OP002895,2026-06-01T19:00:43,VND2023,vendor,SkyLink Ground Services,Gate-Management-System,export_report,standard,success,0
OP002413,2026-06-01T19:15:38,VND2007,vendor,SkyLink Ground Services,Gate-Management-System,view_manifest,standard,success,0
OP000516,2026-06-01T19:19:11,STF1024,staff,,Baggage-Handling-System,view_manifest,standard,success,0
OP001939,2026-06-01T19:26:19,STF1049,staff,,Cargo-Manifest-System,update_schedule,standard,success,0
OP001342,2026-06-01T20:11:54,STF1070,staff,,Airfield-Ops-Portal,export_report,standard,success,0
OP000838,2026-06-01T20:14:41,VND2016,vendor,AeroFuel Solutions,Departure-Control-System,view_manifest,standard,success,0
OP001068,2026-06-01T20:29:43,VND2004,vendor,Falcon Cargo Handling,Airfield-Ops-Portal,read_sensor_status,standard,success,0
OP002528,2026-06-01T20:37:51,VND2004,vendor,Falcon Cargo Handling,Departure-Control-System,view_manifest,standard,success,0
OP002257,2026-06-01T20:42:13,STF1127,staff,,Gate-Management-System,view_manifest,standard,success,0
OP001763,2026-06-01T20:44:09,STF1101,staff,,Baggage-Handling-System,export_report,standard,success,0
OP002456,2026-06-01T21:13:52,STF1147,staff,,Cargo-Manifest-System,create_user,elevated,success,0
OP001780,2026-06-01T21:56:35,VND2012,vendor,AeroFuel Solutions,Departure-Control-System,read_sensor_status,standard,success,0
OP000996,2026-06-01T23:01:30,STF1168,staff,,Gate-Management-System,admin_config_change,elevated,success,0
OP000303,2026-06-02T00:17:41,STF1140,staff,,Baggage-Handling-System,read_sensor_status,standard,success,0
OP001852,2026-06-02T01:31:29,STF1111,staff,,Gate-Management-System,read_sensor_status,standard,success,0
OP001305,2026-06-02T01:45:21,VND2000,vendor,SkyLink Ground Services,Cargo-Manifest-System,download_bulk_data,elevated,success,0
OP002443,2026-06-02T03:35:21,STF1024,staff,,Baggage-Handling-System,export_report,standard,success,0
OP001042,2026-06-02T04:50:09,STF1060,staff,,Airfield-Ops-Portal,view_manifest,standard,success,0
OP001510,2026-06-02T06:04:22,VND2030,vendor,Meridian Aircraft Maintenance,Baggage-Handling-System,view_manifest,standard,success,0
OP002799,2026-06-02T06:12:33,STF1016,staff,,Baggage-Handling-System,update_schedule,standard,success,0
OP000323,2026-06-02T06:20:11,STF1028,staff,,Cargo-Manifest-System,view_manifest,standard,success,0
OP002118,2026-06-02T06:34:32,STF1092,staff,,Departure-Control-System,download_bulk_data,elevated,success,0
OP000867,2026-06-02T06:38:51,STF1050,staff,,Baggage-Handling-System,export_report,standard,success,0
OP000444,2026-06-02T07:19:03,STF1141,staff,,Airfield-Ops-Portal,update_schedule,standard,success,0
OP002875,2026-06-02T07:48:59,STF1003,staff,,Gate-Management-System,view_manifest,standard,success,0
OP002634,2026-06-02T08:02:40,STF1042,staff,,Cargo-Manifest-System,update_schedule,standard,success,0
OP000961,2026-06-02T08:14:58,STF1164,staff,,Airfield-Ops-Portal,admin_config_change,elevated,success,0
OP002871,2026-06-02T08:27:35,VND2034,vendor,SkyLink Ground Services,Airfield-Ops-Portal,view_manifest,standard,success,0
OP003077,2026-06-02T08:32:32,VND2005,vendor,AeroFuel Solutions,Baggage-Handling-System,read_sensor_status,standard,success,0
OP001841,2026-06-02T08:41:31,VND2025,vendor,SkyLink Ground Services,Baggage-Handling-System,read_sensor_status,standard,success,0
OP001173,2026-06-02T08:57:07,VND2019,vendor,Falcon Cargo Handling,Departure-Control-System,modify_routing_rule,elevated,success,0
OP002051,2026-06-02T09:22:13,STF1036,staff,,Gate-Management-System,update_schedule,standard,success,0
OP003053,2026-06-02T09:22:25,STF1161,staff,,Baggage-Handling-System,view_manifest,standard,success,0
OP001526,2026-06-02T09:54:41,VND2001,vendor,Meridian Aircraft Maintenance,Baggage-Handling-System,download_bulk_data,elevated,success,0
OP002890,2026-06-02T10:12:51,STF1081,staff,,Baggage-Handling-System,update_schedule,standard,success,0
OP000529,2026-06-02T10:27:47,STF1132,staff,,Airfield-Ops-Portal,view_manifest,standard,success,0
OP002079,2026-06-02T10:27:58,VND2002,vendor,Horizon Cleaning Services,Gate-Management-System,update_schedule,standard,success,0
OP002572,2026-06-02T10:45:35,STF1120,staff,,Departure-Control-System,modify_routing_rule,elevated,success,0
OP000299,2026-06-02T10:47:23,STF1018,staff,,Airfield-Ops-Portal,export_report,standard,success,0
OP001695,2026-06-02T10:47:48,STF1020,staff,,Baggage-Handling-System,view_manifest,standard,success,0
OP000125,2026-06-02T10:51:35,STF1109,staff,,Gate-Management-System,read_sensor_status,standard,success,0
OP001071,2026-06-02T11:07:39,VND2004,vendor,Falcon Cargo Handling,Departure-Control-System,export_report,standard,success,0
OP001826,2026-06-02T11:32:49,VND2017,vendor,Horizon Cleaning Services,Gate-Management-System,read_sensor_status,standard,success,0
OP001051,2026-06-02T11:36:43,VND2021,vendor,Falcon Cargo Handling,Departure-Control-System,read_sensor_status,standard,success,0
OP002795,2026-06-02T11:47:43,VND2034,vendor,SkyLink Ground Services,Cargo-Manifest-System,update_schedule,standard,success,0
OP002903,2026-06-02T11:48:41,VND2031,vendor,Meridian Aircraft Maintenance,Baggage-Handling-System,modify_routing_rule,elevated,success,0
OP000305,2026-06-02T11:56:09,STF1099,staff,,Baggage-Handling-System,view_manifest,standard,success,0
OP002757,2026-06-02T12:00:13,STF1139,staff,,Airfield-Ops-Portal,view_manifest,standard,success,0
OP002107,2026-06-02T12:03:46,VND2013,vendor,Falcon Cargo Handling,Departure-Control-System,read_sensor_status,standard,success,0
OP000524,2026-06-02T12:29:06,STF1160,staff,,Baggage-Handling-System,admin_config_change,elevated,denied,1
OP001843,2026-06-02T12:31:35,STF1100,staff,,Gate-Management-System,read_sensor_status,standard,success,0
OP001918,2026-06-02T12:53:40,VND2008,vendor,SkyLink Ground Services,Departure-Control-System,export_report,standard,success,0
OP000695,2026-06-02T12:56:56,VND2031,vendor,Meridian Aircraft Maintenance,Baggage-Handling-System,update_schedule,standard,success,0
OP000293,2026-06-02T12:58:58,STF1167,staff,,Baggage-Handling-System,update_schedule,standard,success,0
OP003051,2026-06-02T13:26:33,STF1034,staff,,Baggage-Handling-System,update_schedule,standard,success,0
OP001643,2026-06-02T13:31:07,VND2023,vendor,SkyLink Ground Services,Departure-Control-System,view_manifest,standard,success,0
OP001698,2026-06-02T13:50:30,VND2016,vendor,AeroFuel Solutions,Cargo-Manifest-System,update_schedule,standard,success,0
OP000079,2026-06-02T13:54:17,VND2006,vendor,Coastal Catering Co,Departure-Control-System,update_schedule,standard,success,0
OP002580,2026-06-02T13:57:03,VND2021,vendor,Falcon Cargo Handling,Gate-Management-System,view_manifest,standard,success,0
OP002179,2026-06-02T14:19:51,VND2024,vendor,AeroFuel Solutions,Gate-Management-System,update_schedule,standard,success,0
OP000208,2026-06-02T14:31:16,STF1035,staff,,Departure-Control-System,modify_routing_rule,elevated,success,0
OP000105,2026-06-02T15:01:48,STF1063,staff,,Airfield-Ops-Portal,read_sensor_status,standard,success,0
OP002849,2026-06-02T15:12:16,VND2005,vendor,AeroFuel Solutions,Gate-Management-System,view_manifest,standard,success,0
OP000687,2026-06-02T15:43:27,VND2032,vendor,AeroFuel Solutions,Cargo-Manifest-System,admin_config_change,elevated,success,0
OP002774,2026-06-02T15:47:40,VND2015,vendor,AeroFuel Solutions,Cargo-Manifest-System,view_manifest,standard,success,0
OP001187,2026-06-02T15:50:05,STF1075,staff,,Airfield-Ops-Portal,update_schedule,standard,success,0
OP001592,2026-06-02T16:06:09,STF1140,staff,,Departure-Control-System,create_user,elevated,success,0
OP001104,2026-06-02T16:08:02,VND2022,vendor,Falcon Cargo Handling,Airfield-Ops-Portal,read_sensor_status,standard,success,0
OP002893,2026-06-02T16:42:48,VND2004,vendor,Falcon Cargo Handling,Baggage-Handling-System,read_sensor_status,standard,success,0
OP000054,2026-06-02T16:50:39,VND2015,vendor,AeroFuel Solutions,Cargo-Manifest-System,modify_routing_rule,elevated,success,0
OP001811,2026-06-02T17:01:58,STF1103,staff,,Departure-Control-System,modify_routing_rule,elevated,success,0
OP000827,2026-06-02T17:05:27,STF1003,staff,,Airfield-Ops-Portal,view_manifest,standard,success,0
OP001495,2026-06-02T17:10:17,STF1059,staff,,Baggage-Handling-System,view_manifest,standard,success,0
OP002507,2026-06-02T17:10:39,STF1167,staff,,Airfield-Ops-Portal,update_schedule,standard,success,0
OP001027,2026-06-02T17:16:31,VND2017,vendor,Horizon Cleaning Services,Departure-Control-System,update_schedule,standard,success,0
OP001006,2026-06-02T17:32:17,VND2030,vendor,Meridian Aircraft Maintenance,Cargo-Manifest-System,view_manifest,standard,success,0
OP002315,2026-06-02T17:37:56,STF1163,staff,,Baggage-Handling-System,export_report,standard,success,0
OP001564,2026-06-02T17:54:19,VND2017,vendor,Horizon Cleaning Services,Gate-Management-System,read_sensor_status,standard,success,0
OP002421,2026-06-02T18:03:00,STF1052,staff,,Airfield-Ops-Portal,modify_routing_rule,elevated,success,0
OP002120,2026-06-02T18:27:16,VND2030,vendor,Meridian Aircraft Maintenance,Baggage-Handling-System,download_bulk_data,elevated,success,0
OP002864,2026-06-02T18:34:31,VND2010,vendor,SkyLink Ground Services,Airfield-Ops-Portal,export_report,standard,success,0
OP000471,2026-06-02T19:04:41,STF1149,staff,,Baggage-Handling-System,export_report,standard,success,0
OP002371,2026-06-02T19:11:13,STF1010,staff,,Departure-Control-System,update_schedule,standard,success,0
OP001545,2026-06-02T19:17:20,STF1141,staff,,Cargo-Manifest-System,view_manifest,standard,success,0
OP001550,2026-06-02T19:22:11,STF1172,staff,,Departure-Control-System,update_schedule,standard,success,0
OP001225,2026-06-02T20:01:46,VND2027,vendor,Meridian Aircraft Maintenance,Airfield-Ops-Portal,modify_routing_rule,elevated,denied,0
OP002233,2026-06-02T20:17:39,VND2027,vendor,Meridian Aircraft Maintenance,Cargo-Manifest-System,export_report,standard,denied,0
OP002732,2026-06-02T20:33:50,STF1012,staff,,Cargo-Manifest-System,update_schedule,standard,success,0
OP002788,2026-06-02T20:48:50,STF1131,staff,,Gate-Management-System,read_sensor_status,standard,success,0
OP002468,2026-06-02T21:08:12,VND2020,vendor,Coastal Catering Co,Airfield-Ops-Portal,update_schedule,standard,success,0
OP000233,2026-06-02T21:15:48,VND2000,vendor,SkyLink Ground Services,Departure-Control-System,view_manifest,standard,success,0
OP002590,2026-06-02T21:24:47,STF1045,staff,,Departure-Control-System,update_schedule,standard,success,0
OP002343,2026-06-02T21:49:42,STF1042,staff,,Cargo-Manifest-System,update_schedule,standard,success,0
OP002693,2026-06-02T21:56:42,STF1111,staff,,Cargo-Manifest-System,view_manifest,standard,success,0
OP000621,2026-06-02T21:59:49,STF1097,staff,,Departure-Control-System,read_sensor_status,standard,success,0
OP001915,2026-06-02T23:39:44,VND2022,vendor,Falcon Cargo Handling,Departure-Control-System,export_report,standard,success,0
OP001248,2026-06-03T06:22:06,STF1077,staff,,Airfield-Ops-Portal,update_schedule,standard,denied,0
OP001441,2026-06-03T06:31:20,VND2016,vendor,AeroFuel Solutions,Baggage-Handling-System,read_sensor_status,standard,success,0
OP002243,2026-06-03T06:32:42,STF1116,staff,,Cargo-Manifest-System,admin_config_change,elevated,success,0
OP001970,2026-06-03T06:39:58,STF1045,staff,,Cargo-Manifest-System,update_schedule,standard,success,0
OP001731,2026-06-03T07:37:22,STF1135,staff,,Cargo-Manifest-System,admin_config_change,elevated,success,0
OP002941,2026-06-03T07:39:45,VND2031,vendor,Meridian Aircraft Maintenance,Departure-Control-System,modify_routing_rule,elevated,success,0
OP000479,2026-06-03T07:49:48,STF1138,staff,,Cargo-Manifest-System,download_bulk_data,elevated,success,0
OP001924,2026-06-03T08:54:59,STF1099,staff,,Cargo-Manifest-System,admin_config_change,elevated,success,0
OP000494,2026-06-03T08:55:59,STF1013,staff,,Departure-Control-System,download_bulk_data,elevated,success,0
OP001993,2026-06-03T09:04:09,STF1060,staff,,Airfield-Ops-Portal,admin_config_change,elevated,success,0
OP000475,2026-06-03T09:23:04,STF1010,staff,,Baggage-Handling-System,read_sensor_status,standard,success,0
OP002610,2026-06-03T09:28:07,VND2010,vendor,SkyLink Ground Services,Departure-Control-System,read_sensor_status,standard,success,0
OP000965,2026-06-03T09:37:13,VND2033,vendor,Meridian Aircraft Maintenance,Cargo-Manifest-System,admin_config_change,elevated,success,0
OP000615,2026-06-03T10:13:16,STF1059,staff,,Departure-Control-System,view_manifest,standard,success,0
OP002189,2026-06-03T10:30:52,STF1139,staff,,Cargo-Manifest-System,export_report,standard,success,0
OP000151,2026-06-03T10:37:31,VND2028,vendor,Horizon Cleaning Services,Baggage-Handling-System,view_manifest,standard,success,0
OP001804,2026-06-03T10:51:59,VND2015,vendor,AeroFuel Solutions,Cargo-Manifest-System,view_manifest,standard,success,0
OP002078,2026-06-03T11:16:20,STF1032,staff,,Departure-Control-System,read_sensor_status,standard,success,0
OP000366,2026-06-03T11:22:38,STF1109,staff,,Baggage-Handling-System,view_manifest,standard,success,0
OP000459,2026-06-03T11:26:55,STF1012,staff,,Departure-Control-System,view_manifest,standard,success,0
OP000775,2026-06-03T11:37:50,STF1121,staff,,Departure-Control-System,admin_config_change,elevated,success,0
OP000774,2026-06-03T11:39:00,VND2000,vendor,SkyLink Ground Services,Gate-Management-System,create_user,elevated,success,0
OP002666,2026-06-03T11:47:45,VND2003,vendor,Falcon Cargo Handling,Departure-Control-System,modify_routing_rule,elevated,success,0
OP001055,2026-06-03T11:48:19,STF1001,staff,,Gate-Management-System,view_manifest,standard,success,0
OP001121,2026-06-03T12:00:52,STF1032,staff,,Cargo-Manifest-System,view_manifest,standard,success,0
OP001028,2026-06-03T12:16:10,STF1136,staff,,Gate-Management-System,update_schedule,standard,success,0
OP002558,2026-06-03T12:26:40,STF1046,staff,,Gate-Management-System,export_report,standard,success,0
OP001938,2026-06-03T13:05:17,STF1166,staff,,Airfield-Ops-Portal,view_manifest,standard,denied,0
OP000600,2026-06-03T13:16:41,VND2009,vendor,Falcon Cargo Handling,Gate-Management-System,read_sensor_status,standard,success,0
OP000547,2026-06-03T13:41:51,STF1024,staff,,Baggage-Handling-System,view_manifest,standard,success,0
OP001707,2026-06-03T13:50:48,VND2013,vendor,Falcon Cargo Handling,Cargo-Manifest-System,admin_config_change,elevated,success,0
OP002399,2026-06-03T13:59:57,STF1148,staff,,Cargo-Manifest-System,update_schedule,standard,success,0
OP001336,2026-06-03T14:00:26,VND2028,vendor,Horizon Cleaning Services,Baggage-Handling-System,modify_routing_rule,elevated,success,0
OP002290,2026-06-03T14:08:35,STF1069,staff,,Airfield-Ops-Portal,view_manifest,standard,success,0
OP002859,2026-06-03T14:10:40,VND2000,vendor,SkyLink Ground Services,Airfield-Ops-Portal,view_manifest,standard,success,0
OP000699,2026-06-03T14:24:56,STF1112,staff,,Baggage-Handling-System,update_schedule,standard,success,0
OP002344,2026-06-03T14:38:13,STF1014,staff,,Cargo-Manifest-System,read_sensor_status,standard,success,0
OP001417,2026-06-03T14:56:15,STF1016,staff,,Airfield-Ops-Portal,export_report,standard,success,0
OP001761,2026-06-03T15:12:35,VND2025,vendor,SkyLink Ground Services,Departure-Control-System,update_schedule,standard,success,0
OP002149,2026-06-03T15:23:58,STF1117,staff,,Gate-Management-System,export_report,standard,success,0
OP001457,2026-06-03T15:26:42,VND2010,vendor,SkyLink Ground Services,Baggage-Handling-System,export_report,standard,success,0
OP001086,2026-06-03T16:01:50,STF1048,staff,,Departure-Control-System,update_schedule,standard,success,0
OP002125,2026-06-03T16:04:58,VND2017,vendor,Horizon Cleaning Services,Baggage-Handling-System,modify_routing_rule,elevated,success,0
OP000894,2026-06-03T16:22:03,STF1029,staff,,Gate-Management-System,update_schedule,standard,success,0
OP003081,2026-06-03T16:47:10,VND2015,vendor,AeroFuel Solutions,Baggage-Handling-System,modify_routing_rule,elevated,success,0
OP001150,2026-06-03T16:52:39,STF1178,staff,,Departure-Control-System,view_manifest,standard,success,0
OP001142,2026-06-03T18:03:42,STF1094,staff,,Baggage-Handling-System,read_sensor_status,standard,success,0
OP002246,2026-06-03T18:09:11,VND2008,vendor,SkyLink Ground Services,Gate-Management-System,read_sensor_status,standard,success,0
OP001621,2026-06-03T18:28:04,STF1048,staff,,Gate-Management-System,modify_routing_rule,elevated,success,0
OP002169,2026-06-03T18:49:29,STF1062,staff,,Airfield-Ops-Portal,view_manifest,standard,success,0
OP002522,2026-06-03T18:50:40,STF1073,staff,,Gate-Management-System,modify_routing_rule,elevated,success,0
OP000092,2026-06-03T19:09:45,STF1066,staff,,Departure-Control-System,update_schedule,standard,success,0
OP000244,2026-06-03T19:11:21,VND2032,vendor,AeroFuel Solutions,Departure-Control-System,update_schedule,standard,success,0
OP000522,2026-06-03T19:16:30,VND2012,vendor,AeroFuel Solutions,Airfield-Ops-Portal,update_schedule,standard,success,0
OP000565,2026-06-03T19:55:56,VND2003,vendor,Falcon Cargo Handling,Departure-Control-System,admin_config_change,elevated,success,0
OP001928,2026-06-03T19:59:01,VND2029,vendor,Horizon Cleaning Services,Departure-Control-System,view_manifest,standard,success,0
OP002109,2026-06-03T20:53:05,STF1117,staff,,Departure-Control-System,view_manifest,standard,success,0
OP002430,2026-06-03T21:21:36,STF1071,staff,,Airfield-Ops-Portal,view_manifest,standard,success,0
OP000550,2026-06-03T21:41:48,STF1173,staff,,Airfield-Ops-Portal,view_manifest,standard,success,0
OP001083,2026-06-03T21:51:10,STF1127,staff,,Gate-Management-System,admin_config_change,elevated,success,0
OP000292,2026-06-03T23:35:16,VND2023,vendor,SkyLink Ground Services,Baggage-Handling-System,admin_config_change,elevated,denied,1
OP001008,2026-06-04T00:17:05,VND2013,vendor,Falcon Cargo Handling,Departure-Control-System,update_schedule,standard,success,0
OP001168,2026-06-04T00:35:27,VND2021,vendor,Falcon Cargo Handling,Baggage-Handling-System,update_schedule,standard,success,0
OP002972,2026-06-04T00:35:43,VND2002,vendor,Horizon Cleaning Services,Baggage-Handling-System,update_schedule,standard,success,0
OP002533,2026-06-04T03:11:01,STF1029,staff,,Departure-Control-System,view_manifest,standard,success,0
OP000086,2026-06-04T03:16:44,STF1179,staff,,Baggage-Handling-System,create_user,elevated,success,0
OP002930,2026-06-04T03:23:23,VND2033,vendor,Meridian Aircraft Maintenance,Departure-Control-System,admin_config_change,elevated,denied,1
OP001371,2026-06-04T03:48:13,STF1083,staff,,Gate-Management-System,update_schedule,standard,success,0
OP001575,2026-06-04T04:08:05,VND2005,vendor,AeroFuel Solutions,Baggage-Handling-System,read_sensor_status,standard,success,0
OP001229,2026-06-04T06:21:49,VND2030,vendor,Meridian Aircraft Maintenance,Gate-Management-System,read_sensor_status,standard,success,0
OP001478,2026-06-04T06:23:13,VND2020,vendor,Coastal Catering Co,Gate-Management-System,view_manifest,standard,success,0
OP002193,2026-06-04T06:33:23,STF1127,staff,,Departure-Control-System,update_schedule,standard,success,0
OP000309,2026-06-04T06:49:22,STF1080,staff,,Airfield-Ops-Portal,update_schedule,standard,success,0
OP001620,2026-06-04T07:11:55,STF1100,staff,,Cargo-Manifest-System,read_sensor_status,standard,success,0
OP002239,2026-06-04T07:29:01,STF1147,staff,,Departure-Control-System,view_manifest,standard,success,0
OP002332,2026-06-04T07:54:33,STF1056,staff,,Airfield-Ops-Portal,view_manifest,standard,success,0
OP001190,2026-06-04T08:15:59,STF1088,staff,,Baggage-Handling-System,read_sensor_status,standard,success,0
OP000155,2026-06-04T08:19:20,VND2024,vendor,AeroFuel Solutions,Airfield-Ops-Portal,update_schedule,standard,success,0
OP002943,2026-06-04T08:30:02,STF1062,staff,,Baggage-Handling-System,export_report,standard,success,0
OP002085,2026-06-04T09:19:47,STF1045,staff,,Gate-Management-System,view_manifest,standard,success,0
OP000493,2026-06-04T09:53:54,STF1089,staff,,Gate-Management-System,download_bulk_data,elevated,success,0
OP000185,2026-06-04T09:55:03,STF1016,staff,,Departure-Control-System,update_schedule,standard,success,0
OP002345,2026-06-04T10:28:18,STF1017,staff,,Gate-Management-System,admin_config_change,elevated,success,0
OP001778,2026-06-04T10:29:53,STF1117,staff,,Airfield-Ops-Portal,download_bulk_data,elevated,success,0
OP002992,2026-06-04T10:31:54,STF1143,staff,,Gate-Management-System,update_schedule,standard,success,0
OP002390,2026-06-04T11:00:53,STF1055,staff,,Baggage-Handling-System,view_manifest,standard,success,0
OP000157,2026-06-04T11:34:46,STF1011,staff,,Gate-Management-System,export_report,standard,success,0
OP002692,2026-06-04T11:54:58,STF1151,staff,,Cargo-Manifest-System,update_schedule,standard,success,0
OP000541,2026-06-04T12:33:52,STF1162,staff,,Airfield-Ops-Portal,modify_routing_rule,elevated,success,0
OP000863,2026-06-04T12:57:15,VND2034,vendor,SkyLink Ground Services,Gate-Management-System,read_sensor_status,standard,success,0
OP002865,2026-06-04T13:06:03,STF1058,staff,,Baggage-Handling-System,export_report,standard,success,0
OP002492,2026-06-04T13:19:04,STF1126,staff,,Departure-Control-System,export_report,standard,success,0
OP001091,2026-06-04T13:32:45,STF1000,staff,,Airfield-Ops-Portal,update_schedule,standard,success,0
OP001155,2026-06-04T13:52:43,VND2025,vendor,SkyLink Ground Services,Airfield-Ops-Portal,view_manifest,standard,success,0
OP002147,2026-06-04T13:55:37,STF1072,staff,,Departure-Control-System,view_manifest,standard,success,0
OP001293,2026-06-04T14:29:11,STF1167,staff,,Departure-Control-System,create_user,elevated,success,1
OP002543,2026-06-04T15:01:44,STF1172,staff,,Cargo-Manifest-System,view_manifest,standard,success,0
OP001846,2026-06-04T15:12:14,STF1024,staff,,Cargo-Manifest-System,view_manifest,standard,success,0
OP000830,2026-06-04T15:34:58,VND2005,vendor,AeroFuel Solutions,Baggage-Handling-System,read_sensor_status,standard,success,0
OP000474,2026-06-04T15:43:32,VND2024,vendor,AeroFuel Solutions,Airfield-Ops-Portal,read_sensor_status,standard,success,0
OP001608,2026-06-04T16:20:29,VND2010,vendor,SkyLink Ground Services,Departure-Control-System,update_schedule,standard,success,0
OP000709,2026-06-04T16:26:06,VND2008,vendor,SkyLink Ground Services,Cargo-Manifest-System,view_manifest,standard,success,0
OP001239,2026-06-04T16:37:33,VND2030,vendor,Meridian Aircraft Maintenance,Airfield-Ops-Portal,view_manifest,standard,success,0
OP001635,2026-06-04T16:55:01,STF1147,staff,,Airfield-Ops-Portal,read_sensor_status,standard,denied,0
OP000913,2026-06-04T17:31:46,STF1148,staff,,Airfield-Ops-Portal,view_manifest,standard,success,0
OP000582,2026-06-04T17:32:49,VND2022,vendor,Falcon Cargo Handling,Departure-Control-System,update_schedule,standard,success,0
OP000163,2026-06-04T17:44:01,STF1029,staff,,Departure-Control-System,update_schedule,standard,success,0
OP000956,2026-06-04T18:17:42,STF1172,staff,,Departure-Control-System,read_sensor_status,standard,success,0
OP001600,2026-06-04T18:26:41,STF1061,staff,,Gate-Management-System,read_sensor_status,standard,success,0
OP000056,2026-06-04T18:30:25,STF1147,staff,,Cargo-Manifest-System,admin_config_change,elevated,success,0
OP000477,2026-06-04T18:33:05,STF1071,staff,,Baggage-Handling-System,view_manifest,standard,success,0
OP002185,2026-06-04T18:40:53,STF1122,staff,,Cargo-Manifest-System,read_sensor_status,standard,success,0
OP001020,2026-06-04T18:57:04,STF1038,staff,,Cargo-Manifest-System,read_sensor_status,standard,success,0
OP000618,2026-06-04T19:02:07,STF1094,staff,,Departure-Control-System,modify_routing_rule,elevated,success,0
OP001021,2026-06-04T19:37:15,STF1155,staff,,Baggage-Handling-System,view_manifest,standard,success,0
OP000094,2026-06-04T19:41:45,VND2009,vendor,Falcon Cargo Handling,Gate-Management-System,view_manifest,standard,success,0
OP002016,2026-06-04T19:50:49,STF1030,staff,,Cargo-Manifest-System,create_user,elevated,success,0
OP002567,2026-06-04T19:55:38,STF1070,staff,,Cargo-Manifest-System,view_manifest,standard,success,0
OP001577,2026-06-04T20:15:01,STF1135,staff,,Baggage-Handling-System,download_bulk_data,elevated,success,0
OP002158,2026-06-04T20:32:16,STF1026,staff,,Baggage-Handling-System,create_user,elevated,success,0
OP000246,2026-06-04T20:48:34,STF1063,staff,,Gate-Management-System,update_schedule,standard,success,0
OP000032,2026-06-04T21:07:00,VND2034,vendor,SkyLink Ground Services,Airfield-Ops-Portal,view_manifest,standard,success,0
OP001742,2026-06-04T21:30:33,STF1143,staff,,Baggage-Handling-System,export_report,standard,success,0
OP002866,2026-06-04T21:53:45,STF1118,staff,,Gate-Management-System,view_manifest,standard,denied,0
OP000918,2026-06-04T23:02:05,STF1169,staff,,Baggage-Handling-System,admin_config_change,elevated,denied,1
OP000072,2026-06-04T23:46:49,VND2031,vendor,Meridian Aircraft Maintenance,Gate-Management-System,download_bulk_data,elevated,denied,0
OP003089,2026-06-05T02:14:07,VND2023,vendor,SkyLink Ground Services,Cargo-Manifest-System,admin_config_change,elevated,success,1
OP001414,2026-06-05T06:06:53,STF1075,staff,,Cargo-Manifest-System,view_manifest,standard,success,0
OP000148,2026-06-05T06:11:03,STF1098,staff,,Cargo-Manifest-System,download_bulk_data,elevated,success,0
OP002475,2026-06-05T06:17:58,STF1139,staff,,Airfield-Ops-Portal,read_sensor_status,standard,success,0
OP000385,2026-06-05T06:22:29,VND2013,vendor,Falcon Cargo Handling,Baggage-Handling-System,view_manifest,standard,success,0
OP000135,2026-06-05T06:37:11,STF1167,staff,,Baggage-Handling-System,admin_config_change,elevated,success,1
OP000237,2026-06-05T07:03:15,STF1110,staff,,Departure-Control-System,create_user,elevated,denied,0
OP000027,2026-06-05T07:33:50,VND2027,vendor,Meridian Aircraft Maintenance,Airfield-Ops-Portal,export_report,standard,success,0
OP001002,2026-06-05T07:35:30,STF1169,staff,,Cargo-Manifest-System,view_manifest,standard,success,0
OP000500,2026-06-05T07:42:04,STF1000,staff,,Gate-Management-System,view_manifest,standard,success,0
OP002325,2026-06-05T07:45:51,STF1073,staff,,Cargo-Manifest-System,update_schedule,standard,success,0
OP003032,2026-06-05T07:47:31,STF1068,staff,,Cargo-Manifest-System,read_sensor_status,standard,success,0
OP001215,2026-06-05T07:49:21,STF1166,staff,,Gate-Management-System,view_manifest,standard,success,0
OP002811,2026-06-05T08:25:13,STF1056,staff,,Baggage-Handling-System,update_schedule,standard,success,0
OP002953,2026-06-05T08:25:13,STF1117,staff,,Departure-Control-System,read_sensor_status,standard,success,0
OP000024,2026-06-05T08:41:05,STF1127,staff,,Cargo-Manifest-System,admin_config_change,elevated,success,0
OP001444,2026-06-05T09:02:19,STF1044,staff,,Baggage-Handling-System,view_manifest,standard,success,0
OP001704,2026-06-05T09:15:36,VND2027,vendor,Meridian Aircraft Maintenance,Cargo-Manifest-System,read_sensor_status,standard,success,0
OP001171,2026-06-05T10:17:51,STF1001,staff,,Departure-Control-System,update_schedule,standard,success,0
OP000286,2026-06-05T10:26:33,STF1022,staff,,Gate-Management-System,read_sensor_status,standard,success,0
OP001642,2026-06-05T10:34:22,STF1071,staff,,Gate-Management-System,view_manifest,standard,success,0
OP002402,2026-06-05T10:50:54,STF1102,staff,,Cargo-Manifest-System,export_report,standard,success,0
OP000585,2026-06-05T10:52:08,STF1171,staff,,Cargo-Manifest-System,modify_routing_rule,elevated,success,0
OP000189,2026-06-05T10:56:42,STF1054,staff,,Baggage-Handling-System,read_sensor_status,standard,success,0
OP002604,2026-06-05T10:58:06,VND2030,vendor,Meridian Aircraft Maintenance,Departure-Control-System,read_sensor_status,standard,success,0
OP002595,2026-06-05T11:07:58,VND2008,vendor,SkyLink Ground Services,Cargo-Manifest-System,update_schedule,standard,success,0
OP002739,2026-06-05T11:26:12,STF1040,staff,,Gate-Management-System,export_report,standard,success,0
OP002417,2026-06-05T11:54:50,VND2008,vendor,SkyLink Ground Services,Cargo-Manifest-System,export_report,standard,success,0
OP001093,2026-06-05T12:05:18,STF1113,staff,,Gate-Management-System,export_report,standard,success,0
OP002258,2026-06-05T12:08:35,STF1138,staff,,Airfield-Ops-Portal,view_manifest,standard,success,0
OP001255,2026-06-05T13:05:25,VND2012,vendor,AeroFuel Solutions,Cargo-Manifest-System,update_schedule,standard,success,0
OP000761,2026-06-05T13:12:27,VND2029,vendor,Horizon Cleaning Services,Gate-Management-System,update_schedule,standard,success,0
OP000713,2026-06-05T13:36:08,STF1019,staff,,Cargo-Manifest-System,modify_routing_rule,elevated,success,0
OP002014,2026-06-05T13:48:47,STF1169,staff,,Airfield-Ops-Portal,modify_routing_rule,elevated,success,1
OP002235,2026-06-05T13:52:33,VND2019,vendor,Falcon Cargo Handling,Cargo-Manifest-System,update_schedule,standard,success,0
OP001154,2026-06-05T14:06:57,STF1103,staff,,Baggage-Handling-System,update_schedule,standard,success,0
OP000314,2026-06-05T14:21:51,STF1115,staff,,Departure-Control-System,read_sensor_status,standard,success,0
OP000302,2026-06-05T14:40:03,STF1054,staff,,Airfield-Ops-Portal,export_report,standard,success,0
OP001297,2026-06-05T14:53:15,STF1167,staff,,Departure-Control-System,create_user,elevated,success,0
OP001786,2026-06-05T15:02:07,STF1037,staff,,Departure-Control-System,view_manifest,standard,success,0
OP002395,2026-06-05T15:04:27,VND2027,vendor,Meridian Aircraft Maintenance,Gate-Management-System,modify_routing_rule,elevated,success,0
OP002311,2026-06-05T15:37:37,VND2007,vendor,SkyLink Ground Services,Cargo-Manifest-System,update_schedule,standard,success,0
OP000165,2026-06-05T15:47:22,STF1048,staff,,Airfield-Ops-Portal,view_manifest,standard,success,0
OP001849,2026-06-05T15:55:57,VND2028,vendor,Horizon Cleaning Services,Cargo-Manifest-System,export_report,standard,success,0
OP000572,2026-06-05T16:11:38,STF1178,staff,,Cargo-Manifest-System,modify_routing_rule,elevated,success,0
OP002964,2026-06-05T16:21:33,VND2015,vendor,AeroFuel Solutions,Baggage-Handling-System,update_schedule,standard,success,0
OP000046,2026-06-05T16:29:49,STF1005,staff,,Airfield-Ops-Portal,view_manifest,standard,success,0
OP000564,2026-06-05T16:38:35,STF1176,staff,,Gate-Management-System,read_sensor_status,standard,success,0
OP000007,2026-06-05T16:43:03,STF1110,staff,,Baggage-Handling-System,update_schedule,standard,success,0
OP002379,2026-06-05T16:44:09,VND2014,vendor,AeroFuel Solutions,Cargo-Manifest-System,view_manifest,standard,success,0
OP002782,2026-06-05T17:18:30,VND2019,vendor,Falcon Cargo Handling,Cargo-Manifest-System,read_sensor_status,standard,success,0
OP002462,2026-06-05T17:23:09,STF1145,staff,,Cargo-Manifest-System,view_manifest,standard,success,0
OP001562,2026-06-05T17:45:08,VND2015,vendor,AeroFuel Solutions,Baggage-Handling-System,view_manifest,standard,success,0
OP000652,2026-06-05T17:53:58,VND2015,vendor,AeroFuel Solutions,Airfield-Ops-Portal,view_manifest,standard,success,0
OP002353,2026-06-05T18:04:24,STF1043,staff,,Airfield-Ops-Portal,export_report,standard,success,0
OP001738,2026-06-05T18:07:38,STF1165,staff,,Departure-Control-System,update_schedule,standard,success,0
OP001119,2026-06-05T18:45:09,STF1157,staff,,Baggage-Handling-System,view_manifest,standard,success,0
OP000812,2026-06-05T18:54:29,VND2014,vendor,AeroFuel Solutions,Departure-Control-System,admin_config_change,elevated,success,0
OP000160,2026-06-05T19:04:49,STF1110,staff,,Departure-Control-System,view_manifest,standard,denied,0
OP000414,2026-06-05T19:09:25,VND2005,vendor,AeroFuel Solutions,Airfield-Ops-Portal,export_report,standard,success,0
OP001937,2026-06-05T19:21:42,VND2014,vendor,AeroFuel Solutions,Departure-Control-System,modify_routing_rule,elevated,success,0
OP000688,2026-06-05T19:35:56,STF1127,staff,,Gate-Management-System,read_sensor_status,standard,success,0
OP002742,2026-06-05T19:36:52,STF1021,staff,,Airfield-Ops-Portal,modify_routing_rule,elevated,success,0
OP002074,2026-06-05T19:41:31,STF1143,staff,,Airfield-Ops-Portal,read_sensor_status,standard,success,0
OP000187,2026-06-05T20:00:33,VND2001,vendor,Meridian Aircraft Maintenance,Baggage-Handling-System,read_sensor_status,standard,success,0
OP000723,2026-06-05T20:32:33,VND2001,vendor,Meridian Aircraft Maintenance,Baggage-Handling-System,create_user,elevated,success,0
OP000389,2026-06-05T20:37:55,VND2005,vendor,AeroFuel Solutions,Airfield-Ops-Portal,create_user,elevated,success,0
OP001850,2026-06-05T20:42:52,STF1068,staff,,Baggage-Handling-System,update_schedule,standard,success,0
OP002882,2026-06-05T20:45:38,STF1009,staff,,Departure-Control-System,export_report,standard,success,0
OP000601,2026-06-05T20:48:22,VND2020,vendor,Coastal Catering Co,Gate-Management-System,update_schedule,standard,success,0
OP001159,2026-06-05T20:48:25,VND2027,vendor,Meridian Aircraft Maintenance,Cargo-Manifest-System,update_schedule,standard,success,0
OP001587,2026-06-05T20:52:37,STF1150,staff,,Airfield-Ops-Portal,view_manifest,standard,denied,0
OP001258,2026-06-05T20:57:12,STF1162,staff,,Departure-Control-System,create_user,elevated,success,0
OP000099,2026-06-05T21:08:14,STF1026,staff,,Cargo-Manifest-System,read_sensor_status,standard,success,0
OP001407,2026-06-05T21:13:25,STF1033,staff,,Airfield-Ops-Portal,modify_routing_rule,elevated,success,0
OP000655,2026-06-05T21:42:12,STF1007,staff,,Airfield-Ops-Portal,view_manifest,standard,success,0
OP002481,2026-06-05T21:55:02,STF1131,staff,,Cargo-Manifest-System,update_schedule,standard,success,0
OP000510,2026-06-06T00:35:49,VND2001,vendor,Meridian Aircraft Maintenance,Airfield-Ops-Portal,modify_routing_rule,elevated,success,0
OP002130,2026-06-06T01:26:01,VND2009,vendor,Falcon Cargo Handling,Cargo-Manifest-System,view_manifest,standard,denied,0
OP001062,2026-06-06T06:58:36,STF1123,staff,,Baggage-Handling-System,view_manifest,standard,success,0
OP002652,2026-06-06T07:06:35,VND2031,vendor,Meridian Aircraft Maintenance,Airfield-Ops-Portal,read_sensor_status,standard,success,0
OP001948,2026-06-06T07:34:58,VND2003,vendor,Falcon Cargo Handling,Departure-Control-System,update_schedule,standard,success,0
OP001035,2026-06-06T07:47:27,VND2005,vendor,AeroFuel Solutions,Gate-Management-System,modify_routing_rule,elevated,success,0
OP001609,2026-06-06T07:47:37,STF1150,staff,,Gate-Management-System,update_schedule,standard,success,0
OP000035,2026-06-06T07:51:50,VND2015,vendor,AeroFuel Solutions,Baggage-Handling-System,export_report,standard,success,0
OP001241,2026-06-06T07:54:52,STF1008,staff,,Baggage-Handling-System,update_schedule,standard,success,0
OP002514,2026-06-06T07:57:47,STF1026,staff,,Cargo-Manifest-System,export_report,standard,success,0
OP000986,2026-06-06T08:01:01,VND2002,vendor,Horizon Cleaning Services,Airfield-Ops-Portal,modify_routing_rule,elevated,success,0
OP000638,2026-06-06T08:07:14,VND2018,vendor,Falcon Cargo Handling,Airfield-Ops-Portal,view_manifest,standard,success,0
OP000989,2026-06-06T09:35:17,VND2033,vendor,Meridian Aircraft Maintenance,Gate-Management-System,modify_routing_rule,elevated,success,0
OP000238,2026-06-06T10:39:54,VND2033,vendor,Meridian Aircraft Maintenance,Departure-Control-System,export_report,standard,success,0
OP001385,2026-06-06T10:41:39,VND2028,vendor,Horizon Cleaning Services,Cargo-Manifest-System,update_schedule,standard,success,0
OP000578,2026-06-06T10:56:46,STF1147,staff,,Airfield-Ops-Portal,download_bulk_data,elevated,success,0
OP000760,2026-06-06T11:15:04,VND2014,vendor,AeroFuel Solutions,Cargo-Manifest-System,export_report,standard,success,0
OP002606,2026-06-06T11:24:02,STF1111,staff,,Departure-Control-System,update_schedule,standard,success,0
OP002995,2026-06-06T11:26:22,VND2001,vendor,Meridian Aircraft Maintenance,Gate-Management-System,update_schedule,standard,success,0
OP000533,2026-06-06T11:34:20,STF1153,staff,,Cargo-Manifest-System,view_manifest,standard,success,0
OP002034,2026-06-06T11:47:11,STF1059,staff,,Gate-Management-System,read_sensor_status,standard,success,0
OP000174,2026-06-06T11:57:19,STF1113,staff,,Gate-Management-System,read_sensor_status,standard,success,0
OP001998,2026-06-06T12:31:33,STF1069,staff,,Departure-Control-System,export_report,standard,success,0
OP001380,2026-06-06T12:35:30,VND2006,vendor,Coastal Catering Co,Cargo-Manifest-System,modify_routing_rule,elevated,success,0
OP002128,2026-06-06T12:53:01,STF1127,staff,,Gate-Management-System,admin_config_change,elevated,success,0
OP002935,2026-06-06T13:13:40,STF1084,staff,,Airfield-Ops-Portal,download_bulk_data,elevated,success,0
OP000351,2026-06-06T13:27:29,VND2011,vendor,Falcon Cargo Handling,Cargo-Manifest-System,view_manifest,standard,success,0
OP002594,2026-06-06T13:50:38,VND2003,vendor,Falcon Cargo Handling,Baggage-Handling-System,modify_routing_rule,elevated,success,0
OP003042,2026-06-06T13:55:26,VND2027,vendor,Meridian Aircraft Maintenance,Gate-Management-System,view_manifest,standard,success,0
OP002281,2026-06-06T13:59:08,VND2030,vendor,Meridian Aircraft Maintenance,Cargo-Manifest-System,read_sensor_status,standard,success,0
OP000844,2026-06-06T14:15:44,STF1165,staff,,Departure-Control-System,modify_routing_rule,elevated,success,0
OP001718,2026-06-06T14:21:48,STF1041,staff,,Departure-Control-System,download_bulk_data,elevated,success,0
OP002163,2026-06-06T15:25:12,VND2034,vendor,SkyLink Ground Services,Departure-Control-System,update_schedule,standard,success,0
OP000198,2026-06-06T15:30:55,VND2013,vendor,Falcon Cargo Handling,Departure-Control-System,view_manifest,standard,success,0
OP000626,2026-06-06T15:31:15,VND2007,vendor,SkyLink Ground Services,Gate-Management-System,modify_routing_rule,elevated,success,0
OP000095,2026-06-06T16:26:43,STF1115,staff,,Baggage-Handling-System,update_schedule,standard,success,0
OP002376,2026-06-06T16:36:55,VND2011,vendor,Falcon Cargo Handling,Departure-Control-System,update_schedule,standard,success,0
OP000842,2026-06-06T16:39:07,VND2006,vendor,Coastal Catering Co,Airfield-Ops-Portal,admin_config_change,elevated,success,0
OP001430,2026-06-06T16:52:20,VND2010,vendor,SkyLink Ground Services,Gate-Management-System,export_report,standard,success,0
OP001890,2026-06-06T17:03:22,STF1139,staff,,Cargo-Manifest-System,update_schedule,standard,success,0
OP002160,2026-06-06T17:09:39,STF1017,staff,,Gate-Management-System,download_bulk_data,elevated,success,0
OP001663,2026-06-06T17:13:45,VND2002,vendor,Horizon Cleaning Services,Airfield-Ops-Portal,view_manifest,standard,success,0
OP002190,2026-06-06T17:29:00,STF1048,staff,,Cargo-Manifest-System,update_schedule,standard,success,0
OP000994,2026-06-06T17:30:18,STF1070,staff,,Airfield-Ops-Portal,update_schedule,standard,success,0
OP001429,2026-06-06T17:41:15,STF1179,staff,,Cargo-Manifest-System,update_schedule,standard,success,0
OP002168,2026-06-06T17:49:40,VND2006,vendor,Coastal Catering Co,Airfield-Ops-Portal,view_manifest,standard,success,0
OP001974,2026-06-06T18:09:05,STF1157,staff,,Airfield-Ops-Portal,update_schedule,standard,success,0
OP000861,2026-06-06T18:29:21,VND2021,vendor,Falcon Cargo Handling,Baggage-Handling-System,view_manifest,standard,success,0
OP001914,2026-06-06T18:45:32,STF1078,staff,,Departure-Control-System,view_manifest,standard,success,0
OP002682,2026-06-06T19:16:12,STF1069,staff,,Airfield-Ops-Portal,view_manifest,standard,success,0
OP000340,2026-06-06T19:18:23,VND2010,vendor,SkyLink Ground Services,Airfield-Ops-Portal,export_report,standard,success,0
OP001231,2026-06-06T19:30:49,STF1171,staff,,Baggage-Handling-System,update_schedule,standard,denied,0
OP001259,2026-06-06T19:38:34,STF1072,staff,,Departure-Control-System,modify_routing_rule,elevated,success,0
OP001870,2026-06-06T19:54:38,STF1066,staff,,Cargo-Manifest-System,read_sensor_status,standard,success,0
OP000078,2026-06-06T20:32:27,STF1112,staff,,Airfield-Ops-Portal,read_sensor_status,standard,success,0
OP003054,2026-06-06T20:48:53,VND2013,vendor,Falcon Cargo Handling,Gate-Management-System,export_report,standard,success,0
OP002484,2026-06-06T20:49:27,VND2027,vendor,Meridian Aircraft Maintenance,Gate-Management-System,update_schedule,standard,success,0
OP000942,2026-06-06T21:15:36,STF1143,staff,,Airfield-Ops-Portal,view_manifest,standard,success,0
OP002306,2026-06-06T21:42:45,STF1052,staff,,Departure-Control-System,update_schedule,standard,success,0
OP000930,2026-06-06T21:50:48,STF1123,staff,,Gate-Management-System,modify_routing_rule,elevated,success,0
OP002165,2026-06-06T21:57:35,STF1049,staff,,Departure-Control-System,update_schedule,standard,success,0
OP001195,2026-06-06T23:54:21,VND2020,vendor,Coastal Catering Co,Cargo-Manifest-System,read_sensor_status,standard,success,0
OP000030,2026-06-07T01:17:59,STF1169,staff,,Departure-Control-System,admin_config_change,elevated,success,1
OP000840,2026-06-07T02:12:34,VND2020,vendor,Coastal Catering Co,Gate-Management-System,update_schedule,standard,success,0
OP000455,2026-06-07T03:20:36,STF1149,staff,,Departure-Control-System,admin_config_change,elevated,denied,1
OP002099,2026-06-07T04:17:08,VND2019,vendor,Falcon Cargo Handling,Cargo-Manifest-System,export_report,standard,success,0
OP002906,2026-06-07T04:37:01,VND2026,vendor,Horizon Cleaning Services,Cargo-Manifest-System,view_manifest,standard,success,0
OP002373,2026-06-07T06:50:03,STF1132,staff,,Airfield-Ops-Portal,view_manifest,standard,success,0
OP000718,2026-06-07T06:55:10,VND2005,vendor,AeroFuel Solutions,Airfield-Ops-Portal,download_bulk_data,elevated,success,0
OP002566,2026-06-07T07:31:01,STF1073,staff,,Cargo-Manifest-System,download_bulk_data,elevated,success,0
OP001794,2026-06-07T08:03:36,VND2003,vendor,Falcon Cargo Handling,Gate-Management-System,export_report,standard,success,0
OP001333,2026-06-07T08:07:33,STF1054,staff,,Departure-Control-System,create_user,elevated,success,0
OP001795,2026-06-07T08:15:56,STF1118,staff,,Gate-Management-System,read_sensor_status,standard,success,0
OP001213,2026-06-07T09:25:58,STF1157,staff,,Baggage-Handling-System,update_schedule,standard,success,0
OP001309,2026-06-07T09:37:02,STF1044,staff,,Cargo-Manifest-System,create_user,elevated,success,0
OP001710,2026-06-07T09:43:43,VND2011,vendor,Falcon Cargo Handling,Airfield-Ops-Portal,download_bulk_data,elevated,success,0
OP000684,2026-06-07T10:30:03,VND2022,vendor,Falcon Cargo Handling,Cargo-Manifest-System,read_sensor_status,standard,success,0
OP000957,2026-06-07T10:40:08,STF1064,staff,,Cargo-Manifest-System,update_schedule,standard,success,0
OP001983,2026-06-07T11:10:34,STF1095,staff,,Gate-Management-System,update_schedule,standard,success,0
OP001837,2026-06-07T11:11:49,STF1154,staff,,Gate-Management-System,view_manifest,standard,success,0
OP000631,2026-06-07T11:13:10,VND2012,vendor,AeroFuel Solutions,Baggage-Handling-System,read_sensor_status,standard,success,0
OP002955,2026-06-07T11:42:45,VND2006,vendor,Coastal Catering Co,Gate-Management-System,create_user,elevated,denied,0
OP001134,2026-06-07T11:51:57,STF1092,staff,,Airfield-Ops-Portal,export_report,standard,success,0
OP002037,2026-06-07T12:01:17,STF1167,staff,,Gate-Management-System,admin_config_change,elevated,success,1
OP001365,2026-06-07T12:15:00,VND2011,vendor,Falcon Cargo Handling,Cargo-Manifest-System,download_bulk_data,elevated,success,0
OP002066,2026-06-07T12:39:15,STF1086,staff,,Baggage-Handling-System,read_sensor_status,standard,success,0
OP001922,2026-06-07T13:21:04,VND2004,vendor,Falcon Cargo Handling,Cargo-Manifest-System,update_schedule,standard,success,0
OP002862,2026-06-07T13:51:02,VND2030,vendor,Meridian Aircraft Maintenance,Airfield-Ops-Portal,read_sensor_status,standard,success,0
OP001356,2026-06-07T14:34:48,VND2019,vendor,Falcon Cargo Handling,Baggage-Handling-System,view_manifest,standard,success,0
OP002752,2026-06-07T15:38:17,VND2016,vendor,AeroFuel Solutions,Baggage-Handling-System,read_sensor_status,standard,success,0
OP001116,2026-06-07T15:40:13,STF1013,staff,,Airfield-Ops-Portal,export_report,standard,success,0
OP002631,2026-06-07T15:42:02,VND2032,vendor,AeroFuel Solutions,Baggage-Handling-System,export_report,standard,denied,0
OP001219,2026-06-07T16:22:30,STF1012,staff,,Airfield-Ops-Portal,read_sensor_status,standard,success,0
OP001954,2026-06-07T16:33:14,VND2019,vendor,Falcon Cargo Handling,Departure-Control-System,export_report,standard,success,0
OP002808,2026-06-07T16:40:26,STF1094,staff,,Cargo-Manifest-System,update_schedule,standard,success,0
OP000059,2026-06-07T17:24:00,STF1161,staff,,Departure-Control-System,modify_routing_rule,elevated,success,0
OP000911,2026-06-07T17:45:41,VND2031,vendor,Meridian Aircraft Maintenance,Gate-Management-System,admin_config_change,elevated,success,0
OP001355,2026-06-07T18:02:22,STF1157,staff,,Airfield-Ops-Portal,update_schedule,standard,success,0
OP002077,2026-06-07T18:27:51,STF1087,staff,,Gate-Management-System,modify_routing_rule,elevated,success,0
OP001410,2026-06-07T18:30:11,STF1037,staff,,Cargo-Manifest-System,update_schedule,standard,success,0
OP000171,2026-06-07T18:43:46,VND2025,vendor,SkyLink Ground Services,Airfield-Ops-Portal,read_sensor_status,standard,success,0
OP001166,2026-06-07T18:51:02,STF1106,staff,,Cargo-Manifest-System,create_user,elevated,success,0
OP001363,2026-06-07T18:51:08,VND2030,vendor,Meridian Aircraft Maintenance,Airfield-Ops-Portal,view_manifest,standard,success,0
OP002176,2026-06-07T19:05:20,STF1095,staff,,Departure-Control-System,export_report,standard,success,0
OP002848,2026-06-07T19:51:19,VND2011,vendor,Falcon Cargo Handling,Departure-Control-System,read_sensor_status,standard,success,0
OP001156,2026-06-07T19:56:52,STF1173,staff,,Airfield-Ops-Portal,export_report,standard,success,0
OP000559,2026-06-07T20:03:25,STF1071,staff,,Baggage-Handling-System,admin_config_change,elevated,success,0
OP000803,2026-06-07T20:07:06,STF1065,staff,,Baggage-Handling-System,admin_config_change,elevated,success,0
OP000795,2026-06-07T20:55:22,STF1175,staff,,Departure-Control-System,view_manifest,standard,denied,0
OP002287,2026-06-07T21:06:21,VND2024,vendor,AeroFuel Solutions,Cargo-Manifest-System,export_report,standard,success,0
OP000906,2026-06-07T21:08:10,STF1131,staff,,Gate-Management-System,update_schedule,standard,success,0
OP001987,2026-06-07T21:09:17,STF1117,staff,,Cargo-Manifest-System,modify_routing_rule,elevated,success,0
OP000322,2026-06-07T21:09:18,STF1065,staff,,Gate-Management-System,read_sensor_status,standard,success,0
OP000509,2026-06-07T21:15:36,STF1001,staff,,Gate-Management-System,read_sensor_status,standard,success,0
OP000776,2026-06-07T21:46:32,STF1039,staff,,Baggage-Handling-System,view_manifest,standard,success,0
OP001638,2026-06-07T21:55:39,VND2004,vendor,Falcon Cargo Handling,Departure-Control-System,update_schedule,standard,success,0
OP000588,2026-06-07T23:46:59,STF1164,staff,,Cargo-Manifest-System,modify_routing_rule,elevated,success,1
OP000596,2026-06-08T02:29:45,STF1073,staff,,Gate-Management-System,view_manifest,standard,success,0
OP001174,2026-06-08T04:21:43,VND2023,vendor,SkyLink Ground Services,Baggage-Handling-System,admin_config_change,elevated,success,1
OP002990,2026-06-08T04:32:20,STF1048,staff,,Cargo-Manifest-System,modify_routing_rule,elevated,success,0
OP001339,2026-06-08T04:59:56,STF1167,staff,,Departure-Control-System,modify_routing_rule,elevated,success,1
OP002097,2026-06-08T06:39:23,STF1057,staff,,Gate-Management-System,view_manifest,standard,success,0
OP001112,2026-06-08T06:54:33,STF1068,staff,,Gate-Management-System,update_schedule,standard,success,0
OP000845,2026-06-08T06:54:45,VND2029,vendor,Horizon Cleaning Services,Airfield-Ops-Portal,view_manifest,standard,success,0
OP000650,2026-06-08T07:02:59,STF1169,staff,,Cargo-Manifest-System,view_manifest,standard,success,0
OP001527,2026-06-08T07:11:44,VND2003,vendor,Falcon Cargo Handling,Cargo-Manifest-System,read_sensor_status,standard,success,0
OP001388,2026-06-08T07:13:52,STF1062,staff,,Gate-Management-System,create_user,elevated,success,0
OP000567,2026-06-08T07:44:10,VND2033,vendor,Meridian Aircraft Maintenance,Baggage-Handling-System,create_user,elevated,success,1
OP001777,2026-06-08T08:03:51,STF1009,staff,,Departure-Control-System,view_manifest,standard,success,0
OP001470,2026-06-08T08:55:28,STF1071,staff,,Departure-Control-System,read_sensor_status,standard,success,0
OP002449,2026-06-08T09:12:12,STF1164,staff,,Gate-Management-System,modify_routing_rule,elevated,success,0
OP001220,2026-06-08T09:20:08,STF1027,staff,,Airfield-Ops-Portal,view_manifest,standard,success,0
OP000446,2026-06-08T09:22:35,STF1124,staff,,Airfield-Ops-Portal,update_schedule,standard,success,0
OP002017,2026-06-08T09:33:19,STF1143,staff,,Airfield-Ops-Portal,download_bulk_data,elevated,success,0
OP002560,2026-06-08T10:43:37,STF1066,staff,,Airfield-Ops-Portal,view_manifest,standard,success,0
OP000161,2026-06-08T11:00:30,STF1098,staff,,Airfield-Ops-Portal,read_sensor_status,standard,success,0
OP002153,2026-06-08T11:05:07,VND2008,vendor,SkyLink Ground Services,Departure-Control-System,view_manifest,standard,success,0
OP002508,2026-06-08T11:28:56,VND2021,vendor,Falcon Cargo Handling,Gate-Management-System,view_manifest,standard,success,0
OP001122,2026-06-08T12:21:29,STF1017,staff,,Gate-Management-System,read_sensor_status,standard,success,0
OP001799,2026-06-08T12:32:44,STF1071,staff,,Departure-Control-System,view_manifest,standard,success,0
OP000234,2026-06-08T13:19:02,STF1003,staff,,Departure-Control-System,modify_routing_rule,elevated,success,0
OP001516,2026-06-08T13:26:14,VND2013,vendor,Falcon Cargo Handling,Gate-Management-System,modify_routing_rule,elevated,success,0
OP000273,2026-06-08T13:34:54,STF1082,staff,,Departure-Control-System,view_manifest,standard,success,0
OP002925,2026-06-08T13:43:31,STF1143,staff,,Departure-Control-System,view_manifest,standard,success,0
OP002297,2026-06-08T13:46:28,STF1096,staff,,Gate-Management-System,view_manifest,standard,success,0
OP002367,2026-06-08T13:48:19,STF1050,staff,,Cargo-Manifest-System,download_bulk_data,elevated,success,0
OP001398,2026-06-08T13:52:18,STF1081,staff,,Departure-Control-System,read_sensor_status,standard,success,0
OP000991,2026-06-08T14:06:11,VND2001,vendor,Meridian Aircraft Maintenance,Departure-Control-System,create_user,elevated,success,0
OP002740,2026-06-08T14:29:19,VND2014,vendor,AeroFuel Solutions,Baggage-Handling-System,update_schedule,standard,success,0
OP000833,2026-06-08T14:30:03,VND2022,vendor,Falcon Cargo Handling,Cargo-Manifest-System,export_report,standard,success,0
OP000581,2026-06-08T14:52:09,VND2031,vendor,Meridian Aircraft Maintenance,Cargo-Manifest-System,read_sensor_status,standard,success,0
OP002394,2026-06-08T15:08:12,VND2007,vendor,SkyLink Ground Services,Baggage-Handling-System,view_manifest,standard,success,0
OP002021,2026-06-08T15:09:23,STF1171,staff,,Airfield-Ops-Portal,read_sensor_status,standard,success,0
OP000648,2026-06-08T15:13:16,VND2020,vendor,Coastal Catering Co,Cargo-Manifest-System,update_schedule,standard,success,0
OP000656,2026-06-08T15:43:35,STF1044,staff,,Airfield-Ops-Portal,view_manifest,standard,success,0
OP002768,2026-06-08T16:00:31,VND2022,vendor,Falcon Cargo Handling,Baggage-Handling-System,create_user,elevated,success,0
OP000008,2026-06-08T16:13:03,STF1010,staff,,Cargo-Manifest-System,update_schedule,standard,success,0
OP000707,2026-06-08T16:25:26,STF1028,staff,,Airfield-Ops-Portal,view_manifest,standard,success,0
OP002008,2026-06-08T16:54:06,STF1031,staff,,Gate-Management-System,modify_routing_rule,elevated,success,0
OP001095,2026-06-08T16:55:02,STF1047,staff,,Cargo-Manifest-System,admin_config_change,elevated,success,0
OP000350,2026-06-08T17:00:36,STF1037,staff,,Baggage-Handling-System,read_sensor_status,standard,success,0
OP002178,2026-06-08T17:20:39,STF1156,staff,,Baggage-Handling-System,view_manifest,standard,success,0
OP003021,2026-06-08T17:29:02,STF1086,staff,,Departure-Control-System,export_report,standard,success,0
OP000486,2026-06-08T17:29:32,VND2006,vendor,Coastal Catering Co,Airfield-Ops-Portal,export_report,standard,success,0
OP001684,2026-06-08T18:24:35,STF1100,staff,,Departure-Control-System,read_sensor_status,standard,denied,0
OP002773,2026-06-08T18:50:39,VND2022,vendor,Falcon Cargo Handling,Baggage-Handling-System,export_report,standard,success,0
OP001985,2026-06-08T18:59:18,VND2001,vendor,Meridian Aircraft Maintenance,Baggage-Handling-System,view_manifest,standard,success,0
OP000212,2026-06-08T19:42:48,STF1111,staff,,Airfield-Ops-Portal,download_bulk_data,elevated,success,0
OP000337,2026-06-08T19:45:22,STF1058,staff,,Departure-Control-System,update_schedule,standard,success,0
OP002470,2026-06-08T20:04:05,STF1089,staff,,Baggage-Handling-System,view_manifest,standard,denied,0
OP002775,2026-06-08T20:05:00,STF1132,staff,,Airfield-Ops-Portal,update_schedule,standard,success,0
OP001521,2026-06-08T20:11:31,STF1013,staff,,Cargo-Manifest-System,view_manifest,standard,success,0
OP001056,2026-06-08T20:12:33,STF1105,staff,,Cargo-Manifest-System,download_bulk_data,elevated,success,0
OP002689,2026-06-08T20:14:32,STF1048,staff,,Airfield-Ops-Portal,modify_routing_rule,elevated,success,0
OP002988,2026-06-08T20:31:19,VND2002,vendor,Horizon Cleaning Services,Departure-Control-System,update_schedule,standard,success,0
OP002086,2026-06-08T20:50:36,STF1010,staff,,Baggage-Handling-System,view_manifest,standard,success,0
OP002700,2026-06-08T21:06:31,VND2023,vendor,SkyLink Ground Services,Cargo-Manifest-System,admin_config_change,elevated,success,1
OP001047,2026-06-08T21:08:25,STF1141,staff,,Cargo-Manifest-System,create_user,elevated,success,0
OP001182,2026-06-08T21:28:26,STF1111,staff,,Gate-Management-System,export_report,standard,success,0
OP001793,2026-06-08T23:04:40,STF1034,staff,,Baggage-Handling-System,update_schedule,standard,success,0
OP001273,2026-06-09T02:00:50,STF1066,staff,,Cargo-Manifest-System,update_schedule,standard,success,0
OP002896,2026-06-09T02:48:51,STF1102,staff,,Baggage-Handling-System,view_manifest,standard,success,0
OP001263,2026-06-09T02:56:09,VND2033,vendor,Meridian Aircraft Maintenance,Departure-Control-System,create_user,elevated,success,1
OP000454,2026-06-09T03:29:35,VND2023,vendor,SkyLink Ground Services,Baggage-Handling-System,modify_routing_rule,elevated,success,1
OP002962,2026-06-09T06:04:05,VND2030,vendor,Meridian Aircraft Maintenance,Departure-Control-System,read_sensor_status,standard,success,0
OP002355,2026-06-09T06:34:38,VND2013,vendor,Falcon Cargo Handling,Cargo-Manifest-System,read_sensor_status,standard,success,0
OP000010,2026-06-09T06:34:51,STF1178,staff,,Gate-Management-System,read_sensor_status,standard,success,0
OP002448,2026-06-09T06:44:16,VND2005,vendor,AeroFuel Solutions,Gate-Management-System,view_manifest,standard,success,0
OP000512,2026-06-09T06:44:36,STF1020,staff,,Airfield-Ops-Portal,export_report,standard,success,0
OP002730,2026-06-09T06:45:15,STF1159,staff,,Airfield-Ops-Portal,admin_config_change,elevated,success,0
OP000383,2026-06-09T06:50:24,STF1075,staff,,Gate-Management-System,export_report,standard,success,0
OP000217,2026-06-09T06:55:08,STF1098,staff,,Departure-Control-System,modify_routing_rule,elevated,denied,1
OP000658,2026-06-09T07:07:37,VND2021,vendor,Falcon Cargo Handling,Cargo-Manifest-System,view_manifest,standard,success,0
OP003003,2026-06-09T07:10:34,STF1009,staff,,Gate-Management-System,modify_routing_rule,elevated,success,0
OP000850,2026-06-09T07:30:13,STF1057,staff,,Gate-Management-System,download_bulk_data,elevated,success,0
OP002727,2026-06-09T07:36:11,STF1168,staff,,Departure-Control-System,update_schedule,standard,success,0
OP001288,2026-06-09T07:56:58,STF1162,staff,,Airfield-Ops-Portal,view_manifest,standard,success,0
OP002688,2026-06-09T08:27:06,VND2003,vendor,Falcon Cargo Handling,Departure-Control-System,create_user,elevated,success,0
OP000928,2026-06-09T08:37:11,STF1134,staff,,Baggage-Handling-System,view_manifest,standard,success,0
OP001507,2026-06-09T08:43:57,STF1147,staff,,Cargo-Manifest-System,download_bulk_data,elevated,success,0
OP002262,2026-06-09T08:48:47,STF1018,staff,,Departure-Control-System,export_report,standard,success,0
OP002809,2026-06-09T08:57:59,STF1099,staff,,Airfield-Ops-Portal,admin_config_change,elevated,denied,0
OP001709,2026-06-09T09:04:14,VND2004,vendor,Falcon Cargo Handling,Departure-Control-System,update_schedule,standard,success,0
OP000144,2026-06-09T09:07:13,STF1098,staff,,Airfield-Ops-Portal,admin_config_change,elevated,success,1
OP000390,2026-06-09T09:18:47,VND2028,vendor,Horizon Cleaning Services,Airfield-Ops-Portal,admin_config_change,elevated,success,0
OP001627,2026-06-09T09:28:33,STF1093,staff,,Gate-Management-System,update_schedule,standard,success,0
OP002035,2026-06-09T09:43:26,STF1023,staff,,Airfield-Ops-Portal,view_manifest,standard,success,0
OP002922,2026-06-09T09:51:31,STF1056,staff,,Baggage-Handling-System,view_manifest,standard,success,0
OP002146,2026-06-09T10:08:11,STF1047,staff,,Cargo-Manifest-System,read_sensor_status,standard,success,0
OP000004,2026-06-09T10:15:36,STF1043,staff,,Departure-Control-System,view_manifest,standard,success,0
OP000554,2026-06-09T10:29:28,VND2015,vendor,AeroFuel Solutions,Gate-Management-System,view_manifest,standard,success,0
OP000220,2026-06-09T10:37:59,STF1119,staff,,Baggage-Handling-System,view_manifest,standard,success,0
OP001961,2026-06-09T11:05:49,STF1067,staff,,Airfield-Ops-Portal,view_manifest,standard,success,0
OP003099,2026-06-09T11:30:10,STF1109,staff,,Gate-Management-System,read_sensor_status,standard,success,0
OP002927,2026-06-09T11:35:39,STF1139,staff,,Airfield-Ops-Portal,read_sensor_status,standard,success,0
OP000154,2026-06-09T11:37:42,STF1067,staff,,Departure-Control-System,export_report,standard,success,0
OP002748,2026-06-09T11:59:53,STF1099,staff,,Gate-Management-System,export_report,standard,success,0
OP000045,2026-06-09T12:03:54,STF1144,staff,,Baggage-Handling-System,modify_routing_rule,elevated,success,0
OP000847,2026-06-09T12:15:46,STF1108,staff,,Gate-Management-System,download_bulk_data,elevated,success,0
OP000180,2026-06-09T12:21:28,STF1103,staff,,Cargo-Manifest-System,view_manifest,standard,success,0
OP000255,2026-06-09T12:47:54,VND2030,vendor,Meridian Aircraft Maintenance,Gate-Management-System,view_manifest,standard,success,0
OP002177,2026-06-09T12:58:01,STF1041,staff,,Baggage-Handling-System,read_sensor_status,standard,success,0
OP000948,2026-06-09T13:04:05,STF1049,staff,,Gate-Management-System,view_manifest,standard,success,0
OP002504,2026-06-09T13:18:37,STF1003,staff,,Cargo-Manifest-System,read_sensor_status,standard,denied,0
OP000692,2026-06-09T13:33:59,STF1162,staff,,Airfield-Ops-Portal,export_report,standard,success,0
OP000228,2026-06-09T13:52:31,STF1044,staff,,Gate-Management-System,modify_routing_rule,elevated,success,0
OP002628,2026-06-09T14:08:13,STF1154,staff,,Airfield-Ops-Portal,update_schedule,standard,success,0
OP002463,2026-06-09T14:23:56,STF1086,staff,,Departure-Control-System,view_manifest,standard,success,0
OP001645,2026-06-09T14:27:39,STF1157,staff,,Gate-Management-System,view_manifest,standard,success,0
OP001235,2026-06-09T14:51:53,VND2022,vendor,Falcon Cargo Handling,Cargo-Manifest-System,download_bulk_data,elevated,success,0
OP003037,2026-06-09T14:53:29,VND2019,vendor,Falcon Cargo Handling,Gate-Management-System,view_manifest,standard,success,0
OP002981,2026-06-09T15:25:24,STF1088,staff,,Gate-Management-System,view_manifest,standard,success,0
OP002363,2026-06-09T15:31:05,VND2000,vendor,SkyLink Ground Services,Airfield-Ops-Portal,view_manifest,standard,success,0
OP002221,2026-06-09T15:34:11,STF1052,staff,,Baggage-Handling-System,view_manifest,standard,success,0
OP000960,2026-06-09T15:37:52,STF1017,staff,,Gate-Management-System,export_report,standard,success,0
OP000091,2026-06-09T15:38:27,STF1049,staff,,Airfield-Ops-Portal,update_schedule,standard,success,0
OP000900,2026-06-09T15:47:20,VND2015,vendor,AeroFuel Solutions,Departure-Control-System,update_schedule,standard,success,0
OP000184,2026-06-09T16:24:20,STF1051,staff,,Baggage-Handling-System,update_schedule,standard,success,0
OP001671,2026-06-09T16:49:58,STF1154,staff,,Airfield-Ops-Portal,update_schedule,standard,success,0
OP001661,2026-06-09T16:57:12,STF1037,staff,,Departure-Control-System,update_schedule,standard,success,0
OP002167,2026-06-09T17:29:43,VND2029,vendor,Horizon Cleaning Services,Airfield-Ops-Portal,export_report,standard,success,0
OP000355,2026-06-09T17:32:52,STF1147,staff,,Gate-Management-System,admin_config_change,elevated,success,0
OP002435,2026-06-09T18:35:48,STF1014,staff,,Airfield-Ops-Portal,view_manifest,standard,success,0
OP000563,2026-06-09T18:37:34,STF1137,staff,,Airfield-Ops-Portal,read_sensor_status,standard,success,0
OP002253,2026-06-09T18:42:30,VND2031,vendor,Meridian Aircraft Maintenance,Airfield-Ops-Portal,read_sensor_status,standard,success,0
OP001059,2026-06-09T18:49:32,STF1043,staff,,Gate-Management-System,download_bulk_data,elevated,success,0
OP002090,2026-06-09T19:00:54,VND2025,vendor,SkyLink Ground Services,Airfield-Ops-Portal,view_manifest,standard,success,0
OP002100,2026-06-09T19:03:09,VND2004,vendor,Falcon Cargo Handling,Baggage-Handling-System,view_manifest,standard,success,0
OP001335,2026-06-09T19:18:06,VND2006,vendor,Coastal Catering Co,Baggage-Handling-System,export_report,standard,success,0
OP001403,2026-06-09T19:25:43,STF1060,staff,,Departure-Control-System,view_manifest,standard,success,0
OP000267,2026-06-09T19:35:20,STF1022,staff,,Departure-Control-System,export_report,standard,success,0
OP000983,2026-06-09T19:36:47,VND2023,vendor,SkyLink Ground Services,Gate-Management-System,view_manifest,standard,success,0
OP002444,2026-06-09T20:01:52,STF1084,staff,,Airfield-Ops-Portal,read_sensor_status,standard,success,0
OP002516,2026-06-09T20:06:33,STF1097,staff,,Airfield-Ops-Portal,admin_config_change,elevated,success,0
OP000127,2026-06-09T20:16:31,VND2011,vendor,Falcon Cargo Handling,Gate-Management-System,update_schedule,standard,success,0
OP000791,2026-06-09T20:41:08,STF1003,staff,,Baggage-Handling-System,update_schedule,standard,success,0
OP001471,2026-06-09T20:46:05,STF1097,staff,,Departure-Control-System,modify_routing_rule,elevated,success,0
OP001450,2026-06-09T20:59:31,STF1135,staff,,Gate-Management-System,admin_config_change,elevated,success,0
OP001281,2026-06-09T21:02:34,VND2024,vendor,AeroFuel Solutions,Baggage-Handling-System,update_schedule,standard,success,0
OP001724,2026-06-09T21:44:15,STF1052,staff,,Cargo-Manifest-System,read_sensor_status,standard,success,0
OP001506,2026-06-09T21:47:24,STF1105,staff,,Cargo-Manifest-System,update_schedule,standard,success,0
OP000934,2026-06-09T21:52:02,VND2012,vendor,AeroFuel Solutions,Cargo-Manifest-System,create_user,elevated,success,0
OP003094,2026-06-09T21:53:32,STF1022,staff,,Airfield-Ops-Portal,view_manifest,standard,success,0
OP000023,2026-06-09T21:53:42,VND2025,vendor,SkyLink Ground Services,Baggage-Handling-System,update_schedule,standard,success,0
OP001854,2026-06-10T00:52:12,STF1167,staff,,Airfield-Ops-Portal,create_user,elevated,success,1
OP000202,2026-06-10T01:29:59,STF1107,staff,,Gate-Management-System,update_schedule,standard,success,0
OP000925,2026-06-10T03:06:27,STF1005,staff,,Departure-Control-System,modify_routing_rule,elevated,success,0
OP002658,2026-06-10T04:56:26,STF1169,staff,,Gate-Management-System,admin_config_change,elevated,success,1
OP002601,2026-06-10T06:04:06,VND2002,vendor,Horizon Cleaning Services,Gate-Management-System,modify_routing_rule,elevated,success,0
OP001307,2026-06-10T06:09:23,STF1148,staff,,Gate-Management-System,read_sensor_status,standard,success,0
OP003023,2026-06-10T06:26:48,STF1002,staff,,Gate-Management-System,read_sensor_status,standard,success,0
OP001102,2026-06-10T06:38:18,STF1172,staff,,Cargo-Manifest-System,read_sensor_status,standard,success,0
OP002088,2026-06-10T06:42:32,STF1057,staff,,Baggage-Handling-System,view_manifest,standard,success,0
OP002854,2026-06-10T07:04:52,VND2013,vendor,Falcon Cargo Handling,Gate-Management-System,download_bulk_data,elevated,success,0
OP002101,2026-06-10T07:14:13,VND2004,vendor,Falcon Cargo Handling,Airfield-Ops-Portal,view_manifest,standard,success,0
OP000102,2026-06-10T07:18:40,STF1122,staff,,Airfield-Ops-Portal,update_schedule,standard,success,0
OP000868,2026-06-10T07:26:48,STF1107,staff,,Airfield-Ops-Portal,view_manifest,standard,success,0
OP001702,2026-06-10T07:47:48,STF1069,staff,,Departure-Control-System,update_schedule,standard,success,0
OP002771,2026-06-10T08:11:12,VND2003,vendor,Falcon Cargo Handling,Baggage-Handling-System,export_report,standard,denied,0
OP001221,2026-06-10T08:18:00,VND2016,vendor,AeroFuel Solutions,Gate-Management-System,read_sensor_status,standard,success,0
OP000369,2026-06-10T08:40:26,STF1061,staff,,Gate-Management-System,modify_routing_rule,elevated,success,0
OP000788,2026-06-10T08:48:35,STF1141,staff,,Airfield-Ops-Portal,view_manifest,standard,success,0
OP002668,2026-06-10T09:06:16,STF1128,staff,,Departure-Control-System,export_report,standard,success,0
OP001646,2026-06-10T09:07:14,STF1173,staff,,Baggage-Handling-System,export_report,standard,success,0
OP000834,2026-06-10T09:24:47,VND2020,vendor,Coastal Catering Co,Departure-Control-System,update_schedule,standard,success,0
OP001191,2026-06-10T09:30:15,STF1107,staff,,Gate-Management-System,admin_config_change,elevated,success,0
OP000418,2026-06-10T09:30:41,VND2018,vendor,Falcon Cargo Handling,Cargo-Manifest-System,update_schedule,standard,success,0
OP000239,2026-06-10T09:36:00,VND2017,vendor,Horizon Cleaning Services,Airfield-Ops-Portal,download_bulk_data,elevated,success,0
OP000640,2026-06-10T10:01:08,VND2019,vendor,Falcon Cargo Handling,Airfield-Ops-Portal,export_report,standard,success,0
OP000103,2026-06-10T10:26:39,VND2002,vendor,Horizon Cleaning Services,Cargo-Manifest-System,create_user,elevated,success,0
OP000789,2026-06-10T10:38:13,STF1006,staff,,Airfield-Ops-Portal,download_bulk_data,elevated,success,0
OP002062,2026-06-10T10:59:34,STF1008,staff,,Airfield-Ops-Portal,read_sensor_status,standard,success,0
OP000711,2026-06-10T11:10:45,STF1000,staff,,Gate-Management-System,view_manifest,standard,success,0
OP002552,2026-06-10T11:24:36,VND2034,vendor,SkyLink Ground Services,Airfield-Ops-Portal,export_report,standard,success,0
OP001593,2026-06-10T11:37:42,STF1170,staff,,Baggage-Handling-System,update_schedule,standard,success,0
OP002994,2026-06-10T11:45:48,VND2013,vendor,Falcon Cargo Handling,Gate-Management-System,download_bulk_data,elevated,success,0
OP002785,2026-06-10T11:45:59,VND2010,vendor,SkyLink Ground Services,Airfield-Ops-Portal,update_schedule,standard,success,0
OP001016,2026-06-10T11:51:26,STF1133,staff,,Cargo-Manifest-System,view_manifest,standard,success,0
OP002063,2026-06-10T11:56:04,STF1089,staff,,Departure-Control-System,view_manifest,standard,success,0
OP002830,2026-06-10T11:56:28,STF1143,staff,,Airfield-Ops-Portal,view_manifest,standard,success,0
OP001895,2026-06-10T12:03:14,STF1088,staff,,Airfield-Ops-Portal,read_sensor_status,standard,success,0
OP000632,2026-06-10T12:34:54,STF1067,staff,,Cargo-Manifest-System,export_report,standard,success,0
OP002341,2026-06-10T12:39:35,STF1084,staff,,Gate-Management-System,read_sensor_status,standard,success,0
OP000980,2026-06-10T13:14:07,STF1021,staff,,Baggage-Handling-System,modify_routing_rule,elevated,success,0
OP001406,2026-06-10T13:25:27,STF1024,staff,,Departure-Control-System,update_schedule,standard,success,0
OP001349,2026-06-10T13:25:29,VND2009,vendor,Falcon Cargo Handling,Cargo-Manifest-System,export_report,standard,success,0
OP001319,2026-06-10T13:29:47,STF1105,staff,,Departure-Control-System,read_sensor_status,standard,denied,0
OP002744,2026-06-10T13:39:34,VND2028,vendor,Horizon Cleaning Services,Airfield-Ops-Portal,read_sensor_status,standard,success,0
OP000871,2026-06-10T14:18:20,VND2017,vendor,Horizon Cleaning Services,Gate-Management-System,view_manifest,standard,success,0
OP001386,2026-06-10T14:28:20,STF1119,staff,,Cargo-Manifest-System,read_sensor_status,standard,denied,0
OP001384,2026-06-10T14:32:30,STF1058,staff,,Airfield-Ops-Portal,modify_routing_rule,elevated,success,0
OP002397,2026-06-10T14:56:38,STF1015,staff,,Cargo-Manifest-System,view_manifest,standard,success,0
OP002230,2026-06-10T15:34:55,STF1004,staff,,Airfield-Ops-Portal,modify_routing_rule,elevated,denied,0
OP000307,2026-06-10T15:59:49,STF1111,staff,,Departure-Control-System,read_sensor_status,standard,success,0
OP002973,2026-06-10T16:10:24,STF1051,staff,,Baggage-Handling-System,update_schedule,standard,success,0
OP001612,2026-06-10T16:24:14,STF1059,staff,,Gate-Management-System,download_bulk_data,elevated,success,0
OP000831,2026-06-10T16:33:19,STF1091,staff,,Departure-Control-System,export_report,standard,success,0
OP000335,2026-06-10T16:39:58,VND2028,vendor,Horizon Cleaning Services,Departure-Control-System,update_schedule,standard,success,0
OP002322,2026-06-10T16:49:32,STF1123,staff,,Gate-Management-System,read_sensor_status,standard,success,0
OP001131,2026-06-10T16:51:42,VND2027,vendor,Meridian Aircraft Maintenance,Airfield-Ops-Portal,admin_config_change,elevated,success,0
OP000804,2026-06-10T16:52:25,STF1111,staff,,Baggage-Handling-System,download_bulk_data,elevated,success,0
OP000785,2026-06-10T16:52:59,STF1105,staff,,Departure-Control-System,view_manifest,standard,success,0
OP000210,2026-06-10T17:03:48,VND2018,vendor,Falcon Cargo Handling,Baggage-Handling-System,update_schedule,standard,success,0
OP001727,2026-06-10T17:24:51,STF1083,staff,,Baggage-Handling-System,read_sensor_status,standard,success,0
OP003070,2026-06-10T18:00:10,STF1155,staff,,Cargo-Manifest-System,admin_config_change,elevated,success,0
OP001283,2026-06-10T18:34:36,VND2019,vendor,Falcon Cargo Handling,Departure-Control-System,update_schedule,standard,success,0
OP000973,2026-06-10T18:41:25,VND2018,vendor,Falcon Cargo Handling,Cargo-Manifest-System,update_schedule,standard,success,0
OP001178,2026-06-10T18:59:18,STF1090,staff,,Cargo-Manifest-System,view_manifest,standard,success,0
OP001735,2026-06-10T19:21:41,STF1102,staff,,Gate-Management-System,modify_routing_rule,elevated,success,0
OP000420,2026-06-10T19:32:54,STF1105,staff,,Departure-Control-System,modify_routing_rule,elevated,success,0
OP000895,2026-06-10T19:56:56,STF1149,staff,,Baggage-Handling-System,download_bulk_data,elevated,success,0
OP001857,2026-06-10T19:58:40,STF1133,staff,,Cargo-Manifest-System,read_sensor_status,standard,success,0
OP001859,2026-06-10T19:59:22,STF1027,staff,,Baggage-Handling-System,view_manifest,standard,success,0
OP003015,2026-06-10T20:16:04,STF1000,staff,,Gate-Management-System,admin_config_change,elevated,success,0
OP001139,2026-06-10T20:20:17,STF1172,staff,,Airfield-Ops-Portal,download_bulk_data,elevated,success,0
OP002792,2026-06-10T20:30:14,VND2017,vendor,Horizon Cleaning Services,Gate-Management-System,update_schedule,standard,success,0
OP000373,2026-06-10T20:41:13,STF1142,staff,,Gate-Management-System,view_manifest,standard,success,0
OP002047,2026-06-10T21:12:44,STF1102,staff,,Airfield-Ops-Portal,export_report,standard,success,0
OP000467,2026-06-10T21:12:54,VND2025,vendor,SkyLink Ground Services,Baggage-Handling-System,view_manifest,standard,success,0
OP001784,2026-06-10T21:39:41,VND2024,vendor,AeroFuel Solutions,Cargo-Manifest-System,read_sensor_status,standard,success,0
OP000715,2026-06-10T21:51:17,STF1111,staff,,Departure-Control-System,read_sensor_status,standard,success,0
OP001050,2026-06-10T21:53:35,STF1048,staff,,Cargo-Manifest-System,export_report,standard,success,0
OP000068,2026-06-10T21:58:11,STF1029,staff,,Departure-Control-System,view_manifest,standard,success,0
OP002436,2026-06-10T23:11:22,STF1108,staff,,Baggage-Handling-System,read_sensor_status,standard,success,0
OP000090,2026-06-10T23:51:14,STF1069,staff,,Cargo-Manifest-System,update_schedule,standard,success,0
OP002105,2026-06-11T06:11:04,STF1166,staff,,Gate-Management-System,download_bulk_data,elevated,success,0
OP000708,2026-06-11T06:11:31,STF1115,staff,,Gate-Management-System,update_schedule,standard,success,0
OP000865,2026-06-11T06:17:03,VND2022,vendor,Falcon Cargo Handling,Gate-Management-System,export_report,standard,success,0
OP000110,2026-06-11T06:22:39,STF1125,staff,,Gate-Management-System,update_schedule,standard,success,0
OP001272,2026-06-11T06:26:18,STF1038,staff,,Cargo-Manifest-System,export_report,standard,success,0
OP002945,2026-06-11T06:38:45,VND2013,vendor,Falcon Cargo Handling,Departure-Control-System,view_manifest,standard,success,0
OP001858,2026-06-11T06:48:26,STF1170,staff,,Airfield-Ops-Portal,read_sensor_status,standard,success,0
OP000730,2026-06-11T07:02:11,VND2007,vendor,SkyLink Ground Services,Cargo-Manifest-System,update_schedule,standard,success,0
OP002948,2026-06-11T07:06:24,STF1116,staff,,Departure-Control-System,export_report,standard,success,0
OP000050,2026-06-11T07:07:15,STF1177,staff,,Cargo-Manifest-System,admin_config_change,elevated,success,0
OP001340,2026-06-11T07:12:34,STF1077,staff,,Departure-Control-System,read_sensor_status,standard,success,0
OP000152,2026-06-11T08:08:05,STF1032,staff,,Departure-Control-System,update_schedule,standard,success,0
OP000873,2026-06-11T08:17:53,VND2015,vendor,AeroFuel Solutions,Baggage-Handling-System,modify_routing_rule,elevated,success,0
OP002907,2026-06-11T09:12:47,VND2005,vendor,AeroFuel Solutions,Departure-Control-System,update_schedule,standard,success,0
OP002467,2026-06-11T09:14:56,VND2022,vendor,Falcon Cargo Handling,Airfield-Ops-Portal,read_sensor_status,standard,success,0
OP002451,2026-06-11T09:17:37,STF1135,staff,,Baggage-Handling-System,modify_routing_rule,elevated,success,0
OP000997,2026-06-11T09:18:10,VND2021,vendor,Falcon Cargo Handling,Baggage-Handling-System,update_schedule,standard,success,0
OP001708,2026-06-11T09:21:16,VND2000,vendor,SkyLink Ground Services,Departure-Control-System,create_user,elevated,success,0
OP002001,2026-06-11T09:40:10,VND2023,vendor,SkyLink Ground Services,Airfield-Ops-Portal,view_manifest,standard,success,0
OP000539,2026-06-11T10:02:12,STF1067,staff,,Airfield-Ops-Portal,update_schedule,standard,success,0
OP001905,2026-06-11T10:12:11,STF1035,staff,,Baggage-Handling-System,read_sensor_status,standard,success,0
OP001944,2026-06-11T10:27:29,STF1123,staff,,Gate-Management-System,read_sensor_status,standard,success,0
OP002991,2026-06-11T12:11:28,STF1098,staff,,Gate-Management-System,modify_routing_rule,elevated,success,0
OP000195,2026-06-11T12:14:53,STF1070,staff,,Cargo-Manifest-System,view_manifest,standard,success,0
OP000917,2026-06-11T12:33:58,STF1024,staff,,Gate-Management-System,update_schedule,standard,success,0
OP002703,2026-06-11T13:07:11,STF1123,staff,,Airfield-Ops-Portal,export_report,standard,success,0
OP002724,2026-06-11T13:23:20,VND2018,vendor,Falcon Cargo Handling,Airfield-Ops-Portal,update_schedule,standard,success,0
OP003068,2026-06-11T13:33:40,STF1001,staff,,Departure-Control-System,read_sensor_status,standard,success,0
OP000413,2026-06-11T13:35:20,VND2018,vendor,Falcon Cargo Handling,Departure-Control-System,read_sensor_status,standard,success,0
OP001744,2026-06-11T13:36:34,STF1166,staff,,Baggage-Handling-System,update_schedule,standard,success,0
OP001571,2026-06-11T14:16:15,VND2026,vendor,Horizon Cleaning Services,Airfield-Ops-Portal,export_report,standard,success,0
OP000053,2026-06-11T15:07:34,VND2012,vendor,AeroFuel Solutions,Cargo-Manifest-System,view_manifest,standard,success,0
OP002541,2026-06-11T15:10:07,STF1096,staff,,Baggage-Handling-System,update_schedule,standard,success,0
OP001995,2026-06-11T15:57:16,VND2006,vendor,Coastal Catering Co,Baggage-Handling-System,read_sensor_status,standard,success,0
OP003067,2026-06-11T16:14:17,STF1073,staff,,Baggage-Handling-System,modify_routing_rule,elevated,success,0
OP001127,2026-06-11T16:25:25,STF1015,staff,,Cargo-Manifest-System,update_schedule,standard,success,0
OP002525,2026-06-11T16:40:07,STF1034,staff,,Airfield-Ops-Portal,update_schedule,standard,success,0
OP001563,2026-06-11T16:40:51,STF1099,staff,,Gate-Management-System,modify_routing_rule,elevated,success,0
OP002887,2026-06-11T16:58:03,STF1043,staff,,Gate-Management-System,read_sensor_status,standard,success,0
OP002520,2026-06-11T17:05:56,STF1144,staff,,Departure-Control-System,view_manifest,standard,success,0
OP002783,2026-06-11T17:10:37,VND2006,vendor,Coastal Catering Co,Airfield-Ops-Portal,read_sensor_status,standard,success,0
OP001043,2026-06-11T17:41:20,VND2000,vendor,SkyLink Ground Services,Cargo-Manifest-System,update_schedule,standard,success,0
OP000358,2026-06-11T17:45:23,STF1049,staff,,Gate-Management-System,view_manifest,standard,success,0
OP002889,2026-06-11T18:37:17,VND2004,vendor,Falcon Cargo Handling,Departure-Control-System,read_sensor_status,standard,success,0
OP002764,2026-06-11T18:40:53,STF1023,staff,,Cargo-Manifest-System,update_schedule,standard,success,0
OP002769,2026-06-11T18:42:54,STF1042,staff,,Baggage-Handling-System,view_manifest,standard,success,0
OP002280,2026-06-11T19:17:25,STF1165,staff,,Baggage-Handling-System,view_manifest,standard,success,0
OP000491,2026-06-11T19:18:43,STF1099,staff,,Cargo-Manifest-System,view_manifest,standard,success,0
OP002362,2026-06-11T19:20:52,VND2009,vendor,Falcon Cargo Handling,Airfield-Ops-Portal,read_sensor_status,standard,success,0
OP002710,2026-06-11T19:31:23,VND2024,vendor,AeroFuel Solutions,Baggage-Handling-System,view_manifest,standard,success,0
OP001881,2026-06-11T19:38:39,STF1170,staff,,Baggage-Handling-System,view_manifest,standard,success,0
OP002805,2026-06-11T19:50:41,STF1034,staff,,Departure-Control-System,admin_config_change,elevated,success,0
OP000408,2026-06-11T20:00:16,STF1075,staff,,Gate-Management-System,modify_routing_rule,elevated,success,0
OP002465,2026-06-11T20:03:50,VND2019,vendor,Falcon Cargo Handling,Cargo-Manifest-System,export_report,standard,success,0
OP002873,2026-06-11T20:12:15,STF1132,staff,,Cargo-Manifest-System,modify_routing_rule,elevated,success,0
OP001135,2026-06-11T20:14:50,VND2027,vendor,Meridian Aircraft Maintenance,Departure-Control-System,view_manifest,standard,denied,0
OP001267,2026-06-11T20:28:43,STF1029,staff,,Cargo-Manifest-System,export_report,standard,success,0
OP002535,2026-06-11T20:52:02,STF1127,staff,,Gate-Management-System,create_user,elevated,success,0
OP001678,2026-06-11T20:52:13,STF1164,staff,,Cargo-Manifest-System,download_bulk_data,elevated,success,1
OP000757,2026-06-11T23:44:53,VND2023,vendor,SkyLink Ground Services,Gate-Management-System,create_user,elevated,denied,1
OP001280,2026-06-12T00:25:40,STF1132,staff,,Cargo-Manifest-System,read_sensor_status,standard,success,0
OP000134,2026-06-12T01:33:14,VND2025,vendor,SkyLink Ground Services,Departure-Control-System,export_report,standard,success,0
OP000327,2026-06-12T02:55:48,VND2030,vendor,Meridian Aircraft Maintenance,Gate-Management-System,modify_routing_rule,elevated,success,0
OP000839,2026-06-12T04:03:57,VND2012,vendor,AeroFuel Solutions,Departure-Control-System,read_sensor_status,standard,success,0
OP002956,2026-06-12T06:12:06,VND2019,vendor,Falcon Cargo Handling,Cargo-Manifest-System,view_manifest,standard,success,0
OP000574,2026-06-12T06:39:33,STF1071,staff,,Airfield-Ops-Portal,view_manifest,standard,success,0
OP001785,2026-06-12T06:49:29,STF1165,staff,,Gate-Management-System,export_report,standard,success,0
OP000062,2026-06-12T06:50:55,STF1050,staff,,Departure-Control-System,update_schedule,standard,success,0
OP001216,2026-06-12T06:59:54,VND2017,vendor,Horizon Cleaning Services,Departure-Control-System,read_sensor_status,standard,success,0
OP000864,2026-06-12T07:02:23,STF1052,staff,,Departure-Control-System,export_report,standard,success,0
OP000496,2026-06-12T07:04:43,STF1052,staff,,Cargo-Manifest-System,modify_routing_rule,elevated,success,0
OP001636,2026-06-12T07:10:54,VND2008,vendor,SkyLink Ground Services,Gate-Management-System,export_report,standard,success,0
OP000433,2026-06-12T07:22:14,VND2015,vendor,AeroFuel Solutions,Airfield-Ops-Portal,export_report,standard,success,0
OP000443,2026-06-12T07:24:51,VND2015,vendor,AeroFuel Solutions,Departure-Control-System,update_schedule,standard,success,0
OP001427,2026-06-12T08:10:20,STF1151,staff,,Departure-Control-System,update_schedule,standard,success,0
OP000120,2026-06-12T08:43:40,STF1057,staff,,Departure-Control-System,read_sensor_status,standard,success,0
OP002758,2026-06-12T08:46:49,STF1043,staff,,Baggage-Handling-System,modify_routing_rule,elevated,success,0
OP001228,2026-06-12T09:12:15,VND2003,vendor,Falcon Cargo Handling,Baggage-Handling-System,export_report,standard,success,0
OP000535,2026-06-12T09:17:20,STF1141,staff,,Gate-Management-System,export_report,standard,success,0
OP001912,2026-06-12T09:21:07,STF1114,staff,,Airfield-Ops-Portal,read_sensor_status,standard,success,0
OP000336,2026-06-12T10:03:44,STF1164,staff,,Airfield-Ops-Portal,download_bulk_data,elevated,success,1
OP000667,2026-06-12T10:15:08,VND2023,vendor,SkyLink Ground Services,Gate-Management-System,view_manifest,standard,success,0
OP002171,2026-06-12T10:54:45,VND2012,vendor,AeroFuel Solutions,Cargo-Manifest-System,read_sensor_status,standard,success,0
OP002677,2026-06-12T11:43:52,VND2008,vendor,SkyLink Ground Services,Gate-Management-System,view_manifest,standard,success,0
OP001491,2026-06-12T11:44:55,VND2012,vendor,AeroFuel Solutions,Gate-Management-System,create_user,elevated,success,0
OP001352,2026-06-12T11:46:26,STF1128,staff,,Departure-Control-System,admin_config_change,elevated,success,0
OP001060,2026-06-12T12:02:22,VND2004,vendor,Falcon Cargo Handling,Airfield-Ops-Portal,read_sensor_status,standard,success,0
OP001290,2026-06-12T12:11:36,VND2008,vendor,SkyLink Ground Services,Airfield-Ops-Portal,create_user,elevated,denied,0
OP002384,2026-06-12T12:15:53,STF1029,staff,,Baggage-Handling-System,modify_routing_rule,elevated,success,0
OP002126,2026-06-12T12:31:29,STF1124,staff,,Gate-Management-System,read_sensor_status,standard,success,0
OP000029,2026-06-12T12:32:46,STF1143,staff,,Departure-Control-System,update_schedule,standard,denied,0
OP001432,2026-06-12T12:34:38,STF1030,staff,,Cargo-Manifest-System,create_user,elevated,success,0
OP001350,2026-06-12T12:58:19,STF1086,staff,,Gate-Management-System,view_manifest,standard,success,0
OP001540,2026-06-12T13:04:38,STF1166,staff,,Airfield-Ops-Portal,update_schedule,standard,success,0
OP002052,2026-06-12T13:10:53,STF1115,staff,,Gate-Management-System,update_schedule,standard,success,0
OP002598,2026-06-12T13:12:50,STF1088,staff,,Baggage-Handling-System,export_report,standard,success,0
OP001783,2026-06-12T14:01:27,VND2000,vendor,SkyLink Ground Services,Departure-Control-System,admin_config_change,elevated,success,0
OP001920,2026-06-12T15:37:17,STF1054,staff,,Baggage-Handling-System,view_manifest,standard,success,0
OP000426,2026-06-12T16:19:27,STF1046,staff,,Baggage-Handling-System,read_sensor_status,standard,success,0
OP000463,2026-06-12T16:23:53,VND2009,vendor,Falcon Cargo Handling,Gate-Management-System,view_manifest,standard,success,0
OP001394,2026-06-12T16:28:30,VND2009,vendor,Falcon Cargo Handling,Departure-Control-System,update_schedule,standard,success,0
OP001538,2026-06-12T16:34:19,STF1172,staff,,Departure-Control-System,read_sensor_status,standard,success,0
OP000365,2026-06-12T16:48:54,STF1139,staff,,Departure-Control-System,download_bulk_data,elevated,success,0
OP002161,2026-06-12T16:50:50,STF1020,staff,,Airfield-Ops-Portal,update_schedule,standard,success,0
OP001607,2026-06-12T16:51:54,STF1145,staff,,Baggage-Handling-System,view_manifest,standard,success,0
OP000487,2026-06-12T16:58:27,STF1044,staff,,Departure-Control-System,view_manifest,standard,success,0
OP001391,2026-06-12T17:01:26,STF1112,staff,,Baggage-Handling-System,export_report,standard,success,0
OP000374,2026-06-12T17:14:37,STF1133,staff,,Baggage-Handling-System,view_manifest,standard,denied,0
OP001610,2026-06-12T17:31:29,VND2014,vendor,AeroFuel Solutions,Gate-Management-System,download_bulk_data,elevated,success,0
OP002194,2026-06-12T17:51:00,STF1079,staff,,Airfield-Ops-Portal,create_user,elevated,success,0
OP001926,2026-06-12T18:01:55,VND2000,vendor,SkyLink Ground Services,Airfield-Ops-Portal,modify_routing_rule,elevated,success,0
OP002089,2026-06-12T18:18:41,STF1047,staff,,Cargo-Manifest-System,update_schedule,standard,success,0
OP000318,2026-06-12T18:27:37,VND2026,vendor,Horizon Cleaning Services,Departure-Control-System,modify_routing_rule,elevated,success,0
OP001420,2026-06-12T18:31:28,VND2034,vendor,SkyLink Ground Services,Departure-Control-System,create_user,elevated,success,0
OP001044,2026-06-12T19:09:30,STF1021,staff,,Baggage-Handling-System,export_report,standard,success,0
OP002425,2026-06-12T19:12:16,VND2028,vendor,Horizon Cleaning Services,Cargo-Manifest-System,view_manifest,standard,success,0
OP002559,2026-06-12T19:43:32,STF1170,staff,,Airfield-Ops-Portal,export_report,standard,success,0
OP001999,2026-06-12T20:24:58,VND2009,vendor,Falcon Cargo Handling,Gate-Management-System,view_manifest,standard,success,0
OP001796,2026-06-12T20:26:06,VND2018,vendor,Falcon Cargo Handling,Baggage-Handling-System,download_bulk_data,elevated,success,0
OP001364,2026-06-12T20:30:13,VND2008,vendor,SkyLink Ground Services,Airfield-Ops-Portal,export_report,standard,success,0
OP000551,2026-06-12T21:09:29,STF1176,staff,,Departure-Control-System,admin_config_change,elevated,success,0
OP001114,2026-06-12T21:34:18,STF1073,staff,,Airfield-Ops-Portal,export_report,standard,success,0
OP001814,2026-06-12T21:38:32,VND2016,vendor,AeroFuel Solutions,Baggage-Handling-System,export_report,standard,success,0
OP000908,2026-06-13T02:04:00,STF1038,staff,,Departure-Control-System,admin_config_change,elevated,success,0
OP000852,2026-06-13T02:19:58,VND2023,vendor,SkyLink Ground Services,Departure-Control-System,update_schedule,standard,success,0
OP000338,2026-06-13T02:20:09,STF1055,staff,,Cargo-Manifest-System,view_manifest,standard,success,0
OP000722,2026-06-13T06:07:54,STF1145,staff,,Gate-Management-System,update_schedule,standard,success,0
OP002412,2026-06-13T06:28:22,STF1010,staff,,Baggage-Handling-System,update_schedule,standard,success,0
OP000604,2026-06-13T06:49:32,VND2011,vendor,Falcon Cargo Handling,Departure-Control-System,admin_config_change,elevated,success,0
OP001652,2026-06-13T07:02:03,STF1058,staff,,Departure-Control-System,export_report,standard,success,0
OP000664,2026-06-13T07:05:48,STF1110,staff,,Baggage-Handling-System,read_sensor_status,standard,success,0
OP000826,2026-06-13T07:26:13,STF1073,staff,,Airfield-Ops-Portal,export_report,standard,success,0
OP001911,2026-06-13T07:37:44,STF1172,staff,,Departure-Control-System,modify_routing_rule,elevated,success,0
OP002270,2026-06-13T07:56:21,VND2032,vendor,AeroFuel Solutions,Gate-Management-System,update_schedule,standard,success,0
OP000552,2026-06-13T08:06:51,VND2014,vendor,AeroFuel Solutions,Airfield-Ops-Portal,read_sensor_status,standard,success,0
OP001434,2026-06-13T08:10:40,VND2001,vendor,Meridian Aircraft Maintenance,Airfield-Ops-Portal,export_report,standard,success,0
OP002339,2026-06-13T08:23:45,VND2008,vendor,SkyLink Ground Services,Cargo-Manifest-System,export_report,standard,success,0
OP002199,2026-06-13T08:41:05,VND2031,vendor,Meridian Aircraft Maintenance,Airfield-Ops-Portal,admin_config_change,elevated,denied,0
OP000403,2026-06-13T09:13:40,STF1115,staff,,Departure-Control-System,export_report,standard,success,0
OP002282,2026-06-13T09:17:27,STF1005,staff,,Airfield-Ops-Portal,view_manifest,standard,success,0
OP001933,2026-06-13T09:49:57,STF1086,staff,,Departure-Control-System,update_schedule,standard,success,0
OP002452,2026-06-13T09:57:53,STF1011,staff,,Cargo-Manifest-System,create_user,elevated,success,0
OP000647,2026-06-13T10:17:57,STF1010,staff,,Cargo-Manifest-System,export_report,standard,success,0
OP002754,2026-06-13T10:28:06,STF1167,staff,,Departure-Control-System,export_report,standard,success,0
OP001320,2026-06-13T10:39:07,VND2005,vendor,AeroFuel Solutions,Gate-Management-System,export_report,standard,success,0
OP003026,2026-06-13T10:39:14,STF1115,staff,,Cargo-Manifest-System,download_bulk_data,elevated,success,0
OP001692,2026-06-13T10:49:09,STF1115,staff,,Departure-Control-System,export_report,standard,success,0
OP001179,2026-06-13T10:53:04,VND2027,vendor,Meridian Aircraft Maintenance,Airfield-Ops-Portal,update_schedule,standard,success,0
OP002437,2026-06-13T10:54:32,VND2012,vendor,AeroFuel Solutions,Airfield-Ops-Portal,modify_routing_rule,elevated,success,0
OP002667,2026-06-13T11:01:23,STF1031,staff,,Airfield-Ops-Portal,update_schedule,standard,success,0
OP003069,2026-06-13T11:05:09,STF1152,staff,,Cargo-Manifest-System,read_sensor_status,standard,success,0
OP001945,2026-06-13T11:07:35,STF1101,staff,,Baggage-Handling-System,view_manifest,standard,success,0
OP000472,2026-06-13T11:11:06,STF1124,staff,,Departure-Control-System,update_schedule,standard,success,0
OP001266,2026-06-13T11:58:54,STF1058,staff,,Gate-Management-System,view_manifest,standard,success,0
OP001530,2026-06-13T12:01:26,STF1023,staff,,Cargo-Manifest-System,view_manifest,standard,success,0
OP002918,2026-06-13T12:21:40,VND2007,vendor,SkyLink Ground Services,Baggage-Handling-System,read_sensor_status,standard,success,0
OP002674,2026-06-13T12:28:38,STF1168,staff,,Baggage-Handling-System,read_sensor_status,standard,success,0
OP002619,2026-06-13T12:39:48,VND2000,vendor,SkyLink Ground Services,Gate-Management-System,read_sensor_status,standard,success,0
OP001820,2026-06-13T13:00:15,VND2031,vendor,Meridian Aircraft Maintenance,Cargo-Manifest-System,view_manifest,standard,success,0
OP000300,2026-06-13T13:16:13,STF1108,staff,,Baggage-Handling-System,view_manifest,standard,success,0
OP002578,2026-06-13T13:17:45,STF1174,staff,,Cargo-Manifest-System,view_manifest,standard,success,0
OP001222,2026-06-13T13:56:14,STF1163,staff,,Airfield-Ops-Portal,view_manifest,standard,success,0
OP001328,2026-06-13T14:04:01,STF1004,staff,,Airfield-Ops-Portal,read_sensor_status,standard,success,0
OP000143,2026-06-13T14:21:46,STF1053,staff,,Airfield-Ops-Portal,view_manifest,standard,success,0
OP000133,2026-06-13T14:26:13,STF1137,staff,,Departure-Control-System,modify_routing_rule,elevated,success,0
OP000317,2026-06-13T14:48:44,STF1142,staff,,Gate-Management-System,export_report,standard,success,0
OP001492,2026-06-13T14:56:24,VND2003,vendor,Falcon Cargo Handling,Baggage-Handling-System,read_sensor_status,standard,success,0
OP002303,2026-06-13T15:05:38,STF1164,staff,,Airfield-Ops-Portal,download_bulk_data,elevated,success,0
OP002800,2026-06-13T15:11:35,VND2002,vendor,Horizon Cleaning Services,Airfield-Ops-Portal,modify_routing_rule,elevated,success,0
OP000857,2026-06-13T15:15:57,STF1128,staff,,Airfield-Ops-Portal,read_sensor_status,standard,success,0
OP001554,2026-06-13T15:41:52,STF1037,staff,,Gate-Management-System,view_manifest,standard,success,0
OP002673,2026-06-13T15:46:57,STF1016,staff,,Baggage-Handling-System,export_report,standard,success,0
OP001418,2026-06-13T15:54:51,STF1028,staff,,Cargo-Manifest-System,create_user,elevated,success,0
OP001123,2026-06-13T15:55:16,STF1120,staff,,Baggage-Handling-System,export_report,standard,success,0
OP001353,2026-06-13T16:11:51,STF1049,staff,,Cargo-Manifest-System,modify_routing_rule,elevated,denied,0
OP001058,2026-06-13T16:13:33,STF1082,staff,,Airfield-Ops-Portal,view_manifest,standard,success,0
OP001633,2026-06-13T16:15:34,STF1115,staff,,Cargo-Manifest-System,export_report,standard,success,0
OP001428,2026-06-13T16:17:13,VND2029,vendor,Horizon Cleaning Services,Departure-Control-System,modify_routing_rule,elevated,success,0
OP001373,2026-06-13T16:19:42,STF1173,staff,,Airfield-Ops-Portal,view_manifest,standard,success,0
OP002304,2026-06-13T16:23:09,STF1116,staff,,Gate-Management-System,export_report,standard,success,0
OP002422,2026-06-13T17:05:32,VND2006,vendor,Coastal Catering Co,Airfield-Ops-Portal,modify_routing_rule,elevated,success,0
OP002103,2026-06-13T17:08:36,STF1103,staff,,Baggage-Handling-System,update_schedule,standard,success,0
OP002432,2026-06-13T17:29:11,VND2031,vendor,Meridian Aircraft Maintenance,Baggage-Handling-System,view_manifest,standard,success,0
OP000398,2026-06-13T18:19:09,VND2025,vendor,SkyLink Ground Services,Departure-Control-System,export_report,standard,success,0
OP002024,2026-06-13T18:28:38,STF1073,staff,,Cargo-Manifest-System,read_sensor_status,standard,success,0
OP001338,2026-06-13T18:34:51,VND2031,vendor,Meridian Aircraft Maintenance,Baggage-Handling-System,update_schedule,standard,success,0
OP000662,2026-06-13T18:35:03,VND2006,vendor,Coastal Catering Co,Gate-Management-System,view_manifest,standard,success,0
OP000470,2026-06-13T18:40:03,VND2003,vendor,Falcon Cargo Handling,Cargo-Manifest-System,admin_config_change,elevated,success,0
OP001541,2026-06-13T19:21:50,STF1108,staff,,Cargo-Manifest-System,view_manifest,standard,success,0
OP000199,2026-06-13T19:26:22,STF1005,staff,,Airfield-Ops-Portal,download_bulk_data,elevated,success,0
OP000705,2026-06-13T20:02:37,STF1018,staff,,Cargo-Manifest-System,export_report,standard,success,0
OP000368,2026-06-13T20:06:34,STF1144,staff,,Airfield-Ops-Portal,view_manifest,standard,success,0
OP000440,2026-06-13T20:42:17,STF1156,staff,,Airfield-Ops-Portal,view_manifest,standard,success,0
OP000112,2026-06-13T20:43:24,STF1118,staff,,Departure-Control-System,update_schedule,standard,success,0
OP002556,2026-06-13T20:44:35,STF1051,staff,,Gate-Management-System,read_sensor_status,standard,success,0
OP002151,2026-06-13T20:51:16,VND2027,vendor,Meridian Aircraft Maintenance,Airfield-Ops-Portal,view_manifest,standard,success,0
OP002058,2026-06-13T21:14:24,STF1068,staff,,Departure-Control-System,modify_routing_rule,elevated,success,0
OP002615,2026-06-13T21:14:26,STF1165,staff,,Cargo-Manifest-System,read_sensor_status,standard,success,0
OP001590,2026-06-13T21:25:27,STF1073,staff,,Gate-Management-System,update_schedule,standard,success,0
OP000813,2026-06-13T21:28:01,STF1123,staff,,Departure-Control-System,update_schedule,standard,success,0
OP001648,2026-06-13T21:28:51,VND2017,vendor,Horizon Cleaning Services,Gate-Management-System,update_schedule,standard,success,0
OP000764,2026-06-13T21:41:21,STF1146,staff,,Baggage-Handling-System,update_schedule,standard,success,0
OP003002,2026-06-13T23:50:02,VND2017,vendor,Horizon Cleaning Services,Airfield-Ops-Portal,view_manifest,standard,success,0
OP002098,2026-06-14T00:35:37,VND2032,vendor,AeroFuel Solutions,Departure-Control-System,read_sensor_status,standard,success,0
OP001565,2026-06-14T02:40:22,STF1037,staff,,Baggage-Handling-System,read_sensor_status,standard,success,0
OP001500,2026-06-14T02:48:43,STF1039,staff,,Departure-Control-System,read_sensor_status,standard,success,0
OP001098,2026-06-14T03:12:56,STF1141,staff,,Gate-Management-System,update_schedule,standard,success,0
OP002378,2026-06-14T06:04:35,VND2004,vendor,Falcon Cargo Handling,Airfield-Ops-Portal,read_sensor_status,standard,success,0
OP000376,2026-06-14T06:08:23,VND2032,vendor,AeroFuel Solutions,Departure-Control-System,view_manifest,standard,success,0
OP001426,2026-06-14T06:14:03,VND2006,vendor,Coastal Catering Co,Airfield-Ops-Portal,view_manifest,standard,success,0
OP000931,2026-06-14T06:38:14,STF1098,staff,,Departure-Control-System,view_manifest,standard,success,0
OP002713,2026-06-14T06:42:11,VND2008,vendor,SkyLink Ground Services,Cargo-Manifest-System,view_manifest,standard,success,0
OP002611,2026-06-14T07:04:16,STF1161,staff,,Cargo-Manifest-System,export_report,standard,success,0
OP002701,2026-06-14T07:52:55,VND2028,vendor,Horizon Cleaning Services,Airfield-Ops-Portal,export_report,standard,success,0
OP002490,2026-06-14T07:57:46,VND2023,vendor,SkyLink Ground Services,Departure-Control-System,download_bulk_data,elevated,success,1
OP002040,2026-06-14T08:14:10,STF1127,staff,,Airfield-Ops-Portal,modify_routing_rule,elevated,success,0
OP002664,2026-06-14T09:01:35,STF1100,staff,,Cargo-Manifest-System,view_manifest,standard,success,0
OP000553,2026-06-14T09:14:37,STF1139,staff,,Baggage-Handling-System,read_sensor_status,standard,success,0
OP001966,2026-06-14T09:36:57,STF1126,staff,,Baggage-Handling-System,view_manifest,standard,success,0
OP002833,2026-06-14T09:37:36,STF1100,staff,,Airfield-Ops-Portal,read_sensor_status,standard,success,0
OP002651,2026-06-14T10:00:21,VND2017,vendor,Horizon Cleaning Services,Departure-Control-System,modify_routing_rule,elevated,success,0
OP002612,2026-06-14T10:07:44,VND2005,vendor,AeroFuel Solutions,Gate-Management-System,update_schedule,standard,success,0
OP001599,2026-06-14T10:14:04,VND2005,vendor,AeroFuel Solutions,Gate-Management-System,export_report,standard,success,0
OP001771,2026-06-14T10:18:00,STF1140,staff,,Departure-Control-System,view_manifest,standard,success,0
OP001885,2026-06-14T10:19:15,STF1085,staff,,Airfield-Ops-Portal,read_sensor_status,standard,success,0
OP001539,2026-06-14T11:01:46,STF1001,staff,,Gate-Management-System,admin_config_change,elevated,success,0
OP000421,2026-06-14T11:04:55,VND2026,vendor,Horizon Cleaning Services,Cargo-Manifest-System,view_manifest,standard,success,0
OP001838,2026-06-14T11:11:58,STF1015,staff,,Cargo-Manifest-System,view_manifest,standard,success,0
OP001842,2026-06-14T11:18:14,STF1012,staff,,Departure-Control-System,export_report,standard,success,0
OP002690,2026-06-14T11:35:25,STF1083,staff,,Airfield-Ops-Portal,update_schedule,standard,success,0
OP000448,2026-06-14T11:39:56,STF1156,staff,,Departure-Control-System,update_schedule,standard,success,0
OP000691,2026-06-14T11:43:51,STF1036,staff,,Baggage-Handling-System,export_report,standard,success,0
OP000575,2026-06-14T11:44:28,STF1025,staff,,Departure-Control-System,view_manifest,standard,success,0
OP001411,2026-06-14T12:09:17,STF1146,staff,,Airfield-Ops-Portal,export_report,standard,success,0
OP002588,2026-06-14T12:24:52,STF1071,staff,,Gate-Management-System,export_report,standard,success,0
OP000370,2026-06-14T12:31:31,VND2033,vendor,Meridian Aircraft Maintenance,Baggage-Handling-System,admin_config_change,elevated,success,0
OP001238,2026-06-14T12:38:56,VND2024,vendor,AeroFuel Solutions,Departure-Control-System,export_report,standard,success,0
OP001250,2026-06-14T12:43:08,STF1084,staff,,Airfield-Ops-Portal,export_report,standard,success,0
OP002796,2026-06-14T12:49:04,STF1081,staff,,Departure-Control-System,export_report,standard,success,0
OP002370,2026-06-14T13:05:55,VND2019,vendor,Falcon Cargo Handling,Gate-Management-System,view_manifest,standard,success,0
OP001475,2026-06-14T13:25:39,STF1039,staff,,Gate-Management-System,view_manifest,standard,success,0
OP002584,2026-06-14T13:36:56,STF1039,staff,,Departure-Control-System,update_schedule,standard,success,0
OP000346,2026-06-14T13:41:43,VND2019,vendor,Falcon Cargo Handling,Cargo-Manifest-System,update_schedule,standard,success,0
OP001580,2026-06-14T14:04:46,VND2026,vendor,Horizon Cleaning Services,Gate-Management-System,view_manifest,standard,success,0
OP002320,2026-06-14T14:34:17,STF1045,staff,,Airfield-Ops-Portal,view_manifest,standard,success,0
OP000256,2026-06-14T15:28:02,STF1127,staff,,Gate-Management-System,view_manifest,standard,success,0
OP002563,2026-06-14T15:36:37,STF1168,staff,,Departure-Control-System,modify_routing_rule,elevated,success,0
OP001653,2026-06-14T15:40:21,STF1085,staff,,Cargo-Manifest-System,view_manifest,standard,success,0
OP002825,2026-06-14T16:09:14,VND2013,vendor,Falcon Cargo Handling,Cargo-Manifest-System,view_manifest,standard,success,0
OP000951,2026-06-14T16:31:15,STF1090,staff,,Cargo-Manifest-System,update_schedule,standard,success,0
OP000790,2026-06-14T16:37:04,VND2016,vendor,AeroFuel Solutions,Baggage-Handling-System,modify_routing_rule,elevated,success,0
OP002009,2026-06-14T16:38:03,VND2030,vendor,Meridian Aircraft Maintenance,Airfield-Ops-Portal,read_sensor_status,standard,success,0
OP001861,2026-06-14T16:46:16,STF1075,staff,,Cargo-Manifest-System,export_report,standard,denied,0
OP002136,2026-06-14T16:51:05,VND2028,vendor,Horizon Cleaning Services,Cargo-Manifest-System,create_user,elevated,success,0
OP002273,2026-06-14T16:51:56,STF1031,staff,,Baggage-Handling-System,view_manifest,standard,success,0
OP001196,2026-06-14T16:53:11,STF1072,staff,,Airfield-Ops-Portal,admin_config_change,elevated,success,0
OP002431,2026-06-14T17:02:10,VND2002,vendor,Horizon Cleaning Services,Airfield-Ops-Portal,view_manifest,standard,success,0
OP000061,2026-06-14T17:12:36,VND2014,vendor,AeroFuel Solutions,Airfield-Ops-Portal,update_schedule,standard,success,0
OP000136,2026-06-14T18:13:05,STF1087,staff,,Cargo-Manifest-System,export_report,standard,success,0
OP000075,2026-06-14T18:14:15,VND2008,vendor,SkyLink Ground Services,Baggage-Handling-System,update_schedule,standard,denied,0
OP000999,2026-06-14T18:30:35,VND2025,vendor,SkyLink Ground Services,Gate-Management-System,read_sensor_status,standard,success,0
OP002289,2026-06-14T18:37:54,STF1110,staff,,Airfield-Ops-Portal,view_manifest,standard,success,0
OP000732,2026-06-14T18:44:58,STF1049,staff,,Airfield-Ops-Portal,download_bulk_data,elevated,success,0
OP000128,2026-06-14T19:41:00,VND2031,vendor,Meridian Aircraft Maintenance,Gate-Management-System,admin_config_change,elevated,success,0
OP002381,2026-06-14T20:24:04,STF1022,staff,,Baggage-Handling-System,admin_config_change,elevated,success,0
OP002087,2026-06-14T20:28:24,STF1046,staff,,Gate-Management-System,view_manifest,standard,success,0
OP000821,2026-06-14T20:43:20,STF1126,staff,,Baggage-Handling-System,update_schedule,standard,success,0
OP001963,2026-06-14T20:51:55,STF1095,staff,,Airfield-Ops-Portal,update_schedule,standard,success,0
OP000811,2026-06-14T20:55:15,VND2025,vendor,SkyLink Ground Services,Departure-Control-System,read_sensor_status,standard,success,0
OP001975,2026-06-14T21:03:30,STF1147,staff,,Gate-Management-System,read_sensor_status,standard,success,0
OP000808,2026-06-14T21:14:10,STF1152,staff,,Gate-Management-System,update_schedule,standard,success,0
OP003036,2026-06-14T21:25:16,VND2007,vendor,SkyLink Ground Services,Baggage-Handling-System,read_sensor_status,standard,success,0
OP001929,2026-06-14T21:39:29,VND2020,vendor,Coastal Catering Co,Cargo-Manifest-System,view_manifest,standard,success,0
OP000802,2026-06-14T21:47:50,STF1139,staff,,Airfield-Ops-Portal,view_manifest,standard,success,0
OP002482,2026-06-15T00:37:00,STF1166,staff,,Airfield-Ops-Portal,view_manifest,standard,success,0
OP003033,2026-06-15T01:18:19,STF1030,staff,,Departure-Control-System,view_manifest,standard,success,0
OP000555,2026-06-15T04:22:17,STF1052,staff,,Departure-Control-System,view_manifest,standard,success,0
OP002277,2026-06-15T04:53:25,STF1167,staff,,Airfield-Ops-Portal,view_manifest,standard,success,0
OP001437,2026-06-15T06:03:25,VND2033,vendor,Meridian Aircraft Maintenance,Departure-Control-System,download_bulk_data,elevated,denied,1
OP002746,2026-06-15T06:06:27,STF1153,staff,,Gate-Management-System,view_manifest,standard,success,0
OP000219,2026-06-15T06:33:57,VND2016,vendor,AeroFuel Solutions,Departure-Control-System,export_report,standard,success,0
OP001331,2026-06-15T06:34:33,STF1008,staff,,Departure-Control-System,update_schedule,standard,success,0
OP002369,2026-06-15T07:29:39,STF1032,staff,,Departure-Control-System,read_sensor_status,standard,success,0
OP001037,2026-06-15T07:37:04,VND2026,vendor,Horizon Cleaning Services,Airfield-Ops-Portal,read_sensor_status,standard,success,0
OP000276,2026-06-15T07:40:08,STF1045,staff,,Baggage-Handling-System,read_sensor_status,standard,success,0
OP003045,2026-06-15T07:40:10,VND2011,vendor,Falcon Cargo Handling,Baggage-Handling-System,view_manifest,standard,success,0
OP002512,2026-06-15T07:47:20,VND2010,vendor,SkyLink Ground Services,Cargo-Manifest-System,view_manifest,standard,success,0
OP001574,2026-06-15T08:02:39,STF1108,staff,,Cargo-Manifest-System,view_manifest,standard,success,0
OP000915,2026-06-15T08:15:42,STF1162,staff,,Gate-Management-System,export_report,standard,success,0
OP002716,2026-06-15T08:25:33,STF1091,staff,,Gate-Management-System,modify_routing_rule,elevated,success,0
OP000186,2026-06-15T08:36:57,STF1097,staff,,Departure-Control-System,update_schedule,standard,success,0
OP001935,2026-06-15T08:37:04,VND2023,vendor,SkyLink Ground Services,Departure-Control-System,view_manifest,standard,success,0
OP001573,2026-06-15T08:49:10,STF1099,staff,,Cargo-Manifest-System,view_manifest,standard,success,0
OP001606,2026-06-15T08:56:53,STF1040,staff,,Departure-Control-System,view_manifest,standard,success,0
OP000242,2026-06-15T08:59:44,STF1012,staff,,Airfield-Ops-Portal,export_report,standard,success,0
OP002891,2026-06-15T09:02:26,STF1115,staff,,Departure-Control-System,download_bulk_data,elevated,success,0
OP001205,2026-06-15T09:16:11,VND2013,vendor,Falcon Cargo Handling,Airfield-Ops-Portal,download_bulk_data,elevated,success,0
OP001162,2026-06-15T09:49:56,STF1100,staff,,Baggage-Handling-System,export_report,standard,success,0
OP002065,2026-06-15T09:51:09,STF1062,staff,,Baggage-Handling-System,view_manifest,standard,success,0
OP001898,2026-06-15T10:05:10,VND2006,vendor,Coastal Catering Co,Gate-Management-System,update_schedule,standard,success,0
OP001125,2026-06-15T10:15:18,STF1021,staff,,Baggage-Handling-System,admin_config_change,elevated,success,0
OP000540,2026-06-15T10:30:21,VND2011,vendor,Falcon Cargo Handling,Airfield-Ops-Portal,read_sensor_status,standard,success,0
OP002840,2026-06-15T10:34:28,STF1062,staff,,Cargo-Manifest-System,admin_config_change,elevated,success,0
OP002067,2026-06-15T10:59:18,VND2025,vendor,SkyLink Ground Services,Departure-Control-System,export_report,standard,success,0
OP003010,2026-06-15T11:04:49,STF1121,staff,,Baggage-Handling-System,read_sensor_status,standard,success,0
OP000814,2026-06-15T11:18:04,STF1142,staff,,Departure-Control-System,modify_routing_rule,elevated,success,0
OP002720,2026-06-15T11:35:53,STF1112,staff,,Baggage-Handling-System,read_sensor_status,standard,success,0
OP001585,2026-06-15T11:37:10,STF1045,staff,,Gate-Management-System,update_schedule,standard,success,0
OP001144,2026-06-15T11:41:19,STF1097,staff,,Departure-Control-System,view_manifest,standard,success,0
OP001265,2026-06-15T11:42:25,VND2020,vendor,Coastal Catering Co,Cargo-Manifest-System,view_manifest,standard,success,0
OP002801,2026-06-15T12:09:08,STF1033,staff,,Gate-Management-System,read_sensor_status,standard,success,0
OP002119,2026-06-15T12:24:14,STF1099,staff,,Departure-Control-System,read_sensor_status,standard,success,0
OP001393,2026-06-15T12:24:20,VND2029,vendor,Horizon Cleaning Services,Baggage-Handling-System,view_manifest,standard,success,0
OP002966,2026-06-15T12:24:49,STF1065,staff,,Gate-Management-System,modify_routing_rule,elevated,success,0
OP002172,2026-06-15T12:25:40,VND2015,vendor,AeroFuel Solutions,Baggage-Handling-System,modify_routing_rule,elevated,success,0
OP002361,2026-06-15T12:27:07,VND2012,vendor,AeroFuel Solutions,Departure-Control-System,admin_config_change,elevated,success,0
OP002831,2026-06-15T12:32:35,VND2012,vendor,AeroFuel Solutions,Airfield-Ops-Portal,export_report,standard,success,0
OP001947,2026-06-15T12:45:26,STF1179,staff,,Cargo-Manifest-System,read_sensor_status,standard,success,0
OP000423,2026-06-15T12:51:33,STF1107,staff,,Departure-Control-System,view_manifest,standard,success,0
OP002763,2026-06-15T13:02:16,STF1115,staff,,Departure-Control-System,view_manifest,standard,success,0
OP002387,2026-06-15T13:21:15,STF1021,staff,,Airfield-Ops-Portal,view_manifest,standard,success,0
OP000573,2026-06-15T13:23:47,STF1174,staff,,Gate-Management-System,view_manifest,standard,success,0
OP001211,2026-06-15T13:39:37,VND2016,vendor,AeroFuel Solutions,Departure-Control-System,read_sensor_status,standard,success,0
OP002206,2026-06-15T13:48:19,STF1075,staff,,Cargo-Manifest-System,update_schedule,standard,success,0
OP000497,2026-06-15T14:07:34,STF1160,staff,,Cargo-Manifest-System,update_schedule,standard,success,0
OP001782,2026-06-15T14:08:12,VND2022,vendor,Falcon Cargo Handling,Departure-Control-System,export_report,standard,success,0
OP002518,2026-06-15T14:21:44,VND2032,vendor,AeroFuel Solutions,Departure-Control-System,read_sensor_status,standard,success,0
OP000478,2026-06-15T14:37:42,STF1093,staff,,Airfield-Ops-Portal,view_manifest,standard,success,0
OP000933,2026-06-15T14:39:46,STF1155,staff,,Cargo-Manifest-System,download_bulk_data,elevated,success,0
OP002143,2026-06-15T14:43:59,VND2010,vendor,SkyLink Ground Services,Airfield-Ops-Portal,export_report,standard,success,0
OP000021,2026-06-15T14:44:08,VND2004,vendor,Falcon Cargo Handling,Airfield-Ops-Portal,read_sensor_status,standard,success,0
OP000639,2026-06-15T14:58:07,STF1179,staff,,Departure-Control-System,update_schedule,standard,success,0
OP001054,2026-06-15T15:23:59,STF1065,staff,,Cargo-Manifest-System,create_user,elevated,success,0
OP002441,2026-06-15T15:44:15,STF1100,staff,,Departure-Control-System,update_schedule,standard,success,0
OP000763,2026-06-15T16:06:25,VND2003,vendor,Falcon Cargo Handling,Airfield-Ops-Portal,update_schedule,standard,success,0
OP001108,2026-06-15T16:12:12,STF1162,staff,,Airfield-Ops-Portal,view_manifest,standard,success,0
OP002316,2026-06-15T16:26:13,VND2002,vendor,Horizon Cleaning Services,Cargo-Manifest-System,admin_config_change,elevated,success,0
OP002633,2026-06-15T16:29:42,VND2019,vendor,Falcon Cargo Handling,Baggage-Handling-System,view_manifest,standard,success,0
OP001927,2026-06-15T16:30:17,STF1125,staff,,Departure-Control-System,view_manifest,standard,success,0
OP000862,2026-06-15T16:30:59,STF1094,staff,,Departure-Control-System,export_report,standard,success,0
OP000654,2026-06-15T16:41:22,STF1113,staff,,Cargo-Manifest-System,admin_config_change,elevated,denied,0
OP000625,2026-06-15T17:09:04,VND2020,vendor,Coastal Catering Co,Baggage-Handling-System,view_manifest,standard,success,0
OP000145,2026-06-15T17:27:45,STF1102,staff,,Gate-Management-System,read_sensor_status,standard,success,0
OP000399,2026-06-15T17:58:13,STF1040,staff,,Gate-Management-System,view_manifest,standard,success,0
OP002059,2026-06-15T17:59:30,STF1128,staff,,Airfield-Ops-Portal,create_user,elevated,success,0
OP002323,2026-06-15T18:08:21,STF1171,staff,,Cargo-Manifest-System,read_sensor_status,standard,success,0
OP003090,2026-06-15T18:39:56,STF1148,staff,,Cargo-Manifest-System,export_report,standard,success,0
OP001446,2026-06-15T19:02:45,STF1141,staff,,Departure-Control-System,update_schedule,standard,success,0
OP002357,2026-06-15T19:08:12,VND2029,vendor,Horizon Cleaning Services,Airfield-Ops-Portal,create_user,elevated,success,0
OP001560,2026-06-15T19:23:33,STF1074,staff,,Departure-Control-System,view_manifest,standard,success,0
OP000678,2026-06-15T21:03:15,STF1160,staff,,Departure-Control-System,modify_routing_rule,elevated,success,1
OP001547,2026-06-15T21:15:48,STF1099,staff,,Baggage-Handling-System,download_bulk_data,elevated,success,0
OP002215,2026-06-15T21:20:10,VND2022,vendor,Falcon Cargo Handling,Baggage-Handling-System,update_schedule,standard,success,0
OP002348,2026-06-15T21:20:37,STF1125,staff,,Airfield-Ops-Portal,export_report,standard,success,0
OP002501,2026-06-15T21:37:56,STF1008,staff,,Baggage-Handling-System,update_schedule,standard,success,0
OP001217,2026-06-15T21:51:09,VND2002,vendor,Horizon Cleaning Services,Baggage-Handling-System,update_schedule,standard,denied,0
OP001644,2026-06-15T23:19:08,STF1126,staff,,Gate-Management-System,read_sensor_status,standard,success,0
OP001312,2026-06-16T00:01:10,STF1008,staff,,Cargo-Manifest-System,read_sensor_status,standard,success,0
OP000929,2026-06-16T00:20:23,STF1165,staff,,Airfield-Ops-Portal,read_sensor_status,standard,success,0
OP000066,2026-06-16T00:39:52,STF1046,staff,,Cargo-Manifest-System,view_manifest,standard,success,0
OP002070,2026-06-16T01:07:35,VND2030,vendor,Meridian Aircraft Maintenance,Gate-Management-System,view_manifest,standard,success,0
OP001296,2026-06-16T02:01:41,STF1098,staff,,Baggage-Handling-System,download_bulk_data,elevated,success,0
OP002447,2026-06-16T02:03:54,VND2023,vendor,SkyLink Ground Services,Departure-Control-System,create_user,elevated,success,1
OP001790,2026-06-16T02:46:00,VND2033,vendor,Meridian Aircraft Maintenance,Gate-Management-System,create_user,elevated,success,1
OP001067,2026-06-16T06:00:56,STF1155,staff,,Departure-Control-System,view_manifest,standard,success,0
OP002483,2026-06-16T06:22:05,VND2034,vendor,SkyLink Ground Services,Airfield-Ops-Portal,export_report,standard,success,0
OP002461,2026-06-16T06:23:33,STF1029,staff,,Airfield-Ops-Portal,update_schedule,standard,success,0
OP000400,2026-06-16T06:48:08,STF1109,staff,,Airfield-Ops-Portal,create_user,elevated,success,0
OP002605,2026-06-16T07:15:55,VND2034,vendor,SkyLink Ground Services,Departure-Control-System,update_schedule,standard,success,0
OP000483,2026-06-16T07:21:47,VND2022,vendor,Falcon Cargo Handling,Airfield-Ops-Portal,view_manifest,standard,success,0
OP000829,2026-06-16T07:22:46,STF1064,staff,,Cargo-Manifest-System,admin_config_change,elevated,success,0
OP001579,2026-06-16T07:42:47,STF1162,staff,,Airfield-Ops-Portal,create_user,elevated,success,0
OP000450,2026-06-16T07:45:42,VND2009,vendor,Falcon Cargo Handling,Baggage-Handling-System,create_user,elevated,success,0
OP000117,2026-06-16T07:54:35,STF1076,staff,,Cargo-Manifest-System,export_report,standard,success,0
OP003019,2026-06-16T08:09:24,STF1174,staff,,Gate-Management-System,update_schedule,standard,success,0
OP000058,2026-06-16T08:19:42,STF1157,staff,,Cargo-Manifest-System,view_manifest,standard,success,0
OP002647,2026-06-16T09:29:55,STF1109,staff,,Baggage-Handling-System,modify_routing_rule,elevated,success,0
OP000566,2026-06-16T09:58:14,STF1149,staff,,Airfield-Ops-Portal,update_schedule,standard,success,0
OP002971,2026-06-16T10:17:25,STF1004,staff,,Airfield-Ops-Portal,view_manifest,standard,success,0
OP001765,2026-06-16T11:06:16,STF1149,staff,,Departure-Control-System,view_manifest,standard,success,0
OP002987,2026-06-16T11:22:27,VND2017,vendor,Horizon Cleaning Services,Departure-Control-System,read_sensor_status,standard,success,0
OP001007,2026-06-16T11:23:55,STF1031,staff,,Cargo-Manifest-System,export_report,standard,success,0
OP000725,2026-06-16T11:34:33,STF1010,staff,,Gate-Management-System,read_sensor_status,standard,success,0
OP002527,2026-06-16T11:41:17,STF1097,staff,,Gate-Management-System,download_bulk_data,elevated,success,0
OP000988,2026-06-16T11:47:14,STF1124,staff,,Airfield-Ops-Portal,export_report,standard,success,0
OP000462,2026-06-16T11:54:40,STF1001,staff,,Gate-Management-System,admin_config_change,elevated,success,0
OP000746,2026-06-16T12:28:06,STF1136,staff,,Baggage-Handling-System,export_report,standard,success,0
OP001103,2026-06-16T12:42:53,STF1082,staff,,Airfield-Ops-Portal,view_manifest,standard,success,0
OP002734,2026-06-16T13:04:18,VND2023,vendor,SkyLink Ground Services,Gate-Management-System,admin_config_change,elevated,denied,1
OP000352,2026-06-16T13:04:39,VND2021,vendor,Falcon Cargo Handling,Departure-Control-System,admin_config_change,elevated,success,0
OP001694,2026-06-16T13:06:24,STF1061,staff,,Departure-Control-System,read_sensor_status,standard,success,0
OP000866,2026-06-16T13:27:47,STF1087,staff,,Cargo-Manifest-System,read_sensor_status,standard,success,0
OP000659,2026-06-16T14:43:29,STF1073,staff,,Departure-Control-System,update_schedule,standard,success,0
OP002259,2026-06-16T14:59:07,STF1028,staff,,Baggage-Handling-System,view_manifest,standard,success,0
OP002414,2026-06-16T15:02:59,STF1172,staff,,Cargo-Manifest-System,download_bulk_data,elevated,success,0
OP000799,2026-06-16T15:09:03,VND2024,vendor,AeroFuel Solutions,Gate-Management-System,update_schedule,standard,success,0
OP000887,2026-06-16T15:36:01,STF1144,staff,,Gate-Management-System,modify_routing_rule,elevated,success,0
OP000546,2026-06-16T15:54:42,VND2003,vendor,Falcon Cargo Handling,Cargo-Manifest-System,view_manifest,standard,success,0
OP001433,2026-06-16T16:16:41,VND2000,vendor,SkyLink Ground Services,Gate-Management-System,view_manifest,standard,success,0
OP000749,2026-06-16T16:24:25,STF1102,staff,,Baggage-Handling-System,view_manifest,standard,success,0
OP000224,2026-06-16T16:41:43,VND2001,vendor,Meridian Aircraft Maintenance,Gate-Management-System,view_manifest,standard,success,0
OP000665,2026-06-16T16:43:50,STF1082,staff,,Departure-Control-System,update_schedule,standard,success,0
OP002108,2026-06-16T17:59:13,VND2024,vendor,AeroFuel Solutions,Baggage-Handling-System,update_schedule,standard,success,0
OP000998,2026-06-16T18:03:40,VND2008,vendor,SkyLink Ground Services,Departure-Control-System,view_manifest,standard,success,0
OP000777,2026-06-16T18:12:41,STF1046,staff,,Baggage-Handling-System,read_sensor_status,standard,success,0
OP000669,2026-06-16T18:53:09,VND2004,vendor,Falcon Cargo Handling,Cargo-Manifest-System,read_sensor_status,standard,success,0
OP000402,2026-06-16T18:57:18,STF1166,staff,,Departure-Control-System,export_report,standard,success,0
OP002714,2026-06-16T19:52:12,STF1099,staff,,Cargo-Manifest-System,read_sensor_status,standard,success,0
OP001909,2026-06-16T20:09:56,VND2033,vendor,Meridian Aircraft Maintenance,Gate-Management-System,export_report,standard,success,0
OP001829,2026-06-16T20:45:10,STF1083,staff,,Cargo-Manifest-System,update_schedule,standard,success,0
OP000754,2026-06-16T20:47:53,STF1073,staff,,Gate-Management-System,view_manifest,standard,success,0
OP000756,2026-06-16T21:09:49,STF1062,staff,,Departure-Control-System,view_manifest,standard,success,0
OP001079,2026-06-16T21:10:11,STF1134,staff,,Departure-Control-System,export_report,standard,success,0
OP000644,2026-06-16T21:29:19,STF1168,staff,,Departure-Control-System,admin_config_change,elevated,success,0
OP002721,2026-06-16T21:31:01,STF1070,staff,,Cargo-Manifest-System,read_sensor_status,standard,success,0
OP001278,2026-06-16T21:39:30,STF1147,staff,,Departure-Control-System,admin_config_change,elevated,success,0
OP000016,2026-06-17T04:01:04,STF1105,staff,,Baggage-Handling-System,view_manifest,standard,success,0
OP001990,2026-06-17T04:11:11,VND2026,vendor,Horizon Cleaning Services,Gate-Management-System,export_report,standard,success,0
OP001133,2026-06-17T06:09:16,STF1160,staff,,Baggage-Handling-System,update_schedule,standard,success,0
OP002852,2026-06-17T06:10:56,STF1116,staff,,Baggage-Handling-System,modify_routing_rule,elevated,success,0
OP002195,2026-06-17T06:14:30,STF1177,staff,,Baggage-Handling-System,read_sensor_status,standard,success,0
OP001094,2026-06-17T07:24:55,STF1028,staff,,Airfield-Ops-Portal,view_manifest,standard,success,0
OP001745,2026-06-17T07:57:03,STF1027,staff,,Baggage-Handling-System,view_manifest,standard,success,0
OP002499,2026-06-17T08:29:43,VND2006,vendor,Coastal Catering Co,Airfield-Ops-Portal,update_schedule,standard,success,0
OP001903,2026-06-17T08:36:34,STF1069,staff,,Cargo-Manifest-System,export_report,standard,success,0
OP002517,2026-06-17T08:51:23,STF1009,staff,,Departure-Control-System,update_schedule,standard,success,0
OP002274,2026-06-17T09:20:37,STF1010,staff,,Departure-Control-System,read_sensor_status,standard,success,0
OP001372,2026-06-17T09:50:29,STF1165,staff,,Baggage-Handling-System,export_report,standard,success,0
OP001624,2026-06-17T09:57:03,STF1063,staff,,Baggage-Handling-System,update_schedule,standard,success,0
OP001343,2026-06-17T10:06:35,STF1041,staff,,Airfield-Ops-Portal,read_sensor_status,standard,denied,0
OP000131,2026-06-17T10:26:07,STF1011,staff,,Airfield-Ops-Portal,view_manifest,standard,success,0
OP001167,2026-06-17T10:27:59,STF1152,staff,,Cargo-Manifest-System,view_manifest,standard,success,0
OP001525,2026-06-17T10:55:25,STF1172,staff,,Baggage-Handling-System,read_sensor_status,standard,success,0
OP001099,2026-06-17T11:06:05,VND2019,vendor,Falcon Cargo Handling,Cargo-Manifest-System,view_manifest,standard,success,0
OP002755,2026-06-17T11:11:35,STF1156,staff,,Baggage-Handling-System,read_sensor_status,standard,success,0
OP002495,2026-06-17T11:23:23,VND2032,vendor,AeroFuel Solutions,Airfield-Ops-Portal,download_bulk_data,elevated,success,0
OP002197,2026-06-17T11:53:39,VND2016,vendor,AeroFuel Solutions,Departure-Control-System,view_manifest,standard,success,0
OP002979,2026-06-17T11:59:10,VND2026,vendor,Horizon Cleaning Services,Airfield-Ops-Portal,view_manifest,standard,success,0
OP000108,2026-06-17T12:12:23,STF1072,staff,,Airfield-Ops-Portal,read_sensor_status,standard,success,0
OP001012,2026-06-17T12:27:26,VND2034,vendor,SkyLink Ground Services,Cargo-Manifest-System,admin_config_change,elevated,denied,0
OP002985,2026-06-17T12:44:43,STF1078,staff,,Baggage-Handling-System,update_schedule,standard,success,0
OP001192,2026-06-17T12:50:35,STF1029,staff,,Departure-Control-System,view_manifest,standard,success,0
OP002445,2026-06-17T13:14:04,STF1106,staff,,Baggage-Handling-System,export_report,standard,success,0
OP001913,2026-06-17T13:41:33,VND2013,vendor,Falcon Cargo Handling,Airfield-Ops-Portal,update_schedule,standard,success,0
OP001237,2026-06-17T13:44:13,VND2024,vendor,AeroFuel Solutions,Airfield-Ops-Portal,create_user,elevated,success,0
OP002655,2026-06-17T13:59:22,STF1072,staff,,Cargo-Manifest-System,view_manifest,standard,success,0
OP002845,2026-06-17T14:35:50,STF1023,staff,,Baggage-Handling-System,export_report,standard,success,0
OP001292,2026-06-17T14:40:05,STF1134,staff,,Airfield-Ops-Portal,create_user,elevated,success,0
OP001557,2026-06-17T14:57:47,STF1060,staff,,Cargo-Manifest-System,export_report,standard,success,0
OP002025,2026-06-17T15:03:09,STF1095,staff,,Airfield-Ops-Portal,read_sensor_status,standard,success,0
OP001665,2026-06-17T15:17:31,STF1101,staff,,Gate-Management-System,admin_config_change,elevated,success,0
OP001737,2026-06-17T15:38:05,STF1072,staff,,Cargo-Manifest-System,export_report,standard,success,0
OP001734,2026-06-17T15:52:00,VND2021,vendor,Falcon Cargo Handling,Airfield-Ops-Portal,modify_routing_rule,elevated,success,0
OP002900,2026-06-17T15:56:39,STF1166,staff,,Airfield-Ops-Portal,view_manifest,standard,success,0
OP002313,2026-06-17T16:10:43,STF1017,staff,,Cargo-Manifest-System,modify_routing_rule,elevated,success,0
OP001300,2026-06-17T16:27:56,STF1115,staff,,Gate-Management-System,view_manifest,standard,success,0
OP002256,2026-06-17T16:35:25,STF1105,staff,,Baggage-Handling-System,read_sensor_status,standard,success,0
OP001528,2026-06-17T16:39:55,STF1122,staff,,Airfield-Ops-Portal,download_bulk_data,elevated,success,0
OP002503,2026-06-17T16:45:17,STF1078,staff,,Airfield-Ops-Portal,read_sensor_status,standard,success,0
OP002913,2026-06-17T17:37:52,VND2006,vendor,Coastal Catering Co,Departure-Control-System,create_user,elevated,success,0
OP002662,2026-06-17T18:03:35,STF1178,staff,,Cargo-Manifest-System,admin_config_change,elevated,success,0
OP000124,2026-06-17T18:24:53,STF1023,staff,,Baggage-Handling-System,view_manifest,standard,success,0
OP000272,2026-06-17T18:41:56,STF1080,staff,,Baggage-Handling-System,view_manifest,standard,success,0
OP001409,2026-06-17T18:47:49,STF1028,staff,,Gate-Management-System,update_schedule,standard,success,0
OP001931,2026-06-17T18:49:27,STF1109,staff,,Baggage-Handling-System,export_report,standard,success,0
OP002618,2026-06-17T19:02:00,VND2015,vendor,AeroFuel Solutions,Gate-Management-System,update_schedule,standard,success,0
OP001807,2026-06-17T19:06:09,STF1008,staff,,Gate-Management-System,read_sensor_status,standard,success,0
OP002389,2026-06-17T20:03:04,STF1145,staff,,Cargo-Manifest-System,download_bulk_data,elevated,success,0
OP002542,2026-06-17T20:05:21,VND2024,vendor,AeroFuel Solutions,Airfield-Ops-Portal,view_manifest,standard,success,0
OP001357,2026-06-17T20:12:28,STF1092,staff,,Departure-Control-System,update_schedule,standard,success,0
OP002117,2026-06-17T20:19:36,VND2017,vendor,Horizon Cleaning Services,Baggage-Handling-System,export_report,standard,success,0
OP002671,2026-06-17T20:22:46,STF1046,staff,,Cargo-Manifest-System,modify_routing_rule,elevated,success,0
OP001833,2026-06-17T20:26:15,VND2014,vendor,AeroFuel Solutions,Gate-Management-System,update_schedule,standard,success,0
OP000049,2026-06-17T20:45:03,VND2029,vendor,Horizon Cleaning Services,Cargo-Manifest-System,download_bulk_data,elevated,success,0
OP001147,2026-06-17T20:59:59,STF1174,staff,,Gate-Management-System,update_schedule,standard,success,0
OP002766,2026-06-17T21:36:06,STF1011,staff,,Baggage-Handling-System,export_report,standard,success,0
OP002549,2026-06-18T00:59:29,STF1105,staff,,Airfield-Ops-Portal,update_schedule,standard,success,0
OP000820,2026-06-18T02:48:39,STF1137,staff,,Airfield-Ops-Portal,export_report,standard,success,0
OP001279,2026-06-18T03:39:40,STF1160,staff,,Gate-Management-System,create_user,elevated,success,1
OP000041,2026-06-18T03:50:12,STF1164,staff,,Airfield-Ops-Portal,admin_config_change,elevated,success,1
OP002269,2026-06-18T04:52:28,VND2019,vendor,Falcon Cargo Handling,Gate-Management-System,read_sensor_status,standard,success,0
OP001481,2026-06-18T06:14:27,STF1092,staff,,Airfield-Ops-Portal,modify_routing_rule,elevated,success,0
OP000169,2026-06-18T06:28:10,VND2018,vendor,Falcon Cargo Handling,Departure-Control-System,update_schedule,standard,denied,0
OP002715,2026-06-18T06:30:53,STF1051,staff,,Cargo-Manifest-System,update_schedule,standard,success,0
OP002209,2026-06-18T06:35:16,STF1102,staff,,Airfield-Ops-Portal,view_manifest,standard,success,0
OP001723,2026-06-18T06:47:52,STF1106,staff,,Baggage-Handling-System,read_sensor_status,standard,success,0
OP000571,2026-06-18T06:48:26,STF1156,staff,,Departure-Control-System,download_bulk_data,elevated,success,0
OP003034,2026-06-18T07:08:35,VND2016,vendor,AeroFuel Solutions,Cargo-Manifest-System,update_schedule,standard,success,0
OP000498,2026-06-18T07:14:24,STF1132,staff,,Gate-Management-System,view_manifest,standard,success,0
OP002416,2026-06-18T07:29:45,STF1150,staff,,Gate-Management-System,view_manifest,standard,success,0
OP000232,2026-06-18T08:02:39,STF1156,staff,,Departure-Control-System,view_manifest,standard,success,0
OP001994,2026-06-18T08:11:02,STF1046,staff,,Cargo-Manifest-System,update_schedule,standard,success,0
OP002986,2026-06-18T08:17:21,STF1124,staff,,Departure-Control-System,modify_routing_rule,elevated,success,0
OP001026,2026-06-18T08:17:56,VND2007,vendor,SkyLink Ground Services,Gate-Management-System,admin_config_change,elevated,success,0
OP000489,2026-06-18T08:54:58,STF1132,staff,,Departure-Control-System,update_schedule,standard,success,0
OP001493,2026-06-18T08:57:19,VND2005,vendor,AeroFuel Solutions,Departure-Control-System,modify_routing_rule,elevated,success,0
OP000363,2026-06-18T09:02:02,VND2004,vendor,Falcon Cargo Handling,Departure-Control-System,view_manifest,standard,success,0
OP001137,2026-06-18T09:05:30,VND2000,vendor,SkyLink Ground Services,Airfield-Ops-Portal,create_user,elevated,success,0
OP000623,2026-06-18T09:27:28,STF1164,staff,,Gate-Management-System,modify_routing_rule,elevated,success,0
OP000014,2026-06-18T09:31:11,VND2013,vendor,Falcon Cargo Handling,Gate-Management-System,export_report,standard,success,0
OP002340,2026-06-18T09:39:50,STF1067,staff,,Cargo-Manifest-System,download_bulk_data,elevated,success,0
OP002473,2026-06-18T09:57:18,STF1071,staff,,Departure-Control-System,modify_routing_rule,elevated,success,0
OP000214,2026-06-18T10:02:22,STF1065,staff,,Baggage-Handling-System,view_manifest,standard,success,0
OP002684,2026-06-18T10:11:14,STF1077,staff,,Departure-Control-System,export_report,standard,success,0
OP000609,2026-06-18T10:56:53,STF1082,staff,,Airfield-Ops-Portal,modify_routing_rule,elevated,success,0
OP000556,2026-06-18T11:00:26,STF1177,staff,,Departure-Control-System,view_manifest,standard,success,0
OP000696,2026-06-18T11:17:48,STF1119,staff,,Departure-Control-System,read_sensor_status,standard,success,0
OP002532,2026-06-18T11:31:01,STF1126,staff,,Departure-Control-System,view_manifest,standard,success,0
OP000586,2026-06-18T11:31:52,VND2000,vendor,SkyLink Ground Services,Departure-Control-System,export_report,standard,success,0
OP000254,2026-06-18T11:34:55,VND2004,vendor,Falcon Cargo Handling,Airfield-Ops-Portal,admin_config_change,elevated,success,0
OP001003,2026-06-18T11:51:46,VND2025,vendor,SkyLink Ground Services,Gate-Management-System,view_manifest,standard,success,0
OP001719,2026-06-18T11:52:47,VND2003,vendor,Falcon Cargo Handling,Airfield-Ops-Portal,modify_routing_rule,elevated,success,0
OP002268,2026-06-18T12:08:01,STF1065,staff,,Baggage-Handling-System,update_schedule,standard,success,0
OP001514,2026-06-18T12:17:15,STF1179,staff,,Gate-Management-System,create_user,elevated,success,0
OP003095,2026-06-18T12:40:33,STF1004,staff,,Cargo-Manifest-System,export_report,standard,success,0
OP001732,2026-06-18T13:28:22,STF1046,staff,,Gate-Management-System,view_manifest,standard,success,0
OP001306,2026-06-18T13:36:08,VND2031,vendor,Meridian Aircraft Maintenance,Airfield-Ops-Portal,admin_config_change,elevated,success,0
OP002328,2026-06-18T13:38:45,STF1152,staff,,Cargo-Manifest-System,view_manifest,standard,success,0
OP001623,2026-06-18T13:40:42,STF1014,staff,,Airfield-Ops-Portal,modify_routing_rule,elevated,success,0
OP002921,2026-06-18T13:58:26,STF1078,staff,,Baggage-Handling-System,view_manifest,standard,success,0
OP000897,2026-06-18T14:00:10,VND2018,vendor,Falcon Cargo Handling,Gate-Management-System,export_report,standard,success,0
OP000875,2026-06-18T14:26:52,STF1175,staff,,Gate-Management-System,read_sensor_status,standard,success,0
OP001634,2026-06-18T14:29:49,STF1129,staff,,Airfield-Ops-Portal,export_report,standard,success,0
OP002023,2026-06-18T14:33:27,VND2019,vendor,Falcon Cargo Handling,Gate-Management-System,view_manifest,standard,success,0
OP000156,2026-06-18T14:39:00,STF1090,staff,,Departure-Control-System,modify_routing_rule,elevated,success,0
OP001520,2026-06-18T14:39:12,VND2016,vendor,AeroFuel Solutions,Gate-Management-System,create_user,elevated,success,0
OP003001,2026-06-18T15:07:16,STF1129,staff,,Cargo-Manifest-System,view_manifest,standard,success,0
OP000347,2026-06-18T15:12:09,STF1092,staff,,Departure-Control-System,modify_routing_rule,elevated,success,0
OP002643,2026-06-18T15:47:18,STF1061,staff,,Departure-Control-System,export_report,standard,success,0
OP002131,2026-06-18T16:20:37,STF1166,staff,,Airfield-Ops-Portal,read_sensor_status,standard,success,0
OP000734,2026-06-18T16:20:41,STF1037,staff,,Departure-Control-System,view_manifest,standard,success,0
OP003087,2026-06-18T16:20:50,STF1040,staff,,Baggage-Handling-System,update_schedule,standard,success,0
OP002639,2026-06-18T16:33:54,VND2016,vendor,AeroFuel Solutions,Airfield-Ops-Portal,export_report,standard,success,0
OP000048,2026-06-18T16:35:14,VND2033,vendor,Meridian Aircraft Maintenance,Departure-Control-System,create_user,elevated,success,0
OP002400,2026-06-18T17:01:02,STF1011,staff,,Gate-Management-System,modify_routing_rule,elevated,success,0
OP002591,2026-06-18T17:10:00,VND2009,vendor,Falcon Cargo Handling,Gate-Management-System,view_manifest,standard,success,0
OP001465,2026-06-18T17:34:52,VND2000,vendor,SkyLink Ground Services,Departure-Control-System,modify_routing_rule,elevated,success,0
OP002669,2026-06-18T17:35:54,STF1043,staff,,Gate-Management-System,view_manifest,standard,denied,0
OP001210,2026-06-18T17:37:26,VND2022,vendor,Falcon Cargo Handling,Airfield-Ops-Portal,read_sensor_status,standard,success,0
OP001892,2026-06-18T17:43:51,STF1048,staff,,Airfield-Ops-Portal,view_manifest,standard,success,0
OP002576,2026-06-18T18:11:56,STF1092,staff,,Departure-Control-System,view_manifest,standard,success,0
OP002183,2026-06-18T18:17:36,VND2016,vendor,AeroFuel Solutions,Gate-Management-System,export_report,standard,success,0
OP002717,2026-06-18T18:22:49,VND2023,vendor,SkyLink Ground Services,Gate-Management-System,modify_routing_rule,elevated,success,1
OP001064,2026-06-18T18:53:51,STF1032,staff,,Baggage-Handling-System,view_manifest,standard,denied,0
OP002741,2026-06-18T18:57:09,VND2034,vendor,SkyLink Ground Services,Airfield-Ops-Portal,read_sensor_status,standard,success,0
OP002999,2026-06-18T19:02:20,STF1031,staff,,Departure-Control-System,download_bulk_data,elevated,success,0
OP002661,2026-06-18T19:10:44,STF1079,staff,,Departure-Control-System,view_manifest,standard,success,0
OP002466,2026-06-18T19:13:25,STF1097,staff,,Airfield-Ops-Portal,create_user,elevated,success,0
OP001809,2026-06-18T19:33:02,VND2019,vendor,Falcon Cargo Handling,Airfield-Ops-Portal,read_sensor_status,standard,success,0
OP002998,2026-06-18T19:41:13,STF1022,staff,,Airfield-Ops-Portal,export_report,standard,success,0
OP001245,2026-06-18T19:51:11,VND2026,vendor,Horizon Cleaning Services,Cargo-Manifest-System,read_sensor_status,standard,success,0
OP000958,2026-06-18T20:02:11,VND2017,vendor,Horizon Cleaning Services,Baggage-Handling-System,update_schedule,standard,denied,0
OP003088,2026-06-18T20:05:32,VND2009,vendor,Falcon Cargo Handling,Airfield-Ops-Portal,update_schedule,standard,success,0
OP000206,2026-06-18T20:09:33,VND2029,vendor,Horizon Cleaning Services,Baggage-Handling-System,create_user,elevated,success,0
OP002043,2026-06-18T20:10:48,STF1077,staff,,Baggage-Handling-System,view_manifest,standard,denied,0
OP000801,2026-06-18T20:13:35,STF1094,staff,,Airfield-Ops-Portal,read_sensor_status,standard,success,0
OP001767,2026-06-18T20:14:09,STF1051,staff,,Cargo-Manifest-System,view_manifest,standard,success,0
OP002608,2026-06-18T20:33:34,VND2015,vendor,AeroFuel Solutions,Gate-Management-System,modify_routing_rule,elevated,success,0
OP001311,2026-06-18T20:43:57,VND2009,vendor,Falcon Cargo Handling,Airfield-Ops-Portal,download_bulk_data,elevated,success,0
OP000921,2026-06-18T20:48:54,VND2005,vendor,AeroFuel Solutions,Gate-Management-System,view_manifest,standard,success,0
OP000876,2026-06-18T20:53:57,STF1026,staff,,Airfield-Ops-Portal,admin_config_change,elevated,success,0
OP001751,2026-06-18T20:58:35,STF1173,staff,,Departure-Control-System,update_schedule,standard,success,0
OP000284,2026-06-18T21:03:08,STF1100,staff,,Baggage-Handling-System,read_sensor_status,standard,success,0
OP000275,2026-06-18T21:17:06,STF1162,staff,,Airfield-Ops-Portal,view_manifest,standard,success,0
OP003047,2026-06-18T21:46:50,STF1096,staff,,Cargo-Manifest-System,view_manifest,standard,success,0
OP000085,2026-06-18T21:50:30,STF1009,staff,,Gate-Management-System,read_sensor_status,standard,success,0
OP001287,2026-06-18T21:56:59,VND2014,vendor,AeroFuel Solutions,Cargo-Manifest-System,view_manifest,standard,success,0
OP001880,2026-06-18T23:18:28,STF1009,staff,,Departure-Control-System,export_report,standard,success,0
OP002878,2026-06-18T23:51:56,VND2007,vendor,SkyLink Ground Services,Departure-Control-System,read_sensor_status,standard,success,0
OP000070,2026-06-19T00:45:46,STF1079,staff,,Airfield-Ops-Portal,view_manifest,standard,success,0
OP000196,2026-06-19T01:17:16,VND2033,vendor,Meridian Aircraft Maintenance,Baggage-Handling-System,download_bulk_data,elevated,denied,1
OP002711,2026-06-19T03:03:48,VND2009,vendor,Falcon Cargo Handling,Gate-Management-System,view_manifest,standard,success,0
OP002756,2026-06-19T03:10:51,VND2027,vendor,Meridian Aircraft Maintenance,Departure-Control-System,create_user,elevated,denied,0
OP001991,2026-06-19T03:59:16,VND2017,vendor,Horizon Cleaning Services,Departure-Control-System,read_sensor_status,standard,success,0
OP001756,2026-06-19T04:09:14,STF1111,staff,,Cargo-Manifest-System,modify_routing_rule,elevated,success,0
OP000841,2026-06-19T04:35:23,STF1126,staff,,Departure-Control-System,read_sensor_status,standard,success,0
OP001458,2026-06-19T06:04:25,VND2021,vendor,Falcon Cargo Handling,Baggage-Handling-System,export_report,standard,success,0
OP001766,2026-06-19T06:04:41,VND2006,vendor,Coastal Catering Co,Airfield-Ops-Portal,update_schedule,standard,success,0
OP000856,2026-06-19T06:31:33,VND2033,vendor,Meridian Aircraft Maintenance,Departure-Control-System,admin_config_change,elevated,success,1
OP002053,2026-06-19T06:38:43,STF1160,staff,,Cargo-Manifest-System,modify_routing_rule,elevated,success,1
OP002815,2026-06-19T06:42:40,STF1140,staff,,Departure-Control-System,modify_routing_rule,elevated,success,0
OP000914,2026-06-19T06:50:29,VND2019,vendor,Falcon Cargo Handling,Cargo-Manifest-System,export_report,standard,success,0
OP001484,2026-06-19T07:05:16,STF1126,staff,,Cargo-Manifest-System,read_sensor_status,standard,success,0
OP001816,2026-06-19T07:07:16,VND2005,vendor,AeroFuel Solutions,Gate-Management-System,read_sensor_status,standard,success,0
OP001294,2026-06-19T07:07:53,STF1039,staff,,Cargo-Manifest-System,export_report,standard,success,0
OP001271,2026-06-19T08:11:03,STF1172,staff,,Airfield-Ops-Portal,read_sensor_status,standard,success,0
OP001969,2026-06-19T08:32:44,STF1172,staff,,Departure-Control-System,read_sensor_status,standard,success,0
OP000182,2026-06-19T08:34:13,STF1109,staff,,Cargo-Manifest-System,update_schedule,standard,success,0
OP000849,2026-06-19T08:48:58,STF1155,staff,,Cargo-Manifest-System,read_sensor_status,standard,success,0
OP002743,2026-06-19T09:19:45,STF1158,staff,,Baggage-Handling-System,admin_config_change,elevated,success,0
OP000854,2026-06-19T09:52:44,STF1053,staff,,Baggage-Handling-System,view_manifest,standard,success,0
OP001669,2026-06-19T09:52:48,VND2032,vendor,AeroFuel Solutions,Gate-Management-System,update_schedule,standard,success,0
OP003064,2026-06-19T10:20:34,VND2023,vendor,SkyLink Ground Services,Departure-Control-System,download_bulk_data,elevated,denied,1
OP000919,2026-06-19T10:33:46,VND2006,vendor,Coastal Catering Co,Baggage-Handling-System,view_manifest,standard,success,0
OP002919,2026-06-19T10:46:09,VND2011,vendor,Falcon Cargo Handling,Airfield-Ops-Portal,modify_routing_rule,elevated,success,0
OP000106,2026-06-19T11:02:17,STF1112,staff,,Airfield-Ops-Portal,download_bulk_data,elevated,success,0
OP001518,2026-06-19T11:08:52,STF1173,staff,,Departure-Control-System,export_report,standard,success,0
OP002039,2026-06-19T11:22:44,STF1078,staff,,Cargo-Manifest-System,read_sensor_status,standard,success,0
OP001588,2026-06-19T11:57:57,STF1066,staff,,Baggage-Handling-System,view_manifest,standard,success,0
OP001805,2026-06-19T12:14:05,STF1002,staff,,Gate-Management-System,export_report,standard,success,0
OP002860,2026-06-19T12:16:06,STF1122,staff,,Departure-Control-System,create_user,elevated,success,0
OP000248,2026-06-19T12:27:32,STF1170,staff,,Airfield-Ops-Portal,read_sensor_status,standard,success,0
OP002350,2026-06-19T12:43:08,VND2014,vendor,AeroFuel Solutions,Cargo-Manifest-System,view_manifest,standard,success,0
OP001997,2026-06-19T12:51:54,STF1033,staff,,Gate-Management-System,download_bulk_data,elevated,success,0
OP001568,2026-06-19T12:55:39,VND2031,vendor,Meridian Aircraft Maintenance,Airfield-Ops-Portal,create_user,elevated,success,0
OP002813,2026-06-19T13:09:41,VND2030,vendor,Meridian Aircraft Maintenance,Departure-Control-System,read_sensor_status,standard,success,0
OP002164,2026-06-19T13:21:13,VND2018,vendor,Falcon Cargo Handling,Departure-Control-System,admin_config_change,elevated,denied,0
OP001209,2026-06-19T14:20:04,STF1178,staff,,Baggage-Handling-System,export_report,standard,success,0
OP002476,2026-06-19T14:28:07,STF1028,staff,,Airfield-Ops-Portal,read_sensor_status,standard,success,0
OP001289,2026-06-19T14:32:17,VND2022,vendor,Falcon Cargo Handling,Departure-Control-System,export_report,standard,success,0
OP000349,2026-06-19T14:46:13,STF1030,staff,,Gate-Management-System,download_bulk_data,elevated,success,0
OP003098,2026-06-19T14:49:19,STF1176,staff,,Cargo-Manifest-System,modify_routing_rule,elevated,success,0
OP000584,2026-06-19T15:03:32,STF1078,staff,,Baggage-Handling-System,view_manifest,standard,success,0
OP001234,2026-06-19T15:13:34,VND2004,vendor,Falcon Cargo Handling,Baggage-Handling-System,view_manifest,standard,success,0
OP001088,2026-06-19T15:19:57,VND2007,vendor,SkyLink Ground Services,Cargo-Manifest-System,export_report,standard,success,0
OP002931,2026-06-19T15:41:59,VND2018,vendor,Falcon Cargo Handling,Departure-Control-System,modify_routing_rule,elevated,success,0
OP002635,2026-06-19T15:55:31,VND2018,vendor,Falcon Cargo Handling,Airfield-Ops-Portal,view_manifest,standard,success,0
OP000877,2026-06-19T16:20:32,STF1114,staff,,Gate-Management-System,export_report,standard,success,0
OP002861,2026-06-19T16:28:21,VND2029,vendor,Horizon Cleaning Services,Departure-Control-System,view_manifest,standard,success,0
OP002521,2026-06-19T17:05:49,STF1109,staff,,Gate-Management-System,export_report,standard,success,0
OP001693,2026-06-19T17:18:17,STF1119,staff,,Gate-Management-System,view_manifest,standard,success,0
OP003050,2026-06-19T17:29:36,STF1137,staff,,Departure-Control-System,admin_config_change,elevated,success,0
OP002217,2026-06-19T18:06:41,STF1010,staff,,Departure-Control-System,export_report,standard,success,0
OP003078,2026-06-19T18:57:15,VND2008,vendor,SkyLink Ground Services,Gate-Management-System,modify_routing_rule,elevated,success,0
OP000142,2026-06-19T18:59:30,STF1102,staff,,Baggage-Handling-System,read_sensor_status,standard,success,0
OP002638,2026-06-19T19:20:54,STF1049,staff,,Baggage-Handling-System,view_manifest,standard,success,0
OP001334,2026-06-19T19:38:36,STF1125,staff,,Cargo-Manifest-System,view_manifest,standard,success,0
OP000627,2026-06-19T19:56:27,STF1108,staff,,Departure-Control-System,modify_routing_rule,elevated,success,0
OP000794,2026-06-19T20:37:56,STF1021,staff,,Baggage-Handling-System,admin_config_change,elevated,success,0
OP002961,2026-06-19T20:59:12,VND2004,vendor,Falcon Cargo Handling,Gate-Management-System,view_manifest,standard,success,0
OP002204,2026-06-19T21:07:17,STF1144,staff,,Departure-Control-System,download_bulk_data,elevated,success,0
OP003071,2026-06-19T21:21:03,STF1109,staff,,Baggage-Handling-System,view_manifest,standard,success,0
OP001810,2026-06-19T21:31:18,STF1030,staff,,Airfield-Ops-Portal,download_bulk_data,elevated,success,0
OP002538,2026-06-19T21:35:48,STF1103,staff,,Cargo-Manifest-System,read_sensor_status,standard,success,0
OP000009,2026-06-19T21:42:02,STF1151,staff,,Gate-Management-System,view_manifest,standard,success,0
OP001802,2026-06-19T21:55:45,VND2001,vendor,Meridian Aircraft Maintenance,Cargo-Manifest-System,view_manifest,standard,success,0
OP001376,2026-06-19T21:58:11,STF1063,staff,,Departure-Control-System,export_report,standard,success,0
OP000316,2026-06-19T23:28:52,STF1151,staff,,Baggage-Handling-System,modify_routing_rule,elevated,success,0
OP000310,2026-06-19T23:43:45,STF1078,staff,,Gate-Management-System,update_schedule,standard,success,0
OP002196,2026-06-20T02:05:41,STF1175,staff,,Airfield-Ops-Portal,download_bulk_data,elevated,success,0
OP000580,2026-06-20T03:16:24,STF1163,staff,,Airfield-Ops-Portal,modify_routing_rule,elevated,success,0
OP002585,2026-06-20T03:54:07,STF1031,staff,,Baggage-Handling-System,view_manifest,standard,success,0
OP000745,2026-06-20T06:02:31,VND2000,vendor,SkyLink Ground Services,Baggage-Handling-System,export_report,standard,success,0
OP001647,2026-06-20T06:21:23,VND2026,vendor,Horizon Cleaning Services,Departure-Control-System,update_schedule,standard,success,0
OP000452,2026-06-20T06:46:10,STF1136,staff,,Departure-Control-System,modify_routing_rule,elevated,success,0
OP000364,2026-06-20T06:55:51,VND2029,vendor,Horizon Cleaning Services,Departure-Control-System,modify_routing_rule,elevated,success,0
OP000067,2026-06-20T06:56:15,STF1105,staff,,Gate-Management-System,export_report,standard,success,0
OP002335,2026-06-20T07:07:21,STF1144,staff,,Baggage-Handling-System,export_report,standard,success,0
OP001774,2026-06-20T07:16:44,VND2029,vendor,Horizon Cleaning Services,Cargo-Manifest-System,read_sensor_status,standard,success,0
OP001276,2026-06-20T07:24:19,VND2004,vendor,Falcon Cargo Handling,Baggage-Handling-System,view_manifest,standard,success,0
OP001442,2026-06-20T07:30:19,STF1154,staff,,Airfield-Ops-Portal,read_sensor_status,standard,success,0
OP000011,2026-06-20T07:52:07,VND2033,vendor,Meridian Aircraft Maintenance,Baggage-Handling-System,admin_config_change,elevated,denied,0
OP001314,2026-06-20T09:03:35,VND2028,vendor,Horizon Cleaning Services,Departure-Control-System,admin_config_change,elevated,success,0
OP000898,2026-06-20T09:03:59,STF1078,staff,,Gate-Management-System,view_manifest,standard,success,0
OP002892,2026-06-20T09:08:53,STF1109,staff,,Baggage-Handling-System,update_schedule,standard,success,0
OP001030,2026-06-20T09:20:07,STF1113,staff,,Departure-Control-System,modify_routing_rule,elevated,success,0
OP002626,2026-06-20T09:30:42,STF1020,staff,,Cargo-Manifest-System,update_schedule,standard,success,0
OP001569,2026-06-20T09:37:24,STF1026,staff,,Baggage-Handling-System,modify_routing_rule,elevated,success,0
OP001455,2026-06-20T10:15:56,STF1108,staff,,Airfield-Ops-Portal,modify_routing_rule,elevated,success,0
OP001875,2026-06-20T10:24:42,VND2004,vendor,Falcon Cargo Handling,Baggage-Handling-System,update_schedule,standard,success,0
OP000034,2026-06-20T10:43:01,STF1140,staff,,Cargo-Manifest-System,view_manifest,standard,success,0
OP002112,2026-06-20T10:47:49,STF1027,staff,,Gate-Management-System,update_schedule,standard,success,0
OP001268,2026-06-20T10:48:50,STF1053,staff,,Baggage-Handling-System,view_manifest,standard,success,0
OP002174,2026-06-20T11:50:11,STF1057,staff,,Airfield-Ops-Portal,modify_routing_rule,elevated,success,0
OP000969,2026-06-20T11:59:14,STF1079,staff,,Airfield-Ops-Portal,read_sensor_status,standard,success,0
OP001449,2026-06-20T11:59:17,VND2015,vendor,AeroFuel Solutions,Departure-Control-System,view_manifest,standard,success,0
OP000405,2026-06-20T12:07:38,STF1174,staff,,Gate-Management-System,read_sensor_status,standard,success,0
OP001247,2026-06-20T12:09:35,VND2022,vendor,Falcon Cargo Handling,Airfield-Ops-Portal,export_report,standard,success,0
OP000810,2026-06-20T12:20:22,VND2032,vendor,AeroFuel Solutions,Departure-Control-System,read_sensor_status,standard,success,0
OP001188,2026-06-20T12:31:13,STF1050,staff,,Gate-Management-System,view_manifest,standard,success,0
OP001871,2026-06-20T12:32:02,VND2009,vendor,Falcon Cargo Handling,Baggage-Handling-System,export_report,standard,success,0
OP002877,2026-06-20T12:51:53,STF1154,staff,,Gate-Management-System,view_manifest,standard,success,0
OP002515,2026-06-20T13:19:37,STF1044,staff,,Gate-Management-System,update_schedule,standard,success,0
OP000268,2026-06-20T14:14:51,STF1102,staff,,Departure-Control-System,modify_routing_rule,elevated,success,0
OP002358,2026-06-20T14:40:14,VND2024,vendor,AeroFuel Solutions,Airfield-Ops-Portal,update_schedule,standard,success,0
OP000819,2026-06-20T15:16:30,VND2000,vendor,SkyLink Ground Services,Airfield-Ops-Portal,view_manifest,standard,success,0
OP002614,2026-06-20T15:17:08,STF1055,staff,,Airfield-Ops-Portal,view_manifest,standard,success,0
OP000766,2026-06-20T15:20:08,STF1048,staff,,Departure-Control-System,update_schedule,standard,success,0
OP000260,2026-06-20T15:38:44,STF1017,staff,,Airfield-Ops-Portal,export_report,standard,success,0
OP002650,2026-06-20T16:06:20,STF1099,staff,,Gate-Management-System,read_sensor_status,standard,denied,0
OP000304,2026-06-20T16:20:17,STF1084,staff,,Baggage-Handling-System,download_bulk_data,elevated,success,0
OP002368,2026-06-20T16:22:40,VND2003,vendor,Falcon Cargo Handling,Baggage-Handling-System,view_manifest,standard,success,0
OP000952,2026-06-20T16:38:44,STF1073,staff,,Baggage-Handling-System,update_schedule,standard,success,0
OP001670,2026-06-20T17:10:36,STF1075,staff,,Gate-Management-System,view_manifest,standard,success,0
OP001930,2026-06-20T17:53:41,STF1046,staff,,Airfield-Ops-Portal,export_report,standard,success,0
OP001720,2026-06-20T18:00:28,VND2034,vendor,SkyLink Ground Services,Cargo-Manifest-System,export_report,standard,success,0
OP001260,2026-06-20T18:10:32,VND2032,vendor,AeroFuel Solutions,Baggage-Handling-System,view_manifest,standard,success,0
OP002134,2026-06-20T18:24:09,VND2016,vendor,AeroFuel Solutions,Baggage-Handling-System,export_report,standard,success,0
OP000104,2026-06-20T18:24:31,STF1109,staff,,Airfield-Ops-Portal,export_report,standard,success,0
OP002080,2026-06-20T18:31:48,STF1178,staff,,Baggage-Handling-System,read_sensor_status,standard,success,0
OP002423,2026-06-20T18:36:33,STF1070,staff,,Cargo-Manifest-System,modify_routing_rule,elevated,success,0
OP000484,2026-06-20T18:37:23,STF1164,staff,,Airfield-Ops-Portal,admin_config_change,elevated,success,1
OP002228,2026-06-20T18:49:43,VND2026,vendor,Horizon Cleaning Services,Baggage-Handling-System,view_manifest,standard,success,0
OP002592,2026-06-20T19:02:08,STF1108,staff,,Gate-Management-System,export_report,standard,success,0
OP000945,2026-06-20T19:07:01,VND2030,vendor,Meridian Aircraft Maintenance,Cargo-Manifest-System,view_manifest,standard,success,0
OP001085,2026-06-20T19:43:13,STF1160,staff,,Cargo-Manifest-System,modify_routing_rule,elevated,success,1
OP002544,2026-06-20T19:44:02,VND2032,vendor,AeroFuel Solutions,Baggage-Handling-System,view_manifest,standard,success,0
OP001561,2026-06-20T19:52:20,STF1036,staff,,Baggage-Handling-System,update_schedule,standard,success,0
OP001244,2026-06-20T20:17:07,STF1095,staff,,Baggage-Handling-System,read_sensor_status,standard,success,0
OP002396,2026-06-20T21:16:41,STF1062,staff,,Baggage-Handling-System,admin_config_change,elevated,success,0
OP000995,2026-06-20T21:28:26,STF1125,staff,,Baggage-Handling-System,update_schedule,standard,success,0
OP001164,2026-06-20T23:46:54,STF1129,staff,,Gate-Management-System,view_manifest,standard,success,0
OP000040,2026-06-21T00:24:58,VND2001,vendor,Meridian Aircraft Maintenance,Baggage-Handling-System,view_manifest,standard,success,0
OP002960,2026-06-21T02:57:17,VND2023,vendor,SkyLink Ground Services,Departure-Control-System,modify_routing_rule,elevated,denied,1
OP002534,2026-06-21T04:16:01,STF1034,staff,,Cargo-Manifest-System,export_report,standard,success,0
OP002902,2026-06-21T07:40:52,STF1057,staff,,Gate-Management-System,export_report,standard,success,0
OP002386,2026-06-21T07:54:14,STF1132,staff,,Cargo-Manifest-System,view_manifest,standard,success,0
OP000175,2026-06-21T08:09:50,STF1110,staff,,Airfield-Ops-Portal,update_schedule,standard,success,0
OP002933,2026-06-21T08:15:30,VND2022,vendor,Falcon Cargo Handling,Gate-Management-System,read_sensor_status,standard,success,0
OP001463,2026-06-21T08:27:56,STF1165,staff,,Airfield-Ops-Portal,update_schedule,standard,success,0
OP002723,2026-06-21T08:33:57,STF1172,staff,,Airfield-Ops-Portal,modify_routing_rule,elevated,denied,0
OP001626,2026-06-21T08:34:04,VND2020,vendor,Coastal Catering Co,Baggage-Handling-System,read_sensor_status,standard,success,0
OP000278,2026-06-21T08:40:55,VND2012,vendor,AeroFuel Solutions,Cargo-Manifest-System,export_report,standard,success,0
OP001153,2026-06-21T08:44:38,VND2030,vendor,Meridian Aircraft Maintenance,Gate-Management-System,view_manifest,standard,success,0
OP003052,2026-06-21T08:54:32,STF1046,staff,,Departure-Control-System,view_manifest,standard,success,0
OP000386,2026-06-21T09:04:27,STF1139,staff,,Airfield-Ops-Portal,export_report,standard,success,0
OP002586,2026-06-21T09:08:30,VND2031,vendor,Meridian Aircraft Maintenance,Airfield-Ops-Portal,modify_routing_rule,elevated,success,0
OP000504,2026-06-21T09:51:34,STF1049,staff,,Departure-Control-System,view_manifest,standard,success,0
OP002959,2026-06-21T09:57:03,VND2025,vendor,SkyLink Ground Services,Cargo-Manifest-System,view_manifest,standard,success,0
OP002226,2026-06-21T09:59:26,STF1166,staff,,Gate-Management-System,view_manifest,standard,success,0
OP001381,2026-06-21T10:38:35,VND2022,vendor,Falcon Cargo Handling,Gate-Management-System,update_schedule,standard,success,0
OP000328,2026-06-21T10:47:55,STF1098,staff,,Cargo-Manifest-System,modify_routing_rule,elevated,denied,1
OP000288,2026-06-21T11:02:44,STF1000,staff,,Departure-Control-System,update_schedule,standard,success,0
OP000936,2026-06-21T11:23:13,STF1138,staff,,Gate-Management-System,read_sensor_status,standard,denied,0
OP001413,2026-06-21T11:46:32,STF1178,staff,,Baggage-Handling-System,read_sensor_status,standard,success,0
OP000116,2026-06-21T11:50:06,STF1032,staff,,Gate-Management-System,download_bulk_data,elevated,success,0
OP002916,2026-06-21T11:53:20,STF1159,staff,,Gate-Management-System,update_schedule,standard,success,0
OP002835,2026-06-21T12:20:05,STF1169,staff,,Baggage-Handling-System,create_user,elevated,success,1
OP000976,2026-06-21T12:23:25,STF1002,staff,,Cargo-Manifest-System,update_schedule,standard,success,0
OP001504,2026-06-21T12:24:45,VND2027,vendor,Meridian Aircraft Maintenance,Airfield-Ops-Portal,view_manifest,standard,success,0
OP000902,2026-06-21T12:29:21,STF1175,staff,,Departure-Control-System,view_manifest,standard,denied,0
OP001952,2026-06-21T12:31:45,VND2013,vendor,Falcon Cargo Handling,Baggage-Handling-System,update_schedule,standard,success,0
OP002923,2026-06-21T12:35:10,STF1167,staff,,Cargo-Manifest-System,export_report,standard,success,0
OP001201,2026-06-21T13:06:39,STF1096,staff,,Departure-Control-System,update_schedule,standard,success,0
OP001512,2026-06-21T13:15:50,STF1124,staff,,Airfield-Ops-Portal,read_sensor_status,standard,success,0
OP000391,2026-06-21T13:19:41,VND2032,vendor,AeroFuel Solutions,Gate-Management-System,download_bulk_data,elevated,success,0
OP001773,2026-06-21T13:39:18,STF1004,staff,,Departure-Control-System,admin_config_change,elevated,success,0
OP002876,2026-06-21T13:54:35,STF1078,staff,,Airfield-Ops-Portal,admin_config_change,elevated,success,0
OP000612,2026-06-21T14:06:05,STF1119,staff,,Airfield-Ops-Portal,update_schedule,standard,success,0
OP002680,2026-06-21T14:41:48,STF1112,staff,,Cargo-Manifest-System,update_schedule,standard,denied,0
OP002291,2026-06-21T14:53:30,VND2030,vendor,Meridian Aircraft Maintenance,Baggage-Handling-System,export_report,standard,success,0
OP001716,2026-06-21T15:25:00,STF1173,staff,,Airfield-Ops-Portal,view_manifest,standard,success,0
OP001337,2026-06-21T15:54:42,STF1025,staff,,Cargo-Manifest-System,download_bulk_data,elevated,success,0
OP001045,2026-06-21T16:41:39,STF1009,staff,,Gate-Management-System,update_schedule,standard,success,0
OP001502,2026-06-21T16:53:38,STF1160,staff,,Airfield-Ops-Portal,admin_config_change,elevated,success,1
OP002295,2026-06-21T17:03:37,STF1064,staff,,Departure-Control-System,view_manifest,standard,success,0
OP002914,2026-06-21T17:18:58,STF1093,staff,,Airfield-Ops-Portal,update_schedule,standard,success,0
OP000458,2026-06-21T17:58:22,VND2028,vendor,Horizon Cleaning Services,Cargo-Manifest-System,create_user,elevated,success,0
OP001639,2026-06-21T18:12:37,VND2000,vendor,SkyLink Ground Services,Cargo-Manifest-System,admin_config_change,elevated,success,0
OP001582,2026-06-21T18:36:35,STF1084,staff,,Cargo-Manifest-System,export_report,standard,success,0
OP002880,2026-06-21T18:43:19,STF1042,staff,,Departure-Control-System,update_schedule,standard,success,0
OP001797,2026-06-21T18:44:43,VND2021,vendor,Falcon Cargo Handling,Baggage-Handling-System,view_manifest,standard,success,0
OP000047,2026-06-21T19:04:07,VND2002,vendor,Horizon Cleaning Services,Airfield-Ops-Portal,view_manifest,standard,success,0
OP000221,2026-06-21T19:05:34,STF1165,staff,,Gate-Management-System,admin_config_change,elevated,success,0
OP001472,2026-06-21T19:06:47,STF1061,staff,,Departure-Control-System,read_sensor_status,standard,success,0
OP001972,2026-06-21T19:12:15,STF1163,staff,,Baggage-Handling-System,update_schedule,standard,success,0
OP001660,2026-06-21T19:24:57,STF1135,staff,,Cargo-Manifest-System,view_manifest,standard,success,0
OP001836,2026-06-21T19:29:44,STF1061,staff,,Cargo-Manifest-System,modify_routing_rule,elevated,success,0
OP000772,2026-06-21T20:09:52,STF1037,staff,,Baggage-Handling-System,view_manifest,standard,success,0
OP002250,2026-06-21T21:32:59,STF1073,staff,,Departure-Control-System,export_report,standard,success,0
OP000147,2026-06-21T21:35:20,STF1092,staff,,Cargo-Manifest-System,read_sensor_status,standard,success,0
OP001757,2026-06-21T21:49:12,STF1143,staff,,Airfield-Ops-Portal,modify_routing_rule,elevated,success,0
OP003004,2026-06-22T00:39:18,STF1160,staff,,Cargo-Manifest-System,modify_routing_rule,elevated,success,1
OP000451,2026-06-22T03:08:41,VND2029,vendor,Horizon Cleaning Services,Cargo-Manifest-System,download_bulk_data,elevated,success,0
OP003061,2026-06-22T04:24:52,STF1147,staff,,Airfield-Ops-Portal,export_report,standard,success,0
OP002645,2026-06-22T06:18:53,VND2029,vendor,Horizon Cleaning Services,Gate-Management-System,view_manifest,standard,success,0
OP001878,2026-06-22T06:53:31,STF1142,staff,,Departure-Control-System,view_manifest,standard,success,0
OP000674,2026-06-22T06:57:20,STF1007,staff,,Airfield-Ops-Portal,view_manifest,standard,success,0
OP000606,2026-06-22T07:03:06,STF1122,staff,,Cargo-Manifest-System,update_schedule,standard,success,0
OP002469,2026-06-22T07:40:33,STF1079,staff,,Baggage-Handling-System,modify_routing_rule,elevated,success,0
OP002883,2026-06-22T07:47:30,STF1017,staff,,Baggage-Handling-System,read_sensor_status,standard,success,0
OP002952,2026-06-22T08:00:15,STF1023,staff,,Baggage-Handling-System,view_manifest,standard,success,0
OP000860,2026-06-22T08:09:48,VND2021,vendor,Falcon Cargo Handling,Gate-Management-System,admin_config_change,elevated,success,0
OP003041,2026-06-22T08:20:20,STF1012,staff,,Airfield-Ops-Portal,modify_routing_rule,elevated,success,0
OP000828,2026-06-22T08:27:19,VND2003,vendor,Falcon Cargo Handling,Baggage-Handling-System,export_report,standard,success,0
OP003083,2026-06-22T08:29:17,VND2024,vendor,AeroFuel Solutions,Cargo-Manifest-System,view_manifest,standard,denied,0
OP003055,2026-06-22T08:52:40,STF1115,staff,,Airfield-Ops-Portal,update_schedule,standard,success,0
OP000088,2026-06-22T08:59:52,STF1042,staff,,Cargo-Manifest-System,view_manifest,standard,success,0
OP002762,2026-06-22T09:04:22,STF1102,staff,,Airfield-Ops-Portal,export_report,standard,success,0
OP000657,2026-06-22T09:06:24,STF1178,staff,,Departure-Control-System,read_sensor_status,standard,success,0
OP000700,2026-06-22T10:01:14,VND2009,vendor,Falcon Cargo Handling,Airfield-Ops-Portal,read_sensor_status,standard,success,0
OP002410,2026-06-22T10:37:19,VND2024,vendor,AeroFuel Solutions,Baggage-Handling-System,read_sensor_status,standard,success,0
OP001479,2026-06-22T10:49:41,STF1068,staff,,Gate-Management-System,read_sensor_status,standard,success,0
OP000924,2026-06-22T10:51:41,STF1079,staff,,Airfield-Ops-Portal,admin_config_change,elevated,success,0
OP002439,2026-06-22T11:46:52,STF1123,staff,,Departure-Control-System,modify_routing_rule,elevated,success,0
OP002781,2026-06-22T12:14:14,STF1003,staff,,Cargo-Manifest-System,update_schedule,standard,success,0
OP000281,2026-06-22T12:21:54,VND2021,vendor,Falcon Cargo Handling,Gate-Management-System,export_report,standard,success,0
OP002186,2026-06-22T12:24:30,STF1083,staff,,Airfield-Ops-Portal,view_manifest,standard,success,0
OP000666,2026-06-22T12:26:54,STF1115,staff,,Baggage-Handling-System,admin_config_change,elevated,success,0
OP002776,2026-06-22T12:46:49,STF1030,staff,,Airfield-Ops-Portal,modify_routing_rule,elevated,success,0
OP000247,2026-06-22T13:34:15,STF1010,staff,,Baggage-Handling-System,view_manifest,standard,success,0
OP001009,2026-06-22T13:34:28,STF1123,staff,,Cargo-Manifest-System,export_report,standard,success,0
OP002115,2026-06-22T13:51:13,STF1030,staff,,Airfield-Ops-Portal,download_bulk_data,elevated,success,0
OP002583,2026-06-22T13:59:46,VND2018,vendor,Falcon Cargo Handling,Gate-Management-System,read_sensor_status,standard,success,0
OP001589,2026-06-22T13:59:56,STF1041,staff,,Cargo-Manifest-System,read_sensor_status,standard,denied,0
OP000545,2026-06-22T14:07:41,STF1071,staff,,Baggage-Handling-System,read_sensor_status,standard,success,0
OP002500,2026-06-22T15:17:22,STF1077,staff,,Departure-Control-System,export_report,standard,success,0
OP001517,2026-06-22T15:38:22,STF1044,staff,,Departure-Control-System,export_report,standard,success,0
OP000807,2026-06-22T15:55:04,STF1115,staff,,Baggage-Handling-System,read_sensor_status,standard,success,0
OP001181,2026-06-22T16:03:12,VND2005,vendor,AeroFuel Solutions,Departure-Control-System,update_schedule,standard,success,0
OP002863,2026-06-22T16:09:32,STF1061,staff,,Baggage-Handling-System,read_sensor_status,standard,success,0
OP002236,2026-06-22T16:10:54,VND2030,vendor,Meridian Aircraft Maintenance,Baggage-Handling-System,update_schedule,standard,success,0
OP001089,2026-06-22T16:17:47,STF1018,staff,,Cargo-Manifest-System,modify_routing_rule,elevated,success,1
OP000205,2026-06-22T16:18:02,STF1090,staff,,Gate-Management-System,admin_config_change,elevated,success,0
OP001851,2026-06-22T16:29:57,STF1057,staff,,Departure-Control-System,export_report,standard,success,0
OP002474,2026-06-22T16:46:46,VND2024,vendor,AeroFuel Solutions,Gate-Management-System,export_report,standard,success,0
OP003012,2026-06-22T17:25:57,VND2000,vendor,SkyLink Ground Services,Cargo-Manifest-System,read_sensor_status,standard,success,0
OP000197,2026-06-22T17:37:03,VND2034,vendor,SkyLink Ground Services,Cargo-Manifest-System,export_report,standard,success,0
OP003031,2026-06-22T17:43:35,STF1169,staff,,Departure-Control-System,view_manifest,standard,success,0
OP002939,2026-06-22T18:14:59,STF1035,staff,,Cargo-Manifest-System,view_manifest,standard,success,0
OP000889,2026-06-22T18:15:05,VND2004,vendor,Falcon Cargo Handling,Cargo-Manifest-System,create_user,elevated,success,0
OP000780,2026-06-22T18:40:10,STF1130,staff,,Gate-Management-System,modify_routing_rule,elevated,success,0
OP001812,2026-06-22T18:51:10,STF1163,staff,,Departure-Control-System,admin_config_change,elevated,success,0
OP000661,2026-06-22T18:59:32,STF1096,staff,,Cargo-Manifest-System,admin_config_change,elevated,success,0
OP002778,2026-06-22T19:03:18,STF1134,staff,,Departure-Control-System,view_manifest,standard,success,0
OP001483,2026-06-22T19:17:49,VND2024,vendor,AeroFuel Solutions,Baggage-Handling-System,read_sensor_status,standard,success,0
OP001298,2026-06-22T19:21:12,STF1047,staff,,Departure-Control-System,view_manifest,standard,success,0
OP000726,2026-06-22T19:40:54,VND2004,vendor,Falcon Cargo Handling,Baggage-Handling-System,modify_routing_rule,elevated,success,0
OP000964,2026-06-22T19:50:54,STF1002,staff,,Baggage-Handling-System,read_sensor_status,standard,success,0
OP001845,2026-06-22T19:55:32,STF1031,staff,,Baggage-Handling-System,read_sensor_status,standard,success,0
OP002142,2026-06-22T20:01:29,STF1017,staff,,Gate-Management-System,update_schedule,standard,success,0
OP001714,2026-06-22T20:02:29,STF1117,staff,,Airfield-Ops-Portal,export_report,standard,success,0
OP002041,2026-06-22T20:23:20,STF1126,staff,,Airfield-Ops-Portal,view_manifest,standard,success,0
OP002524,2026-06-22T20:40:59,VND2013,vendor,Falcon Cargo Handling,Cargo-Manifest-System,update_schedule,standard,success,0
OP002957,2026-06-22T20:51:11,VND2004,vendor,Falcon Cargo Handling,Gate-Management-System,view_manifest,standard,success,0
OP002026,2026-06-22T20:59:53,STF1000,staff,,Departure-Control-System,read_sensor_status,standard,success,0
OP001377,2026-06-22T21:14:49,VND2017,vendor,Horizon Cleaning Services,Departure-Control-System,read_sensor_status,standard,success,0
OP002589,2026-06-22T21:26:32,STF1028,staff,,Departure-Control-System,export_report,standard,success,0
OP001605,2026-06-22T23:59:16,STF1167,staff,,Baggage-Handling-System,modify_routing_rule,elevated,success,1
OP001821,2026-06-23T00:32:51,STF1077,staff,,Airfield-Ops-Portal,view_manifest,standard,success,0
OP002337,2026-06-23T01:53:20,STF1169,staff,,Airfield-Ops-Portal,create_user,elevated,success,1
OP001781,2026-06-23T02:26:39,STF1139,staff,,Baggage-Handling-System,download_bulk_data,elevated,success,0
OP001965,2026-06-23T02:41:47,VND2010,vendor,SkyLink Ground Services,Departure-Control-System,view_manifest,standard,success,0
OP000979,2026-06-23T02:52:46,VND2031,vendor,Meridian Aircraft Maintenance,Baggage-Handling-System,read_sensor_status,standard,success,0
OP002188,2026-06-23T04:47:51,STF1032,staff,,Departure-Control-System,update_schedule,standard,success,0
OP002829,2026-06-23T06:14:00,VND2029,vendor,Horizon Cleaning Services,Airfield-Ops-Portal,download_bulk_data,elevated,success,0
OP000896,2026-06-23T06:26:57,VND2007,vendor,SkyLink Ground Services,Cargo-Manifest-System,view_manifest,standard,success,0
OP000438,2026-06-23T06:27:33,STF1123,staff,,Gate-Management-System,view_manifest,standard,success,0
OP002203,2026-06-23T06:36:13,STF1161,staff,,Departure-Control-System,modify_routing_rule,elevated,success,0
OP000410,2026-06-23T06:39:12,STF1178,staff,,Cargo-Manifest-System,update_schedule,standard,success,0
OP001877,2026-06-23T06:44:13,STF1027,staff,,Cargo-Manifest-System,view_manifest,standard,success,0
OP000520,2026-06-23T07:02:19,VND2027,vendor,Meridian Aircraft Maintenance,Airfield-Ops-Portal,update_schedule,standard,success,0
OP002002,2026-06-23T07:06:30,STF1053,staff,,Cargo-Manifest-System,update_schedule,standard,success,0
OP000191,2026-06-23T07:08:17,VND2016,vendor,AeroFuel Solutions,Baggage-Handling-System,update_schedule,standard,success,0
OP000616,2026-06-23T07:14:10,STF1094,staff,,Gate-Management-System,update_schedule,standard,success,0
OP001374,2026-06-23T07:14:28,VND2005,vendor,AeroFuel Solutions,Baggage-Handling-System,read_sensor_status,standard,success,0
OP002958,2026-06-23T07:20:45,VND2019,vendor,Falcon Cargo Handling,Cargo-Manifest-System,admin_config_change,elevated,success,0
OP000382,2026-06-23T07:23:34,STF1072,staff,,Cargo-Manifest-System,export_report,standard,success,0
OP002874,2026-06-23T07:56:20,STF1174,staff,,Airfield-Ops-Portal,view_manifest,standard,success,0
OP001092,2026-06-23T08:22:15,VND2006,vendor,Coastal Catering Co,Gate-Management-System,create_user,elevated,success,0
OP001186,2026-06-23T08:34:46,STF1094,staff,,Baggage-Handling-System,create_user,elevated,success,0
OP002231,2026-06-23T08:35:33,STF1150,staff,,Departure-Control-System,view_manifest,standard,success,0
OP002187,2026-06-23T08:48:55,STF1130,staff,,Baggage-Handling-System,modify_routing_rule,elevated,success,0
OP001697,2026-06-23T08:56:52,STF1106,staff,,Airfield-Ops-Portal,create_user,elevated,success,0
OP003073,2026-06-23T09:01:59,STF1144,staff,,Gate-Management-System,update_schedule,standard,success,0
OP000315,2026-06-23T09:08:59,STF1126,staff,,Baggage-Handling-System,admin_config_change,elevated,success,0
OP002747,2026-06-23T09:32:54,STF1059,staff,,Airfield-Ops-Portal,modify_routing_rule,elevated,success,0
OP002872,2026-06-23T09:37:21,STF1011,staff,,Airfield-Ops-Portal,update_schedule,standard,success,0
OP000039,2026-06-23T09:53:58,STF1172,staff,,Cargo-Manifest-System,download_bulk_data,elevated,success,0
OP000359,2026-06-23T10:05:20,VND2000,vendor,SkyLink Ground Services,Cargo-Manifest-System,update_schedule,standard,success,0
OP003080,2026-06-23T10:12:10,STF1159,staff,,Gate-Management-System,view_manifest,standard,success,0
OP002798,2026-06-23T10:32:55,STF1145,staff,,Airfield-Ops-Portal,download_bulk_data,elevated,success,0
OP002976,2026-06-23T10:38:22,VND2005,vendor,AeroFuel Solutions,Departure-Control-System,export_report,standard,success,0
OP001299,2026-06-23T10:46:00,STF1024,staff,,Departure-Control-System,view_manifest,standard,success,0
OP001212,2026-06-23T11:22:34,STF1167,staff,,Gate-Management-System,create_user,elevated,success,1
OP001436,2026-06-23T11:22:55,STF1157,staff,,Airfield-Ops-Portal,update_schedule,standard,success,0
OP000203,2026-06-23T11:49:01,STF1015,staff,,Departure-Control-System,read_sensor_status,standard,success,0
OP000943,2026-06-23T12:11:56,STF1172,staff,,Baggage-Handling-System,download_bulk_data,elevated,success,0
OP000139,2026-06-23T12:14:29,STF1095,staff,,Baggage-Handling-System,view_manifest,standard,success,0
OP000966,2026-06-23T12:22:41,VND2014,vendor,AeroFuel Solutions,Cargo-Manifest-System,view_manifest,standard,success,0
OP001477,2026-06-23T12:24:25,VND2017,vendor,Horizon Cleaning Services,Baggage-Handling-System,export_report,standard,success,0
OP000377,2026-06-23T13:28:14,VND2005,vendor,AeroFuel Solutions,Cargo-Manifest-System,view_manifest,standard,success,0
OP002951,2026-06-23T13:29:31,STF1026,staff,,Gate-Management-System,export_report,standard,success,0
OP002383,2026-06-23T13:30:17,STF1062,staff,,Departure-Control-System,export_report,standard,success,0
OP001097,2026-06-23T13:54:07,STF1102,staff,,Baggage-Handling-System,export_report,standard,success,0
OP000476,2026-06-23T14:05:55,STF1013,staff,,Departure-Control-System,export_report,standard,success,0
OP000080,2026-06-23T14:39:05,STF1155,staff,,Cargo-Manifest-System,create_user,elevated,success,0
OP000044,2026-06-23T15:07:03,STF1095,staff,,Departure-Control-System,modify_routing_rule,elevated,success,0
OP002180,2026-06-23T15:18:36,STF1053,staff,,Departure-Control-System,modify_routing_rule,elevated,success,0
OP002347,2026-06-23T15:36:42,VND2015,vendor,AeroFuel Solutions,Gate-Management-System,download_bulk_data,elevated,success,0
OP001840,2026-06-23T15:57:48,STF1015,staff,,Gate-Management-System,update_schedule,standard,denied,0
OP001053,2026-06-23T16:15:58,STF1153,staff,,Departure-Control-System,view_manifest,standard,success,0
OP001324,2026-06-23T16:16:57,STF1058,staff,,Baggage-Handling-System,create_user,elevated,denied,0
OP002455,2026-06-23T16:59:11,STF1143,staff,,Airfield-Ops-Portal,create_user,elevated,success,0
OP001682,2026-06-23T17:14:12,VND2027,vendor,Meridian Aircraft Maintenance,Departure-Control-System,download_bulk_data,elevated,success,0
OP001674,2026-06-23T17:26:26,STF1113,staff,,Departure-Control-System,update_schedule,standard,success,0
OP002736,2026-06-23T17:49:08,STF1010,staff,,Gate-Management-System,view_manifest,standard,success,0
OP000333,2026-06-23T17:52:02,STF1041,staff,,Baggage-Handling-System,update_schedule,standard,success,0
OP000783,2026-06-23T18:02:15,VND2000,vendor,SkyLink Ground Services,Departure-Control-System,view_manifest,standard,success,0
OP003016,2026-06-23T18:12:23,VND2025,vendor,SkyLink Ground Services,Cargo-Manifest-System,update_schedule,standard,success,0
OP001591,2026-06-23T18:12:30,STF1058,staff,,Airfield-Ops-Portal,view_manifest,standard,success,0
OP000675,2026-06-23T18:32:54,STF1078,staff,,Airfield-Ops-Portal,update_schedule,standard,success,0
OP002975,2026-06-23T18:57:26,STF1008,staff,,Airfield-Ops-Portal,create_user,elevated,success,0
OP003065,2026-06-23T19:07:36,VND2014,vendor,AeroFuel Solutions,Baggage-Handling-System,view_manifest,standard,success,0
OP002242,2026-06-23T19:45:27,STF1116,staff,,Gate-Management-System,modify_routing_rule,elevated,success,0
OP002198,2026-06-23T20:02:38,STF1162,staff,,Gate-Management-System,download_bulk_data,elevated,success,0
OP002028,2026-06-23T20:05:33,VND2026,vendor,Horizon Cleaning Services,Baggage-Handling-System,modify_routing_rule,elevated,success,0
OP001227,2026-06-23T20:17:15,STF1082,staff,,Baggage-Handling-System,update_schedule,standard,success,0
OP001629,2026-06-23T20:18:41,STF1159,staff,,Baggage-Handling-System,view_manifest,standard,success,0
OP001984,2026-06-23T20:59:39,STF1063,staff,,Gate-Management-System,export_report,standard,success,0
OP000311,2026-06-23T21:05:41,VND2026,vendor,Horizon Cleaning Services,Gate-Management-System,export_report,standard,success,0
OP001666,2026-06-23T23:09:38,STF1113,staff,,Departure-Control-System,export_report,standard,success,0
OP000344,2026-06-23T23:49:38,STF1144,staff,,Baggage-Handling-System,view_manifest,standard,success,0
OP000927,2026-06-24T01:13:24,STF1146,staff,,Gate-Management-System,modify_routing_rule,elevated,success,0
OP002812,2026-06-24T01:13:36,STF1013,staff,,Baggage-Handling-System,export_report,standard,success,0
OP001031,2026-06-24T01:44:08,STF1153,staff,,Gate-Management-System,view_manifest,standard,success,0
OP000528,2026-06-24T03:04:52,STF1025,staff,,Cargo-Manifest-System,update_schedule,standard,success,0
OP002020,2026-06-24T06:04:03,STF1154,staff,,Airfield-Ops-Portal,create_user,elevated,success,0
OP002851,2026-06-24T06:29:42,STF1116,staff,,Cargo-Manifest-System,view_manifest,standard,success,0
OP000294,2026-06-24T06:40:24,STF1141,staff,,Gate-Management-System,view_manifest,standard,success,0
OP002853,2026-06-24T06:53:17,STF1094,staff,,Cargo-Manifest-System,update_schedule,standard,success,0
OP002275,2026-06-24T07:10:38,VND2024,vendor,AeroFuel Solutions,Gate-Management-System,admin_config_change,elevated,success,0
OP000634,2026-06-24T07:24:05,STF1128,staff,,Airfield-Ops-Portal,export_report,standard,success,0
OP000832,2026-06-24T08:24:30,STF1001,staff,,Gate-Management-System,modify_routing_rule,elevated,success,0
OP001152,2026-06-24T08:33:03,STF1011,staff,,Baggage-Handling-System,read_sensor_status,standard,success,0
OP000461,2026-06-24T08:34:41,VND2031,vendor,Meridian Aircraft Maintenance,Gate-Management-System,read_sensor_status,standard,success,0
OP002665,2026-06-24T08:39:19,STF1137,staff,,Departure-Control-System,view_manifest,standard,success,0
OP001200,2026-06-24T09:34:43,VND2004,vendor,Falcon Cargo Handling,Departure-Control-System,update_schedule,standard,success,0
OP000702,2026-06-24T09:41:06,STF1079,staff,,Cargo-Manifest-System,read_sensor_status,standard,success,0
OP002936,2026-06-24T09:49:25,STF1056,staff,,Departure-Control-System,create_user,elevated,success,0
OP001834,2026-06-24T10:01:26,STF1059,staff,,Airfield-Ops-Portal,modify_routing_rule,elevated,success,0
OP002019,2026-06-24T11:06:45,VND2009,vendor,Falcon Cargo Handling,Departure-Control-System,download_bulk_data,elevated,success,0
OP001024,2026-06-24T11:23:00,STF1175,staff,,Airfield-Ops-Portal,read_sensor_status,standard,success,0
OP001308,2026-06-24T11:44:23,STF1055,staff,,Departure-Control-System,update_schedule,standard,success,0
OP002254,2026-06-24T12:03:07,STF1156,staff,,Airfield-Ops-Portal,read_sensor_status,standard,success,0
OP002640,2026-06-24T12:03:18,VND2007,vendor,SkyLink Ground Services,Airfield-Ops-Portal,update_schedule,standard,success,0
OP000748,2026-06-24T12:04:27,STF1135,staff,,Baggage-Handling-System,view_manifest,standard,success,0
OP001136,2026-06-24T12:13:55,STF1005,staff,,Departure-Control-System,view_manifest,standard,success,0
OP002657,2026-06-24T12:28:49,VND2025,vendor,SkyLink Ground Services,Baggage-Handling-System,admin_config_change,elevated,success,0
OP002349,2026-06-24T12:29:30,STF1133,staff,,Cargo-Manifest-System,read_sensor_status,standard,success,0
OP002407,2026-06-24T12:29:56,STF1052,staff,,Cargo-Manifest-System,view_manifest,standard,success,0
OP002946,2026-06-24T12:36:31,STF1007,staff,,Airfield-Ops-Portal,view_manifest,standard,success,0
OP002947,2026-06-24T13:04:37,STF1178,staff,,Gate-Management-System,admin_config_change,elevated,success,0
OP001061,2026-06-24T13:05:55,STF1175,staff,,Cargo-Manifest-System,view_manifest,standard,success,0
OP003063,2026-06-24T13:19:28,VND2021,vendor,Falcon Cargo Handling,Departure-Control-System,view_manifest,standard,success,0
OP001713,2026-06-24T13:41:43,VND2027,vendor,Meridian Aircraft Maintenance,Airfield-Ops-Portal,create_user,elevated,success,0
OP001979,2026-06-24T13:46:58,STF1013,staff,,Baggage-Handling-System,read_sensor_status,standard,success,0
OP000879,2026-06-24T13:53:25,STF1176,staff,,Airfield-Ops-Portal,modify_routing_rule,elevated,denied,0
OP001942,2026-06-24T14:34:00,VND2027,vendor,Meridian Aircraft Maintenance,Airfield-Ops-Portal,read_sensor_status,standard,success,0
OP002346,2026-06-24T14:43:21,STF1028,staff,,Gate-Management-System,download_bulk_data,elevated,success,0
OP002791,2026-06-24T14:48:50,STF1074,staff,,Baggage-Handling-System,view_manifest,standard,success,0
OP002110,2026-06-24T14:49:35,STF1094,staff,,Gate-Management-System,modify_routing_rule,elevated,success,0
OP001910,2026-06-24T14:58:54,STF1051,staff,,Airfield-Ops-Portal,export_report,standard,success,0
OP002810,2026-06-24T15:00:26,VND2032,vendor,AeroFuel Solutions,Cargo-Manifest-System,view_manifest,standard,success,0
OP000003,2026-06-24T15:12:49,STF1047,staff,,Gate-Management-System,update_schedule,standard,success,0
OP001883,2026-06-24T15:23:34,STF1079,staff,,Baggage-Handling-System,read_sensor_status,standard,success,0
OP001513,2026-06-24T15:35:34,VND2013,vendor,Falcon Cargo Handling,Baggage-Handling-System,export_report,standard,success,0
OP001537,2026-06-24T16:02:44,VND2008,vendor,SkyLink Ground Services,Baggage-Handling-System,modify_routing_rule,elevated,success,0
OP002545,2026-06-24T16:20:41,STF1126,staff,,Gate-Management-System,read_sensor_status,standard,success,0
OP002012,2026-06-24T16:35:35,VND2026,vendor,Horizon Cleaning Services,Gate-Management-System,view_manifest,standard,success,0
OP002793,2026-06-24T17:00:35,STF1142,staff,,Baggage-Handling-System,view_manifest,standard,success,0
OP001730,2026-06-24T17:03:45,STF1136,staff,,Cargo-Manifest-System,read_sensor_status,standard,success,0
OP000411,2026-06-24T17:14:34,STF1047,staff,,Baggage-Handling-System,export_report,standard,success,0
OP000098,2026-06-24T17:25:04,STF1146,staff,,Gate-Management-System,download_bulk_data,elevated,success,0
OP002314,2026-06-24T17:28:16,STF1083,staff,,Departure-Control-System,export_report,standard,success,0
OP001619,2026-06-24T17:30:51,STF1037,staff,,Gate-Management-System,view_manifest,standard,success,0
OP001715,2026-06-24T17:40:37,VND2019,vendor,Falcon Cargo Handling,Cargo-Manifest-System,view_manifest,standard,success,0
OP001862,2026-06-24T17:56:07,VND2002,vendor,Horizon Cleaning Services,Cargo-Manifest-System,view_manifest,standard,success,0
OP000751,2026-06-24T18:21:43,STF1134,staff,,Departure-Control-System,read_sensor_status,standard,success,0
OP000360,2026-06-24T19:01:15,VND2033,vendor,Meridian Aircraft Maintenance,Airfield-Ops-Portal,modify_routing_rule,elevated,success,1
OP000218,2026-06-24T19:14:14,VND2011,vendor,Falcon Cargo Handling,Cargo-Manifest-System,read_sensor_status,standard,success,0
OP001462,2026-06-24T19:30:28,STF1117,staff,,Gate-Management-System,read_sensor_status,standard,success,0
OP001943,2026-06-24T19:45:27,STF1165,staff,,Departure-Control-System,update_schedule,standard,success,0
OP001672,2026-06-24T19:46:22,STF1066,staff,,Departure-Control-System,read_sensor_status,standard,success,0
OP002726,2026-06-24T20:17:38,STF1020,staff,,Departure-Control-System,update_schedule,standard,success,0
OP002824,2026-06-24T20:54:07,STF1131,staff,,Baggage-Handling-System,export_report,standard,success,0
OP000978,2026-06-24T20:56:03,VND2034,vendor,SkyLink Ground Services,Departure-Control-System,download_bulk_data,elevated,success,0
OP000097,2026-06-24T20:57:51,STF1011,staff,,Airfield-Ops-Portal,read_sensor_status,standard,success,0
OP001422,2026-06-24T21:03:02,VND2002,vendor,Horizon Cleaning Services,Airfield-Ops-Portal,modify_routing_rule,elevated,success,0
OP002409,2026-06-24T21:30:56,STF1083,staff,,Departure-Control-System,admin_config_change,elevated,success,0
OP002296,2026-06-24T21:38:37,STF1063,staff,,Gate-Management-System,view_manifest,standard,success,0
OP002977,2026-06-24T21:43:07,STF1116,staff,,Cargo-Manifest-System,view_manifest,standard,success,0
OP002487,2026-06-24T21:43:31,VND2007,vendor,SkyLink Ground Services,Cargo-Manifest-System,read_sensor_status,standard,success,0
OP000518,2026-06-24T21:45:49,VND2017,vendor,Horizon Cleaning Services,Airfield-Ops-Portal,export_report,standard,success,0
OP000594,2026-06-24T21:50:46,VND2022,vendor,Falcon Cargo Handling,Cargo-Manifest-System,update_schedule,standard,success,0
OP000787,2026-06-24T21:57:06,STF1140,staff,,Baggage-Handling-System,export_report,standard,success,0
OP000558,2026-06-25T00:55:50,STF1080,staff,,Airfield-Ops-Portal,view_manifest,standard,success,0
OP001789,2026-06-25T01:09:56,VND2009,vendor,Falcon Cargo Handling,Cargo-Manifest-System,view_manifest,standard,success,0
OP000006,2026-06-25T01:12:19,VND2010,vendor,SkyLink Ground Services,Airfield-Ops-Portal,update_schedule,standard,success,0
OP000883,2026-06-25T01:21:04,STF1000,staff,,Airfield-Ops-Portal,read_sensor_status,standard,success,0
OP000527,2026-06-25T02:24:19,STF1170,staff,,Baggage-Handling-System,view_manifest,standard,success,0
OP001792,2026-06-25T02:37:00,VND2023,vendor,SkyLink Ground Services,Baggage-Handling-System,modify_routing_rule,elevated,success,1
OP003035,2026-06-25T03:07:32,VND2004,vendor,Falcon Cargo Handling,Baggage-Handling-System,modify_routing_rule,elevated,success,0
OP000816,2026-06-25T03:59:56,STF1059,staff,,Airfield-Ops-Portal,modify_routing_rule,elevated,success,0
OP002582,2026-06-25T06:07:56,STF1031,staff,,Baggage-Handling-System,download_bulk_data,elevated,success,0
OP002557,2026-06-25T06:10:30,STF1172,staff,,Baggage-Handling-System,admin_config_change,elevated,success,0
OP002926,2026-06-25T06:10:37,VND2034,vendor,SkyLink Ground Services,Cargo-Manifest-System,modify_routing_rule,elevated,success,0
OP002027,2026-06-25T06:11:13,STF1051,staff,,Gate-Management-System,read_sensor_status,standard,success,0
OP000130,2026-06-25T06:20:25,STF1083,staff,,Baggage-Handling-System,update_schedule,standard,success,0
OP000646,2026-06-25T06:28:49,STF1088,staff,,Cargo-Manifest-System,download_bulk_data,elevated,success,0
OP001194,2026-06-25T07:15:04,VND2012,vendor,AeroFuel Solutions,Airfield-Ops-Portal,export_report,standard,success,0
OP002081,2026-06-25T07:29:18,VND2014,vendor,AeroFuel Solutions,Airfield-Ops-Portal,update_schedule,standard,success,0
OP000123,2026-06-25T07:35:50,VND2003,vendor,Falcon Cargo Handling,Departure-Control-System,view_manifest,standard,success,0
OP001746,2026-06-25T07:36:11,VND2034,vendor,SkyLink Ground Services,Gate-Management-System,read_sensor_status,standard,success,0
OP002963,2026-06-25T07:46:54,VND2011,vendor,Falcon Cargo Handling,Baggage-Handling-System,read_sensor_status,standard,success,0
OP001270,2026-06-25T07:47:01,VND2003,vendor,Falcon Cargo Handling,Airfield-Ops-Portal,update_schedule,standard,denied,0
OP001828,2026-06-25T08:14:50,VND2009,vendor,Falcon Cargo Handling,Departure-Control-System,export_report,standard,success,0
OP002182,2026-06-25T08:28:58,STF1177,staff,,Cargo-Manifest-System,view_manifest,standard,success,0
OP001362,2026-06-25T08:50:29,VND2000,vendor,SkyLink Ground Services,Airfield-Ops-Portal,create_user,elevated,denied,0
OP002675,2026-06-25T09:01:04,STF1032,staff,,Baggage-Handling-System,read_sensor_status,standard,success,0
OP000468,2026-06-25T09:13:05,STF1024,staff,,Departure-Control-System,read_sensor_status,standard,success,0
OP000825,2026-06-25T09:20:56,STF1098,staff,,Baggage-Handling-System,create_user,elevated,success,1
OP001827,2026-06-25T09:23:30,VND2008,vendor,SkyLink Ground Services,Airfield-Ops-Portal,update_schedule,standard,success,0
OP002223,2026-06-25T09:28:46,STF1104,staff,,Gate-Management-System,modify_routing_rule,elevated,success,0
OP002683,2026-06-25T09:43:21,STF1130,staff,,Gate-Management-System,admin_config_change,elevated,success,0
OP001960,2026-06-25T09:47:35,STF1008,staff,,Baggage-Handling-System,view_manifest,standard,success,0
OP000503,2026-06-25T09:59:19,VND2028,vendor,Horizon Cleaning Services,Baggage-Handling-System,export_report,standard,success,0
OP000869,2026-06-25T10:29:28,STF1079,staff,,Airfield-Ops-Portal,export_report,standard,success,0
OP002155,2026-06-25T10:32:28,VND2000,vendor,SkyLink Ground Services,Departure-Control-System,export_report,standard,success,0
OP001776,2026-06-25T10:32:53,STF1008,staff,,Gate-Management-System,view_manifest,standard,success,0
OP002624,2026-06-25T11:04:04,STF1127,staff,,Airfield-Ops-Portal,admin_config_change,elevated,success,0
OP000326,2026-06-25T11:34:57,STF1088,staff,,Departure-Control-System,view_manifest,standard,success,0
OP001254,2026-06-25T11:36:54,VND2007,vendor,SkyLink Ground Services,Airfield-Ops-Portal,modify_routing_rule,elevated,success,0
OP002530,2026-06-25T11:50:28,VND2003,vendor,Falcon Cargo Handling,Baggage-Handling-System,read_sensor_status,standard,success,0
OP000501,2026-06-25T11:59:16,VND2014,vendor,AeroFuel Solutions,Departure-Control-System,modify_routing_rule,elevated,success,0
OP002696,2026-06-25T12:03:42,VND2020,vendor,Coastal Catering Co,Departure-Control-System,view_manifest,standard,success,0
OP000060,2026-06-25T12:34:46,STF1027,staff,,Airfield-Ops-Portal,update_schedule,standard,success,0
OP002621,2026-06-25T12:36:39,VND2022,vendor,Falcon Cargo Handling,Airfield-Ops-Portal,read_sensor_status,standard,success,0
OP003062,2026-06-25T12:36:47,VND2004,vendor,Falcon Cargo Handling,Cargo-Manifest-System,read_sensor_status,standard,success,0
OP001617,2026-06-25T12:47:44,STF1132,staff,,Gate-Management-System,view_manifest,standard,success,0
OP002260,2026-06-25T12:49:33,VND2014,vendor,AeroFuel Solutions,Cargo-Manifest-System,update_schedule,standard,success,0
OP001902,2026-06-25T12:50:53,STF1123,staff,,Gate-Management-System,view_manifest,standard,success,0
OP000884,2026-06-25T12:55:22,VND2026,vendor,Horizon Cleaning Services,Gate-Management-System,read_sensor_status,standard,success,0
OP000781,2026-06-25T13:11:43,STF1007,staff,,Departure-Control-System,read_sensor_status,standard,success,0
OP000744,2026-06-25T13:35:01,STF1100,staff,,Cargo-Manifest-System,read_sensor_status,standard,success,0
OP000298,2026-06-25T13:57:47,VND2013,vendor,Falcon Cargo Handling,Departure-Control-System,export_report,standard,success,0
OP000159,2026-06-25T14:12:30,STF1006,staff,,Gate-Management-System,read_sensor_status,standard,success,0
OP000517,2026-06-25T15:15:18,STF1034,staff,,Baggage-Handling-System,export_report,standard,success,0
OP002354,2026-06-25T15:28:07,VND2006,vendor,Coastal Catering Co,Cargo-Manifest-System,read_sensor_status,standard,success,0
OP001345,2026-06-25T15:30:23,STF1087,staff,,Gate-Management-System,export_report,standard,denied,0
OP000253,2026-06-25T15:43:12,VND2014,vendor,AeroFuel Solutions,Departure-Control-System,read_sensor_status,standard,success,0
OP001236,2026-06-25T16:12:02,STF1179,staff,,Airfield-Ops-Portal,read_sensor_status,standard,success,0
OP001474,2026-06-25T16:23:24,STF1130,staff,,Departure-Control-System,download_bulk_data,elevated,success,0
OP002767,2026-06-25T16:24:13,VND2012,vendor,AeroFuel Solutions,Gate-Management-System,download_bulk_data,elevated,success,0
OP000416,2026-06-25T16:35:30,STF1170,staff,,Cargo-Manifest-System,create_user,elevated,success,0
OP002091,2026-06-25T17:02:49,STF1029,staff,,Airfield-Ops-Portal,export_report,standard,success,0
OP001207,2026-06-25T17:12:43,VND2032,vendor,AeroFuel Solutions,Airfield-Ops-Portal,export_report,standard,success,0
OP002232,2026-06-25T17:15:06,STF1071,staff,,Cargo-Manifest-System,export_report,standard,success,0
OP000176,2026-06-25T17:21:25,VND2026,vendor,Horizon Cleaning Services,Baggage-Handling-System,view_manifest,standard,success,0
OP002600,2026-06-25T17:25:20,VND2012,vendor,AeroFuel Solutions,Airfield-Ops-Portal,view_manifest,standard,success,0
OP001069,2026-06-25T17:33:49,STF1078,staff,,Cargo-Manifest-System,read_sensor_status,standard,success,0
OP000888,2026-06-25T17:39:34,STF1085,staff,,Departure-Control-System,view_manifest,standard,success,0
OP001853,2026-06-25T17:47:58,VND2015,vendor,AeroFuel Solutions,Airfield-Ops-Portal,update_schedule,standard,success,0
OP000694,2026-06-25T17:58:52,STF1119,staff,,Baggage-Handling-System,view_manifest,standard,success,0
OP001936,2026-06-25T18:20:05,STF1040,staff,,Baggage-Handling-System,modify_routing_rule,elevated,success,0
OP002967,2026-06-25T18:21:18,VND2001,vendor,Meridian Aircraft Maintenance,Airfield-Ops-Portal,export_report,standard,success,0
OP000526,2026-06-25T18:21:19,STF1028,staff,,Gate-Management-System,update_schedule,standard,success,0
OP001798,2026-06-25T18:22:36,STF1094,staff,,Airfield-Ops-Portal,update_schedule,standard,success,0
OP002175,2026-06-25T18:42:46,STF1027,staff,,Airfield-Ops-Portal,view_manifest,standard,success,0
OP001535,2026-06-25T18:53:07,VND2010,vendor,SkyLink Ground Services,Airfield-Ops-Portal,export_report,standard,denied,0
OP001553,2026-06-25T19:02:48,STF1031,staff,,Departure-Control-System,view_manifest,standard,success,0
OP000737,2026-06-25T19:05:23,STF1060,staff,,Cargo-Manifest-System,export_report,standard,success,0
OP001818,2026-06-25T19:42:34,STF1099,staff,,Departure-Control-System,view_manifest,standard,success,0
OP000729,2026-06-25T19:57:16,STF1119,staff,,Cargo-Manifest-System,create_user,elevated,success,0
OP002415,2026-06-25T20:08:18,VND2030,vendor,Meridian Aircraft Maintenance,Airfield-Ops-Portal,view_manifest,standard,success,0
OP002496,2026-06-25T20:42:47,STF1143,staff,,Departure-Control-System,update_schedule,standard,success,0
OP000109,2026-06-25T20:45:59,STF1116,staff,,Departure-Control-System,read_sensor_status,standard,success,0
OP000855,2026-06-25T20:47:46,VND2019,vendor,Falcon Cargo Handling,Cargo-Manifest-System,export_report,standard,success,0
OP002013,2026-06-25T20:54:07,STF1040,staff,,Cargo-Manifest-System,export_report,standard,success,0
OP001107,2026-06-25T21:06:53,STF1126,staff,,Cargo-Manifest-System,download_bulk_data,elevated,success,0
OP001921,2026-06-25T21:10:41,STF1169,staff,,Gate-Management-System,view_manifest,standard,success,0
OP000797,2026-06-25T21:32:09,VND2030,vendor,Meridian Aircraft Maintenance,Departure-Control-System,modify_routing_rule,elevated,success,0
OP001096,2026-06-25T21:45:27,STF1075,staff,,Departure-Control-System,read_sensor_status,standard,success,0
OP001302,2026-06-25T21:49:28,VND2030,vendor,Meridian Aircraft Maintenance,Gate-Management-System,view_manifest,standard,success,0
OP002814,2026-06-25T21:50:08,VND2005,vendor,AeroFuel Solutions,Gate-Management-System,export_report,standard,success,0
OP002219,2026-06-26T03:51:14,VND2019,vendor,Falcon Cargo Handling,Cargo-Manifest-System,view_manifest,standard,success,0
OP000183,2026-06-26T04:13:21,VND2013,vendor,Falcon Cargo Handling,Gate-Management-System,view_manifest,standard,denied,0
OP001733,2026-06-26T06:50:44,STF1145,staff,,Cargo-Manifest-System,modify_routing_rule,elevated,success,0
OP000361,2026-06-26T07:47:24,STF1024,staff,,Departure-Control-System,modify_routing_rule,elevated,success,0
OP000115,2026-06-26T07:47:55,STF1126,staff,,Departure-Control-System,view_manifest,standard,success,0
OP000380,2026-06-26T08:09:44,STF1109,staff,,Baggage-Handling-System,view_manifest,standard,success,0
OP002894,2026-06-26T08:10:18,STF1021,staff,,Airfield-Ops-Portal,download_bulk_data,elevated,success,0
OP002749,2026-06-26T08:51:13,VND2030,vendor,Meridian Aircraft Maintenance,Gate-Management-System,admin_config_change,elevated,success,0
OP002641,2026-06-26T08:57:19,STF1053,staff,,Gate-Management-System,download_bulk_data,elevated,success,0
OP000817,2026-06-26T09:14:55,STF1026,staff,,Baggage-Handling-System,export_report,standard,success,0
OP001753,2026-06-26T09:20:56,VND2009,vendor,Falcon Cargo Handling,Airfield-Ops-Portal,view_manifest,standard,success,0
OP000301,2026-06-26T09:40:04,STF1017,staff,,Cargo-Manifest-System,view_manifest,standard,success,0
OP001676,2026-06-26T09:42:18,STF1154,staff,,Airfield-Ops-Portal,update_schedule,standard,success,0
OP002653,2026-06-26T10:09:25,STF1167,staff,,Airfield-Ops-Portal,create_user,elevated,success,1
OP000137,2026-06-26T10:10:40,VND2026,vendor,Horizon Cleaning Services,Baggage-Handling-System,export_report,standard,success,0
OP002579,2026-06-26T10:12:21,STF1112,staff,,Cargo-Manifest-System,update_schedule,standard,success,0
OP001224,2026-06-26T10:20:47,VND2026,vendor,Horizon Cleaning Services,Cargo-Manifest-System,view_manifest,standard,success,0
OP002731,2026-06-26T10:28:44,STF1007,staff,,Baggage-Handling-System,download_bulk_data,elevated,success,0
OP002858,2026-06-26T10:32:34,VND2012,vendor,AeroFuel Solutions,Gate-Management-System,read_sensor_status,standard,success,0
OP001146,2026-06-26T10:43:22,STF1055,staff,,Airfield-Ops-Portal,create_user,elevated,success,0
OP000949,2026-06-26T10:58:06,STF1121,staff,,Cargo-Manifest-System,view_manifest,standard,success,0
OP002234,2026-06-26T11:07:13,VND2000,vendor,SkyLink Ground Services,Gate-Management-System,view_manifest,standard,success,0
OP001389,2026-06-26T11:08:43,STF1067,staff,,Cargo-Manifest-System,update_schedule,standard,success,0
OP002113,2026-06-26T11:09:52,STF1033,staff,,Cargo-Manifest-System,view_manifest,standard,denied,0
OP000932,2026-06-26T11:21:58,VND2032,vendor,AeroFuel Solutions,Baggage-Handling-System,update_schedule,standard,success,0
OP001157,2026-06-26T11:33:54,VND2006,vendor,Coastal Catering Co,Baggage-Handling-System,read_sensor_status,standard,success,0
OP003075,2026-06-26T11:49:16,STF1138,staff,,Gate-Management-System,view_manifest,standard,success,0
OP002157,2026-06-26T12:01:10,STF1125,staff,,Departure-Control-System,export_report,standard,success,0
OP002832,2026-06-26T12:02:36,STF1007,staff,,Baggage-Handling-System,export_report,standard,success,0
OP000025,2026-06-26T12:29:17,VND2021,vendor,Falcon Cargo Handling,Airfield-Ops-Portal,download_bulk_data,elevated,success,0
OP000613,2026-06-26T12:30:12,STF1141,staff,,Gate-Management-System,export_report,standard,success,0
OP002324,2026-06-26T12:31:15,STF1076,staff,,Cargo-Manifest-System,update_schedule,standard,success,0
OP002965,2026-06-26T13:03:07,STF1001,staff,,Departure-Control-System,view_manifest,standard,success,0
OP000362,2026-06-26T13:17:39,VND2008,vendor,SkyLink Ground Services,Departure-Control-System,read_sensor_status,standard,success,0
OP000822,2026-06-26T13:21:31,STF1161,staff,,Cargo-Manifest-System,export_report,standard,success,0
OP000946,2026-06-26T13:33:47,STF1021,staff,,Airfield-Ops-Portal,export_report,standard,success,0
OP001615,2026-06-26T13:39:52,STF1164,staff,,Departure-Control-System,view_manifest,standard,success,0
OP000521,2026-06-26T14:01:49,STF1004,staff,,Cargo-Manifest-System,export_report,standard,success,0
OP000429,2026-06-26T14:27:12,STF1070,staff,,Airfield-Ops-Portal,view_manifest,standard,success,0
OP002523,2026-06-26T14:57:09,VND2009,vendor,Falcon Cargo Handling,Departure-Control-System,download_bulk_data,elevated,success,0
OP001275,2026-06-26T15:17:03,VND2000,vendor,SkyLink Ground Services,Cargo-Manifest-System,modify_routing_rule,elevated,success,0
OP003093,2026-06-26T15:26:58,STF1059,staff,,Cargo-Manifest-System,update_schedule,standard,success,0
OP002124,2026-06-26T15:41:11,VND2025,vendor,SkyLink Ground Services,Airfield-Ops-Portal,export_report,standard,success,0
OP000002,2026-06-26T16:08:07,STF1070,staff,,Baggage-Handling-System,admin_config_change,elevated,success,0
OP001346,2026-06-26T16:22:12,STF1011,staff,,Airfield-Ops-Portal,view_manifest,standard,success,0
OP000836,2026-06-26T16:22:13,STF1110,staff,,Gate-Management-System,view_manifest,standard,success,0
OP000805,2026-06-26T16:39:06,VND2006,vendor,Coastal Catering Co,Baggage-Handling-System,update_schedule,standard,success,0
OP001823,2026-06-26T16:45:46,VND2012,vendor,AeroFuel Solutions,Gate-Management-System,export_report,standard,success,0
OP002372,2026-06-26T16:46:21,VND2024,vendor,AeroFuel Solutions,Airfield-Ops-Portal,read_sensor_status,standard,success,0
OP002049,2026-06-26T16:52:30,STF1078,staff,,Gate-Management-System,view_manifest,standard,success,0
OP001243,2026-06-26T16:55:04,VND2022,vendor,Falcon Cargo Handling,Departure-Control-System,export_report,standard,success,0
OP001351,2026-06-26T17:25:52,STF1162,staff,,Departure-Control-System,view_manifest,standard,success,0
OP001524,2026-06-26T17:37:35,STF1158,staff,,Baggage-Handling-System,view_manifest,standard,success,0
OP001819,2026-06-26T18:06:40,VND2015,vendor,AeroFuel Solutions,Departure-Control-System,modify_routing_rule,elevated,success,0
OP002333,2026-06-26T18:21:36,STF1176,staff,,Baggage-Handling-System,create_user,elevated,success,0
OP001893,2026-06-26T18:48:47,VND2016,vendor,AeroFuel Solutions,Cargo-Manifest-System,export_report,standard,success,0
OP002248,2026-06-26T18:59:58,STF1089,staff,,Departure-Control-System,download_bulk_data,elevated,success,0
OP002787,2026-06-26T19:12:38,STF1136,staff,,Airfield-Ops-Portal,view_manifest,standard,success,0
OP001158,2026-06-26T19:43:28,VND2014,vendor,AeroFuel Solutions,Cargo-Manifest-System,update_schedule,standard,success,0
OP001917,2026-06-26T20:01:46,STF1085,staff,,Gate-Management-System,view_manifest,standard,success,0
OP001489,2026-06-26T20:43:10,STF1101,staff,,Baggage-Handling-System,read_sensor_status,standard,success,0
OP001868,2026-06-26T20:49:27,VND2011,vendor,Falcon Cargo Handling,Cargo-Manifest-System,download_bulk_data,elevated,success,0
OP000121,2026-06-26T21:02:17,VND2020,vendor,Coastal Catering Co,Cargo-Manifest-System,modify_routing_rule,elevated,success,0
OP001940,2026-06-26T21:17:58,VND2025,vendor,SkyLink Ground Services,Departure-Control-System,admin_config_change,elevated,success,0
OP000534,2026-06-26T21:30:08,STF1002,staff,,Baggage-Handling-System,view_manifest,standard,success,0
OP002790,2026-06-26T21:44:56,STF1112,staff,,Cargo-Manifest-System,read_sensor_status,standard,success,0
OP000922,2026-06-26T21:58:36,STF1073,staff,,Cargo-Manifest-System,view_manifest,standard,success,0
OP001000,2026-06-27T00:27:13,STF1137,staff,,Departure-Control-System,export_report,standard,success,0
OP003060,2026-06-27T04:26:39,STF1107,staff,,Airfield-Ops-Portal,view_manifest,standard,success,0
OP002697,2026-06-27T06:01:07,STF1133,staff,,Gate-Management-System,update_schedule,standard,denied,0
OP001879,2026-06-27T06:20:31,STF1136,staff,,Cargo-Manifest-System,download_bulk_data,elevated,success,0
OP001149,2026-06-27T06:20:37,VND2001,vendor,Meridian Aircraft Maintenance,Baggage-Handling-System,download_bulk_data,elevated,success,0
OP000132,2026-06-27T06:57:42,STF1075,staff,,Gate-Management-System,create_user,elevated,success,0
OP000257,2026-06-27T07:18:43,VND2003,vendor,Falcon Cargo Handling,Gate-Management-System,modify_routing_rule,elevated,success,0
OP002629,2026-06-27T07:22:22,STF1012,staff,,Cargo-Manifest-System,modify_routing_rule,elevated,success,0
OP000773,2026-06-27T07:43:43,STF1049,staff,,Gate-Management-System,read_sensor_status,standard,success,0
OP000353,2026-06-27T07:48:31,VND2007,vendor,SkyLink Ground Services,Baggage-Handling-System,modify_routing_rule,elevated,success,0
OP001077,2026-06-27T07:57:06,VND2030,vendor,Meridian Aircraft Maintenance,Departure-Control-System,create_user,elevated,success,0
OP001049,2026-06-27T08:04:23,VND2002,vendor,Horizon Cleaning Services,Airfield-Ops-Portal,view_manifest,standard,success,0
OP000129,2026-06-27T08:35:16,STF1087,staff,,Airfield-Ops-Portal,modify_routing_rule,elevated,success,0
OP002211,2026-06-27T08:36:05,STF1178,staff,,Departure-Control-System,update_schedule,standard,success,0
OP000052,2026-06-27T08:54:43,VND2025,vendor,SkyLink Ground Services,Cargo-Manifest-System,read_sensor_status,standard,success,0
OP000677,2026-06-27T09:21:48,VND2011,vendor,Falcon Cargo Handling,Baggage-Handling-System,update_schedule,standard,success,0
OP001548,2026-06-27T09:31:31,STF1023,staff,,Gate-Management-System,export_report,standard,success,0
OP003057,2026-06-27T09:47:16,STF1089,staff,,Gate-Management-System,update_schedule,standard,success,0
OP002205,2026-06-27T10:03:06,STF1060,staff,,Airfield-Ops-Portal,export_report,standard,success,0
OP000672,2026-06-27T10:25:55,STF1102,staff,,Baggage-Handling-System,update_schedule,standard,success,0
OP001711,2026-06-27T10:31:12,STF1031,staff,,Airfield-Ops-Portal,view_manifest,standard,success,0
OP001359,2026-06-27T10:47:34,STF1122,staff,,Gate-Management-System,read_sensor_status,standard,success,0
OP002843,2026-06-27T11:35:16,VND2000,vendor,SkyLink Ground Services,Departure-Control-System,export_report,standard,success,0
OP001596,2026-06-27T11:42:18,STF1065,staff,,Airfield-Ops-Portal,view_manifest,standard,success,0
OP000698,2026-06-27T12:05:30,STF1041,staff,,Baggage-Handling-System,admin_config_change,elevated,success,0
OP001029,2026-06-27T12:23:25,STF1147,staff,,Gate-Management-System,export_report,standard,success,0
OP002867,2026-06-27T12:27:15,STF1019,staff,,Airfield-Ops-Portal,update_schedule,standard,success,0
OP002828,2026-06-27T12:51:52,STF1031,staff,,Baggage-Handling-System,admin_config_change,elevated,success,0
OP000972,2026-06-27T14:18:25,STF1159,staff,,Gate-Management-System,modify_routing_rule,elevated,success,0
OP000605,2026-06-27T14:32:55,VND2004,vendor,Falcon Cargo Handling,Gate-Management-System,read_sensor_status,standard,success,0
OP002940,2026-06-27T14:58:13,STF1154,staff,,Baggage-Handling-System,download_bulk_data,elevated,success,0
OP000992,2026-06-27T15:36:55,VND2024,vendor,AeroFuel Solutions,Airfield-Ops-Portal,view_manifest,standard,success,0
OP000481,2026-06-27T16:05:15,STF1037,staff,,Gate-Management-System,read_sensor_status,standard,success,0
OP002719,2026-06-27T16:33:38,STF1040,staff,,Gate-Management-System,export_report,standard,success,0
OP001141,2026-06-27T16:35:54,VND2003,vendor,Falcon Cargo Handling,Cargo-Manifest-System,update_schedule,standard,success,0
OP000277,2026-06-27T16:57:16,STF1020,staff,,Departure-Control-System,create_user,elevated,success,0
OP000395,2026-06-27T17:13:42,STF1090,staff,,Cargo-Manifest-System,update_schedule,standard,success,0
OP001041,2026-06-27T17:20:04,STF1177,staff,,Baggage-Handling-System,read_sensor_status,standard,success,0
OP003028,2026-06-27T18:02:34,VND2015,vendor,AeroFuel Solutions,Airfield-Ops-Portal,read_sensor_status,standard,success,0
OP001401,2026-06-27T18:20:05,STF1154,staff,,Baggage-Handling-System,view_manifest,standard,success,0
OP002055,2026-06-27T18:25:17,STF1045,staff,,Gate-Management-System,view_manifest,standard,denied,0
OP002310,2026-06-27T18:59:41,VND2009,vendor,Falcon Cargo Handling,Baggage-Handling-System,update_schedule,standard,success,0
OP002613,2026-06-27T19:10:54,VND2032,vendor,AeroFuel Solutions,Baggage-Handling-System,view_manifest,standard,success,0
OP002458,2026-06-27T19:22:15,STF1102,staff,,Baggage-Handling-System,modify_routing_rule,elevated,success,0
OP001453,2026-06-27T20:13:48,STF1062,staff,,Airfield-Ops-Portal,view_manifest,standard,success,0
OP001864,2026-06-27T20:28:17,STF1174,staff,,Airfield-Ops-Portal,read_sensor_status,standard,success,0
OP001240,2026-06-27T20:56:39,STF1058,staff,,Departure-Control-System,view_manifest,standard,success,0
OP000752,2026-06-27T21:07:54,STF1026,staff,,Baggage-Handling-System,export_report,standard,success,0
OP000682,2026-06-27T21:17:13,STF1153,staff,,Departure-Control-System,export_report,standard,success,0
OP001779,2026-06-27T23:26:45,STF1149,staff,,Departure-Control-System,modify_routing_rule,elevated,denied,1
OP000815,2026-06-28T00:21:50,VND2005,vendor,AeroFuel Solutions,Cargo-Manifest-System,view_manifest,standard,success,0
OP001706,2026-06-28T01:02:09,VND2031,vendor,Meridian Aircraft Maintenance,Cargo-Manifest-System,update_schedule,standard,success,0
OP003044,2026-06-28T02:23:00,STF1041,staff,,Cargo-Manifest-System,read_sensor_status,standard,success,0
OP000853,2026-06-28T03:12:17,STF1158,staff,,Cargo-Manifest-System,modify_routing_rule,elevated,success,0
OP000782,2026-06-28T03:24:11,VND2003,vendor,Falcon Cargo Handling,Departure-Control-System,export_report,standard,success,0
OP001578,2026-06-28T06:08:46,STF1124,staff,,Baggage-Handling-System,view_manifest,standard,success,0
OP000984,2026-06-28T06:54:35,STF1034,staff,,Airfield-Ops-Portal,export_report,standard,success,0
OP003020,2026-06-28T07:11:26,STF1014,staff,,Departure-Control-System,export_report,standard,success,0
OP001594,2026-06-28T07:16:54,VND2012,vendor,AeroFuel Solutions,Baggage-Handling-System,update_schedule,standard,success,0
OP001743,2026-06-28T07:29:07,STF1045,staff,,Baggage-Handling-System,export_report,standard,success,0
OP000712,2026-06-28T07:42:00,VND2012,vendor,AeroFuel Solutions,Airfield-Ops-Portal,view_manifest,standard,success,0
OP002454,2026-06-28T07:46:50,VND2004,vendor,Falcon Cargo Handling,Departure-Control-System,export_report,standard,success,0
OP001274,2026-06-28T07:53:48,STF1028,staff,,Cargo-Manifest-System,read_sensor_status,standard,success,0
OP000190,2026-06-28T08:12:27,STF1168,staff,,Airfield-Ops-Portal,admin_config_change,elevated,success,0
OP000837,2026-06-28T08:25:04,STF1147,staff,,Cargo-Manifest-System,view_manifest,standard,success,0
OP001844,2026-06-28T08:37:40,VND2013,vendor,Falcon Cargo Handling,Baggage-Handling-System,read_sensor_status,standard,success,0
OP002102,2026-06-28T08:49:39,VND2012,vendor,AeroFuel Solutions,Airfield-Ops-Portal,export_report,standard,success,0
OP003038,2026-06-28T09:09:54,VND2024,vendor,AeroFuel Solutions,Gate-Management-System,view_manifest,standard,success,0
OP000874,2026-06-28T09:38:47,VND2015,vendor,AeroFuel Solutions,Gate-Management-System,view_manifest,standard,success,0
OP001129,2026-06-28T09:46:49,STF1048,staff,,Departure-Control-System,read_sensor_status,standard,success,0
OP001482,2026-06-28T09:49:49,VND2019,vendor,Falcon Cargo Handling,Departure-Control-System,export_report,standard,success,0
OP001165,2026-06-28T09:52:13,VND2026,vendor,Horizon Cleaning Services,Airfield-Ops-Portal,read_sensor_status,standard,success,0
OP000882,2026-06-28T09:56:05,STF1080,staff,,Airfield-Ops-Portal,update_schedule,standard,success,0
OP000065,2026-06-28T10:04:04,STF1156,staff,,Departure-Control-System,view_manifest,standard,success,0
OP001602,2026-06-28T10:05:38,VND2007,vendor,SkyLink Ground Services,Cargo-Manifest-System,create_user,elevated,success,0
OP002770,2026-06-28T10:13:06,VND2003,vendor,Falcon Cargo Handling,Airfield-Ops-Portal,read_sensor_status,standard,success,0
OP001874,2026-06-28T10:22:54,VND2030,vendor,Meridian Aircraft Maintenance,Baggage-Handling-System,export_report,standard,success,0
OP001160,2026-06-28T10:24:15,STF1035,staff,,Cargo-Manifest-System,download_bulk_data,elevated,success,0
OP002672,2026-06-28T10:32:09,STF1065,staff,,Baggage-Handling-System,download_bulk_data,elevated,success,0
OP000348,2026-06-28T10:56:37,STF1011,staff,,Baggage-Handling-System,export_report,standard,success,0
OP002442,2026-06-28T11:17:22,STF1092,staff,,Airfield-Ops-Portal,create_user,elevated,success,0
OP001128,2026-06-28T11:22:06,STF1062,staff,,Airfield-Ops-Portal,read_sensor_status,standard,success,0
OP000101,2026-06-28T11:44:50,VND2016,vendor,AeroFuel Solutions,Cargo-Manifest-System,modify_routing_rule,elevated,success,0
OP002139,2026-06-28T11:50:53,STF1162,staff,,Airfield-Ops-Portal,read_sensor_status,standard,success,0
OP002912,2026-06-28T12:01:22,VND2000,vendor,SkyLink Ground Services,Airfield-Ops-Portal,export_report,standard,success,0
OP002393,2026-06-28T12:18:49,VND2015,vendor,AeroFuel Solutions,Gate-Management-System,export_report,standard,success,0
OP000209,2026-06-28T12:49:32,STF1115,staff,,Gate-Management-System,view_manifest,standard,success,0
OP000422,2026-06-28T12:53:10,STF1166,staff,,Airfield-Ops-Portal,update_schedule,standard,success,0
OP001310,2026-06-28T13:03:28,STF1094,staff,,Cargo-Manifest-System,modify_routing_rule,elevated,success,0
OP001967,2026-06-28T13:18:33,STF1146,staff,,Airfield-Ops-Portal,download_bulk_data,elevated,success,0
OP002708,2026-06-28T13:27:34,STF1012,staff,,Departure-Control-System,read_sensor_status,standard,success,0
OP000404,2026-06-28T14:30:36,STF1060,staff,,Gate-Management-System,read_sensor_status,standard,success,0
OP002218,2026-06-28T14:31:03,VND2016,vendor,AeroFuel Solutions,Gate-Management-System,export_report,standard,success,0
OP002064,2026-06-28T14:38:48,VND2029,vendor,Horizon Cleaning Services,Departure-Control-System,export_report,standard,success,0
OP002380,2026-06-28T15:12:20,STF1009,staff,,Gate-Management-System,view_manifest,standard,success,0
OP002519,2026-06-28T15:25:15,VND2025,vendor,SkyLink Ground Services,Airfield-Ops-Portal,view_manifest,standard,success,0
OP001637,2026-06-28T15:34:15,STF1175,staff,,Airfield-Ops-Portal,modify_routing_rule,elevated,success,0
OP000607,2026-06-28T15:34:17,VND2031,vendor,Meridian Aircraft Maintenance,Departure-Control-System,view_manifest,standard,success,0
OP000031,2026-06-28T15:54:12,STF1137,staff,,Baggage-Handling-System,view_manifest,standard,success,0
OP001873,2026-06-28T16:09:46,VND2027,vendor,Meridian Aircraft Maintenance,Departure-Control-System,admin_config_change,elevated,success,0
OP001264,2026-06-28T16:11:10,VND2011,vendor,Falcon Cargo Handling,Airfield-Ops-Portal,view_manifest,standard,success,0
OP002294,2026-06-28T16:38:08,STF1075,staff,,Airfield-Ops-Portal,read_sensor_status,standard,success,0
OP001601,2026-06-28T16:48:06,STF1071,staff,,Cargo-Manifest-System,create_user,elevated,success,0
OP002536,2026-06-28T17:13:16,STF1163,staff,,Gate-Management-System,update_schedule,standard,success,0
OP000325,2026-06-28T17:19:42,STF1132,staff,,Departure-Control-System,view_manifest,standard,success,0
OP002609,2026-06-28T18:21:46,STF1034,staff,,Baggage-Handling-System,create_user,elevated,success,0
OP001473,2026-06-28T18:50:38,STF1098,staff,,Departure-Control-System,modify_routing_rule,elevated,denied,1
OP000223,2026-06-28T18:53:41,STF1142,staff,,Gate-Management-System,read_sensor_status,standard,success,0
OP001454,2026-06-28T19:03:30,STF1069,staff,,Gate-Management-System,read_sensor_status,standard,success,0
OP002656,2026-06-28T19:08:14,STF1079,staff,,Airfield-Ops-Portal,modify_routing_rule,elevated,success,0
OP001130,2026-06-28T19:13:24,STF1067,staff,,Gate-Management-System,download_bulk_data,elevated,success,0
OP000610,2026-06-28T19:13:35,STF1145,staff,,Departure-Control-System,update_schedule,standard,success,0
OP000590,2026-06-28T19:39:19,STF1144,staff,,Departure-Control-System,view_manifest,standard,success,0
OP000603,2026-06-28T19:49:58,STF1164,staff,,Departure-Control-System,admin_config_change,elevated,denied,1
OP000595,2026-06-28T19:53:25,VND2013,vendor,Falcon Cargo Handling,Gate-Management-System,export_report,standard,success,0
OP002637,2026-06-28T19:59:27,VND2018,vendor,Falcon Cargo Handling,Baggage-Handling-System,modify_routing_rule,elevated,success,0
OP000495,2026-06-28T20:02:42,STF1012,staff,,Cargo-Manifest-System,export_report,standard,denied,0
OP000629,2026-06-28T20:18:18,STF1094,staff,,Airfield-Ops-Portal,update_schedule,standard,success,0
OP000100,2026-06-28T20:23:17,STF1179,staff,,Airfield-Ops-Portal,update_schedule,standard,success,0
OP002286,2026-06-28T20:24:17,STF1114,staff,,Baggage-Handling-System,export_report,standard,success,0
OP002201,2026-06-28T20:52:56,STF1174,staff,,Gate-Management-System,view_manifest,standard,success,0
OP001740,2026-06-28T21:28:12,VND2021,vendor,Falcon Cargo Handling,Baggage-Handling-System,update_schedule,standard,success,0
OP000858,2026-06-28T21:30:11,STF1019,staff,,Baggage-Handling-System,view_manifest,standard,success,0
OP000762,2026-06-28T21:51:48,STF1086,staff,,Gate-Management-System,view_manifest,standard,success,0
OP002377,2026-06-28T21:54:22,STF1128,staff,,Airfield-Ops-Portal,view_manifest,standard,success,0
OP002856,2026-06-28T23:32:28,STF1082,staff,,Airfield-Ops-Portal,create_user,elevated,success,0
OP002144,2026-06-29T00:41:52,VND2033,vendor,Meridian Aircraft Maintenance,Baggage-Handling-System,download_bulk_data,elevated,success,1
OP002599,2026-06-29T01:12:14,VND2031,vendor,Meridian Aircraft Maintenance,Baggage-Handling-System,update_schedule,standard,success,0
OP001932,2026-06-29T01:36:46,VND2018,vendor,Falcon Cargo Handling,Gate-Management-System,update_schedule,standard,success,0
OP000651,2026-06-29T02:17:57,VND2033,vendor,Meridian Aircraft Maintenance,Departure-Control-System,download_bulk_data,elevated,denied,1
OP000356,2026-06-29T02:29:58,STF1177,staff,,Departure-Control-System,export_report,standard,success,0
OP002018,2026-06-29T06:59:31,VND2017,vendor,Horizon Cleaning Services,Departure-Control-System,admin_config_change,elevated,success,0
OP003043,2026-06-29T07:05:34,STF1094,staff,,Cargo-Manifest-System,create_user,elevated,success,0
OP000823,2026-06-29T07:51:02,STF1112,staff,,Departure-Control-System,view_manifest,standard,success,0
OP001226,2026-06-29T08:00:07,STF1124,staff,,Cargo-Manifest-System,export_report,standard,success,0
OP000107,2026-06-29T08:22:33,STF1053,staff,,Baggage-Handling-System,update_schedule,standard,success,0
OP002010,2026-06-29T08:23:46,STF1023,staff,,Departure-Control-System,read_sensor_status,standard,success,0
OP000689,2026-06-29T08:30:42,VND2030,vendor,Meridian Aircraft Maintenance,Airfield-Ops-Portal,create_user,elevated,success,0
OP001467,2026-06-29T08:35:29,STF1166,staff,,Airfield-Ops-Portal,update_schedule,standard,success,0
OP000435,2026-06-29T08:48:58,STF1124,staff,,Airfield-Ops-Portal,update_schedule,standard,success,0
OP002433,2026-06-29T08:50:39,VND2005,vendor,AeroFuel Solutions,Departure-Control-System,view_manifest,standard,success,0
OP003040,2026-06-29T08:59:56,STF1014,staff,,Baggage-Handling-System,update_schedule,standard,success,0
OP002839,2026-06-29T09:16:20,VND2025,vendor,SkyLink Ground Services,Airfield-Ops-Portal,modify_routing_rule,elevated,success,0
OP002271,2026-06-29T09:26:15,STF1043,staff,,Baggage-Handling-System,view_manifest,standard,success,0
OP000733,2026-06-29T09:28:09,VND2034,vendor,SkyLink Ground Services,Gate-Management-System,update_schedule,standard,success,0
OP002075,2026-06-29T09:43:13,VND2004,vendor,Falcon Cargo Handling,Cargo-Manifest-System,admin_config_change,elevated,success,0
OP000415,2026-06-29T09:44:27,STF1066,staff,,Gate-Management-System,update_schedule,standard,success,0
OP001461,2026-06-29T10:18:17,STF1043,staff,,Cargo-Manifest-System,view_manifest,standard,success,0
OP001048,2026-06-29T10:36:28,VND2021,vendor,Falcon Cargo Handling,Cargo-Manifest-System,update_schedule,standard,success,0
OP000770,2026-06-29T10:49:42,STF1146,staff,,Cargo-Manifest-System,view_manifest,standard,success,0
OP001865,2026-06-29T10:55:54,STF1119,staff,,Cargo-Manifest-System,update_schedule,standard,success,0
OP000899,2026-06-29T10:59:36,STF1038,staff,,Baggage-Handling-System,read_sensor_status,standard,success,0
OP000466,2026-06-29T11:01:36,STF1027,staff,,Gate-Management-System,modify_routing_rule,elevated,success,0
OP000270,2026-06-29T11:02:07,STF1149,staff,,Baggage-Handling-System,admin_config_change,elevated,success,1
OP000081,2026-06-29T11:13:21,VND2030,vendor,Meridian Aircraft Maintenance,Cargo-Manifest-System,view_manifest,standard,success,0
OP000891,2026-06-29T11:15:27,STF1110,staff,,Gate-Management-System,update_schedule,standard,denied,0
OP000251,2026-06-29T11:47:28,VND2003,vendor,Falcon Cargo Handling,Airfield-Ops-Portal,read_sensor_status,standard,success,0
OP003082,2026-06-29T11:51:47,VND2032,vendor,AeroFuel Solutions,Cargo-Manifest-System,admin_config_change,elevated,success,0
OP001379,2026-06-29T12:00:29,STF1031,staff,,Gate-Management-System,download_bulk_data,elevated,success,0
OP001038,2026-06-29T12:12:32,STF1036,staff,,Cargo-Manifest-System,view_manifest,standard,success,0
OP003079,2026-06-29T12:18:27,VND2031,vendor,Meridian Aircraft Maintenance,Airfield-Ops-Portal,modify_routing_rule,elevated,success,0
OP001964,2026-06-29T12:42:31,STF1015,staff,,Gate-Management-System,update_schedule,standard,success,0
OP000354,2026-06-29T13:39:07,STF1038,staff,,Departure-Control-System,update_schedule,standard,success,0
OP001876,2026-06-29T13:44:53,VND2008,vendor,SkyLink Ground Services,Baggage-Handling-System,view_manifest,standard,success,0
OP001685,2026-06-29T13:55:12,VND2013,vendor,Falcon Cargo Handling,Airfield-Ops-Portal,read_sensor_status,standard,success,0
OP001494,2026-06-29T14:01:29,VND2018,vendor,Falcon Cargo Handling,Airfield-Ops-Portal,view_manifest,standard,success,0
OP001649,2026-06-29T14:21:08,STF1043,staff,,Departure-Control-System,download_bulk_data,elevated,success,0
OP002173,2026-06-29T14:36:55,STF1077,staff,,Gate-Management-System,modify_routing_rule,elevated,success,0
OP000465,2026-06-29T15:06:12,STF1092,staff,,Gate-Management-System,view_manifest,standard,success,0
OP000213,2026-06-29T15:27:08,STF1095,staff,,Cargo-Manifest-System,view_manifest,standard,success,0
OP001503,2026-06-29T15:36:45,VND2017,vendor,Horizon Cleaning Services,Departure-Control-System,update_schedule,standard,success,0
OP002670,2026-06-29T15:45:39,VND2014,vendor,AeroFuel Solutions,Gate-Management-System,view_manifest,standard,success,0
OP002137,2026-06-29T15:46:19,STF1066,staff,,Cargo-Manifest-System,view_manifest,standard,success,0
OP000685,2026-06-29T15:46:59,STF1008,staff,,Airfield-Ops-Portal,read_sensor_status,standard,success,0
OP002267,2026-06-29T16:03:44,VND2006,vendor,Coastal Catering Co,Cargo-Manifest-System,view_manifest,standard,success,0
OP002426,2026-06-29T16:09:10,STF1083,staff,,Baggage-Handling-System,read_sensor_status,standard,success,0
OP002252,2026-06-29T16:09:27,VND2011,vendor,Falcon Cargo Handling,Baggage-Handling-System,view_manifest,standard,success,0
OP000907,2026-06-29T16:16:04,STF1171,staff,,Gate-Management-System,export_report,standard,success,0
OP001531,2026-06-29T16:16:43,VND2016,vendor,AeroFuel Solutions,Gate-Management-System,update_schedule,standard,success,0
OP001869,2026-06-29T16:23:45,VND2012,vendor,AeroFuel Solutions,Airfield-Ops-Portal,export_report,standard,success,0
OP000643,2026-06-29T16:25:55,STF1110,staff,,Gate-Management-System,view_manifest,standard,success,0
OP000663,2026-06-29T16:36:35,STF1080,staff,,Gate-Management-System,update_schedule,standard,success,0
OP000243,2026-06-29T17:10:54,STF1149,staff,,Cargo-Manifest-System,create_user,elevated,denied,1
OP002307,2026-06-29T17:36:50,STF1118,staff,,Cargo-Manifest-System,export_report,standard,success,0
OP002905,2026-06-29T17:49:05,VND2015,vendor,AeroFuel Solutions,Airfield-Ops-Portal,export_report,standard,success,0
OP000138,2026-06-29T17:56:32,STF1062,staff,,Airfield-Ops-Portal,export_report,standard,success,0
OP001348,2026-06-29T18:04:37,STF1091,staff,,Airfield-Ops-Portal,export_report,standard,success,0
OP001800,2026-06-29T18:25:32,STF1004,staff,,Airfield-Ops-Portal,view_manifest,standard,success,0
OP002857,2026-06-29T18:32:12,STF1058,staff,,Baggage-Handling-System,view_manifest,standard,denied,0
OP000589,2026-06-29T18:34:46,VND2005,vendor,AeroFuel Solutions,Cargo-Manifest-System,read_sensor_status,standard,success,0
OP002910,2026-06-29T18:55:54,STF1111,staff,,Departure-Control-System,modify_routing_rule,elevated,success,0
OP001183,2026-06-29T19:08:31,STF1119,staff,,Cargo-Manifest-System,download_bulk_data,elevated,success,0
OP002207,2026-06-29T19:38:17,STF1175,staff,,Gate-Management-System,view_manifest,standard,success,0
OP002405,2026-06-29T19:51:09,VND2029,vendor,Horizon Cleaning Services,Cargo-Manifest-System,read_sensor_status,standard,success,0
OP001866,2026-06-29T19:57:53,STF1110,staff,,Cargo-Manifest-System,view_manifest,standard,success,0
OP002654,2026-06-29T20:02:03,STF1138,staff,,Cargo-Manifest-System,modify_routing_rule,elevated,success,0
OP001387,2026-06-29T20:48:00,VND2013,vendor,Falcon Cargo Handling,Departure-Control-System,update_schedule,standard,success,0
OP001193,2026-06-29T21:03:25,VND2031,vendor,Meridian Aircraft Maintenance,Gate-Management-System,modify_routing_rule,elevated,success,0
OP000162,2026-06-29T21:04:30,VND2006,vendor,Coastal Catering Co,Cargo-Manifest-System,export_report,standard,success,0
OP000649,2026-06-29T21:48:52,VND2028,vendor,Horizon Cleaning Services,Baggage-Handling-System,read_sensor_status,standard,success,0
OP000735,2026-06-29T21:50:20,STF1036,staff,,Cargo-Manifest-System,modify_routing_rule,elevated,success,0
OP002030,2026-06-29T21:56:44,VND2009,vendor,Falcon Cargo Handling,Cargo-Manifest-System,export_report,standard,success,0
OP000457,2026-06-30T01:06:18,STF1002,staff,,Baggage-Handling-System,update_schedule,standard,success,0
OP002596,2026-06-30T02:33:25,STF1036,staff,,Cargo-Manifest-System,read_sensor_status,standard,success,0
OP000714,2026-06-30T03:10:35,VND2023,vendor,SkyLink Ground Services,Gate-Management-System,download_bulk_data,elevated,success,1
OP003014,2026-06-30T06:02:57,STF1070,staff,,Airfield-Ops-Portal,export_report,standard,success,0
OP003066,2026-06-30T06:07:21,STF1082,staff,,Departure-Control-System,update_schedule,standard,success,0
OP002901,2026-06-30T06:24:43,STF1126,staff,,Gate-Management-System,view_manifest,standard,success,0
OP001770,2026-06-30T06:38:32,VND2007,vendor,SkyLink Ground Services,Cargo-Manifest-System,download_bulk_data,elevated,success,0
OP002015,2026-06-30T06:47:34,VND2026,vendor,Horizon Cleaning Services,Airfield-Ops-Portal,read_sensor_status,standard,success,0
OP000697,2026-06-30T06:51:00,STF1154,staff,,Cargo-Manifest-System,export_report,standard,success,0
OP000406,2026-06-30T06:58:30,STF1052,staff,,Airfield-Ops-Portal,modify_routing_rule,elevated,success,0
OP001082,2026-06-30T07:07:14,VND2010,vendor,SkyLink Ground Services,Departure-Control-System,view_manifest,standard,success,0
OP000000,2026-06-30T07:51:17,STF1000,staff,,Gate-Management-System,view_manifest,standard,success,0
OP002855,2026-06-30T07:57:04,STF1121,staff,,Departure-Control-System,read_sensor_status,standard,success,0
OP001057,2026-06-30T08:14:19,STF1017,staff,,Departure-Control-System,view_manifest,standard,success,0
OP002968,2026-06-30T08:22:25,VND2032,vendor,AeroFuel Solutions,Gate-Management-System,view_manifest,standard,success,0
OP002917,2026-06-30T09:00:15,STF1027,staff,,Cargo-Manifest-System,export_report,standard,success,0
OP001576,2026-06-30T09:15:40,STF1132,staff,,Baggage-Handling-System,view_manifest,standard,success,0
OP001498,2026-06-30T09:23:38,STF1151,staff,,Cargo-Manifest-System,modify_routing_rule,elevated,success,0
OP000381,2026-06-30T09:31:04,STF1086,staff,,Cargo-Manifest-System,update_schedule,standard,success,0
OP002427,2026-06-30T09:39:32,STF1106,staff,,Airfield-Ops-Portal,view_manifest,standard,success,0
OP000506,2026-06-30T09:44:43,STF1021,staff,,Gate-Management-System,view_manifest,standard,success,0
OP000172,2026-06-30T09:45:35,STF1072,staff,,Departure-Control-System,update_schedule,standard,success,0
OP000193,2026-06-30T10:05:38,STF1073,staff,,Gate-Management-System,create_user,elevated,success,0
OP000758,2026-06-30T10:13:48,VND2011,vendor,Falcon Cargo Handling,Cargo-Manifest-System,export_report,standard,success,0
OP001603,2026-06-30T10:45:01,STF1146,staff,,Gate-Management-System,view_manifest,standard,success,0
OP003092,2026-06-30T12:02:30,STF1101,staff,,Baggage-Handling-System,download_bulk_data,elevated,success,0
OP001025,2026-06-30T12:31:39,STF1085,staff,,Baggage-Handling-System,read_sensor_status,standard,success,0
OP000447,2026-06-30T12:55:58,STF1100,staff,,Baggage-Handling-System,view_manifest,standard,success,0
OP001758,2026-06-30T13:14:31,VND2007,vendor,SkyLink Ground Services,Departure-Control-System,view_manifest,standard,success,0
OP002899,2026-06-30T13:21:21,VND2009,vendor,Falcon Cargo Handling,Cargo-Manifest-System,admin_config_change,elevated,success,0
OP000835,2026-06-30T13:29:33,STF1147,staff,,Gate-Management-System,update_schedule,standard,success,0
OP002220,2026-06-30T14:03:40,VND2007,vendor,SkyLink Ground Services,Airfield-Ops-Portal,view_manifest,standard,success,0
OP001170,2026-06-30T14:06:54,VND2023,vendor,SkyLink Ground Services,Gate-Management-System,read_sensor_status,standard,success,0
OP002284,2026-06-30T15:10:01,STF1100,staff,,Airfield-Ops-Portal,admin_config_change,elevated,success,0
OP002159,2026-06-30T15:21:14,STF1001,staff,,Baggage-Handling-System,admin_config_change,elevated,success,0
OP003024,2026-06-30T15:56:03,STF1157,staff,,Airfield-Ops-Portal,read_sensor_status,standard,success,0
OP001262,2026-06-30T16:30:35,STF1054,staff,,Baggage-Handling-System,modify_routing_rule,elevated,success,0
OP000235,2026-06-30T16:32:49,VND2027,vendor,Meridian Aircraft Maintenance,Airfield-Ops-Portal,view_manifest,standard,success,0
OP001143,2026-06-30T16:41:30,STF1022,staff,,Airfield-Ops-Portal,admin_config_change,elevated,success,0
OP002938,2026-06-30T17:17:56,STF1120,staff,,Gate-Management-System,download_bulk_data,elevated,success,0
OP002497,2026-06-30T17:23:48,STF1170,staff,,Baggage-Handling-System,update_schedule,standard,success,0
OP002342,2026-06-30T17:54:50,STF1140,staff,,Cargo-Manifest-System,update_schedule,standard,success,0
OP001598,2026-06-30T18:12:39,STF1036,staff,,Baggage-Handling-System,read_sensor_status,standard,success,0
OP001172,2026-06-30T18:17:15,STF1149,staff,,Cargo-Manifest-System,admin_config_change,elevated,success,1
OP000173,2026-06-30T18:32:39,STF1074,staff,,Cargo-Manifest-System,view_manifest,standard,success,0
OP002944,2026-06-30T18:42:16,VND2017,vendor,Horizon Cleaning Services,Departure-Control-System,download_bulk_data,elevated,success,0
OP001232,2026-06-30T19:09:39,STF1168,staff,,Departure-Control-System,view_manifest,standard,success,0
OP001855,2026-06-30T19:10:23,STF1155,staff,,Baggage-Handling-System,create_user,elevated,success,0
OP000846,2026-06-30T19:25:53,VND2008,vendor,SkyLink Ground Services,Cargo-Manifest-System,view_manifest,standard,success,0
OP001955,2026-06-30T19:31:25,STF1067,staff,,Cargo-Manifest-System,read_sensor_status,standard,success,0
OP001198,2026-06-30T19:33:33,STF1012,staff,,Gate-Management-System,view_manifest,standard,success,0
OP002022,2026-06-30T20:24:36,VND2028,vendor,Horizon Cleaning Services,Cargo-Manifest-System,create_user,elevated,success,0
OP001329,2026-06-30T20:24:59,VND2010,vendor,SkyLink Ground Services,Gate-Management-System,modify_routing_rule,elevated,success,0
OP003084,2026-06-30T20:46:31,VND2009,vendor,Falcon Cargo Handling,Airfield-Ops-Portal,view_manifest,standard,success,0
OP000753,2026-06-30T21:18:08,VND2024,vendor,AeroFuel Solutions,Airfield-Ops-Portal,modify_routing_rule,elevated,success,0
OP002419,2026-06-30T21:33:35,STF1017,staff,,Gate-Management-System,view_manifest,standard,success,0
OP002264,2026-06-30T21:59:18,STF1006,staff,,Cargo-Manifest-System,view_manifest,standard,success,0
OP000287,2026-07-01T00:26:59,STF1000,staff,,Departure-Control-System,modify_routing_rule,elevated,success,0
OP001992,2026-07-01T00:36:08,STF1164,staff,,Cargo-Manifest-System,create_user,elevated,success,0
OP002550,2026-07-01T02:18:37,VND2023,vendor,SkyLink Ground Services,Cargo-Manifest-System,create_user,elevated,denied,1
OP001074,2026-07-01T03:51:04,VND2009,vendor,Falcon Cargo Handling,Baggage-Handling-System,modify_routing_rule,elevated,success,0
OP001382,2026-07-01T06:20:07,STF1065,staff,,Gate-Management-System,view_manifest,standard,success,0
OP000026,2026-07-01T06:27:26,STF1061,staff,,Departure-Control-System,update_schedule,standard,success,0
OP001040,2026-07-01T06:56:48,VND2008,vendor,SkyLink Ground Services,Airfield-Ops-Portal,update_schedule,standard,success,0
OP002751,2026-07-01T07:31:13,STF1157,staff,,Baggage-Handling-System,admin_config_change,elevated,success,0
OP000963,2026-07-01T07:35:00,STF1064,staff,,Baggage-Handling-System,view_manifest,standard,denied,0
OP001556,2026-07-01T07:45:14,STF1149,staff,,Cargo-Manifest-System,view_manifest,standard,success,0
OP001347,2026-07-01T08:01:18,STF1024,staff,,Departure-Control-System,export_report,standard,success,0
OP002200,2026-07-01T08:07:03,STF1020,staff,,Baggage-Handling-System,read_sensor_status,standard,success,0
OP003006,2026-07-01T08:08:03,STF1076,staff,,Departure-Control-System,view_manifest,standard,success,0
OP000020,2026-07-01T08:13:12,VND2027,vendor,Meridian Aircraft Maintenance,Cargo-Manifest-System,admin_config_change,elevated,success,0
OP000593,2026-07-01T08:14:53,VND2012,vendor,AeroFuel Solutions,Departure-Control-System,modify_routing_rule,elevated,success,0
OP000200,2026-07-01T08:32:19,VND2009,vendor,Falcon Cargo Handling,Baggage-Handling-System,admin_config_change,elevated,success,0
OP000201,2026-07-01T08:34:31,STF1150,staff,,Airfield-Ops-Portal,update_schedule,standard,success,0
OP000499,2026-07-01T09:12:54,VND2005,vendor,AeroFuel Solutions,Cargo-Manifest-System,export_report,standard,success,0
OP001668,2026-07-01T09:23:57,VND2032,vendor,AeroFuel Solutions,Gate-Management-System,read_sensor_status,standard,success,0
OP000464,2026-07-01T10:01:12,STF1006,staff,,Cargo-Manifest-System,update_schedule,standard,success,0
OP000181,2026-07-01T10:23:52,STF1091,staff,,Baggage-Handling-System,view_manifest,standard,success,0
OP002477,2026-07-01T10:26:35,STF1000,staff,,Departure-Control-System,modify_routing_rule,elevated,success,0
OP002406,2026-07-01T10:35:49,VND2003,vendor,Falcon Cargo Handling,Baggage-Handling-System,read_sensor_status,standard,success,0
OP002537,2026-07-01T10:49:49,STF1100,staff,,Departure-Control-System,update_schedule,standard,success,0
OP000560,2026-07-01T11:06:30,VND2010,vendor,SkyLink Ground Services,Airfield-Ops-Portal,read_sensor_status,standard,success,0
OP000624,2026-07-01T11:08:28,STF1030,staff,,Departure-Control-System,read_sensor_status,standard,success,0
OP002841,2026-07-01T11:13:09,STF1156,staff,,Departure-Control-System,export_report,standard,success,0
OP000620,2026-07-01T11:13:49,STF1125,staff,,Gate-Management-System,update_schedule,standard,success,0
OP000215,2026-07-01T11:26:15,STF1046,staff,,Cargo-Manifest-System,read_sensor_status,standard,denied,0
OP002885,2026-07-01T11:31:27,STF1124,staff,,Airfield-Ops-Portal,view_manifest,standard,success,0
OP001628,2026-07-01T12:23:08,VND2018,vendor,Falcon Cargo Handling,Gate-Management-System,update_schedule,standard,success,0
OP001886,2026-07-01T12:28:54,STF1177,staff,,Airfield-Ops-Portal,view_manifest,standard,success,0
OP001726,2026-07-01T12:36:18,VND2014,vendor,AeroFuel Solutions,Baggage-Handling-System,update_schedule,standard,success,0
OP002045,2026-07-01T12:46:13,STF1166,staff,,Cargo-Manifest-System,view_manifest,standard,success,0
OP000345,2026-07-01T13:00:56,STF1021,staff,,Airfield-Ops-Portal,view_manifest,standard,success,0
OP002568,2026-07-01T13:30:41,STF1145,staff,,Baggage-Handling-System,export_report,standard,success,0
OP002573,2026-07-01T13:34:20,STF1175,staff,,Departure-Control-System,view_manifest,standard,denied,0
OP001832,2026-07-01T13:44:26,VND2011,vendor,Falcon Cargo Handling,Departure-Control-System,update_schedule,standard,success,0
OP001651,2026-07-01T13:55:31,STF1140,staff,,Gate-Management-System,modify_routing_rule,elevated,success,0
OP002420,2026-07-01T14:05:55,STF1144,staff,,Gate-Management-System,create_user,elevated,success,0
OP001189,2026-07-01T14:33:06,STF1093,staff,,Airfield-Ops-Portal,read_sensor_status,standard,success,0
OP001017,2026-07-01T14:43:38,STF1086,staff,,Airfield-Ops-Portal,read_sensor_status,standard,success,0
OP000759,2026-07-01T14:51:06,VND2010,vendor,SkyLink Ground Services,Departure-Control-System,export_report,standard,success,0
OP000511,2026-07-01T15:14:41,STF1128,staff,,Departure-Control-System,export_report,standard,success,0
OP001803,2026-07-01T15:42:55,VND2026,vendor,Horizon Cleaning Services,Cargo-Manifest-System,update_schedule,standard,success,0
OP002934,2026-07-01T16:02:48,VND2008,vendor,SkyLink Ground Services,Cargo-Manifest-System,download_bulk_data,elevated,success,0
OP001033,2026-07-01T16:09:27,STF1067,staff,,Gate-Management-System,update_schedule,standard,success,0
OP002061,2026-07-01T16:22:53,STF1007,staff,,Gate-Management-System,read_sensor_status,standard,success,0
OP000967,2026-07-01T16:34:10,VND2018,vendor,Falcon Cargo Handling,Baggage-Handling-System,create_user,elevated,success,0
OP000530,2026-07-01T16:51:04,VND2032,vendor,AeroFuel Solutions,Airfield-Ops-Portal,view_manifest,standard,success,0
OP000313,2026-07-01T17:16:59,STF1025,staff,,Gate-Management-System,modify_routing_rule,elevated,success,0
OP000241,2026-07-01T17:39:26,VND2013,vendor,Falcon Cargo Handling,Airfield-Ops-Portal,view_manifest,standard,success,0
OP001759,2026-07-01T17:41:57,STF1114,staff,,Gate-Management-System,view_manifest,standard,success,0
OP000063,2026-07-01T17:51:16,STF1057,staff,,Cargo-Manifest-System,export_report,standard,success,0
OP000379,2026-07-01T18:17:35,VND2000,vendor,SkyLink Ground Services,Departure-Control-System,export_report,standard,success,0
OP001729,2026-07-01T18:53:29,STF1100,staff,,Baggage-Handling-System,modify_routing_rule,elevated,success,0
OP001011,2026-07-01T18:57:27,STF1036,staff,,Baggage-Handling-System,view_manifest,standard,success,0
OP000339,2026-07-01T19:27:09,VND2006,vendor,Coastal Catering Co,Baggage-Handling-System,admin_config_change,elevated,success,0
OP002408,2026-07-01T19:38:38,VND2028,vendor,Horizon Cleaning Services,Airfield-Ops-Portal,view_manifest,standard,success,0
OP000077,2026-07-01T20:04:04,STF1049,staff,,Airfield-Ops-Portal,modify_routing_rule,elevated,success,0
OP001686,2026-07-01T20:21:41,VND2010,vendor,SkyLink Ground Services,Gate-Management-System,view_manifest,standard,success,0
OP000870,2026-07-01T20:34:38,STF1060,staff,,Baggage-Handling-System,update_schedule,standard,success,0
OP001958,2026-07-01T20:37:11,STF1040,staff,,Gate-Management-System,admin_config_change,elevated,success,0
OP001542,2026-07-01T20:39:21,VND2021,vendor,Falcon Cargo Handling,Baggage-Handling-System,export_report,standard,denied,0
OP000259,2026-07-01T21:08:29,STF1030,staff,,Departure-Control-System,update_schedule,standard,success,0
OP002920,2026-07-01T21:10:10,VND2017,vendor,Horizon Cleaning Services,Airfield-Ops-Portal,download_bulk_data,elevated,success,0
OP002779,2026-07-01T21:18:05,VND2028,vendor,Horizon Cleaning Services,Baggage-Handling-System,view_manifest,standard,success,0
OP001317,2026-07-01T21:46:07,VND2001,vendor,Meridian Aircraft Maintenance,Cargo-Manifest-System,read_sensor_status,standard,success,0
OP000974,2026-07-01T21:51:34,STF1028,staff,,Departure-Control-System,read_sensor_status,standard,success,0
OP001884,2026-07-02T00:42:31,STF1154,staff,,Airfield-Ops-Portal,view_manifest,standard,success,0
OP002888,2026-07-02T06:00:01,STF1142,staff,,Airfield-Ops-Portal,read_sensor_status,standard,success,0
OP001953,2026-07-02T06:10:21,STF1082,staff,,Airfield-Ops-Portal,view_manifest,standard,success,0
OP002691,2026-07-02T06:23:51,STF1000,staff,,Baggage-Handling-System,view_manifest,standard,success,0
OP002551,2026-07-02T06:25:40,STF1171,staff,,Departure-Control-System,view_manifest,standard,success,0
OP001614,2026-07-02T06:27:13,STF1022,staff,,Gate-Management-System,view_manifest,standard,success,0
OP002460,2026-07-02T06:37:35,STF1137,staff,,Cargo-Manifest-System,download_bulk_data,elevated,success,0
OP000622,2026-07-02T06:55:33,VND2018,vendor,Falcon Cargo Handling,Gate-Management-System,admin_config_change,elevated,success,0
OP000460,2026-07-02T06:58:32,STF1056,staff,,Departure-Control-System,export_report,standard,success,0
OP000653,2026-07-02T08:20:57,STF1104,staff,,Baggage-Handling-System,read_sensor_status,standard,success,0
OP000240,2026-07-02T08:23:21,STF1135,staff,,Departure-Control-System,update_schedule,standard,success,0
OP002822,2026-07-02T08:38:30,VND2034,vendor,SkyLink Ground Services,Departure-Control-System,read_sensor_status,standard,success,0
OP003039,2026-07-02T08:41:56,VND2013,vendor,Falcon Cargo Handling,Cargo-Manifest-System,update_schedule,standard,success,0
OP002038,2026-07-02T08:58:40,STF1024,staff,,Cargo-Manifest-System,read_sensor_status,standard,success,0
OP001415,2026-07-02T09:19:21,STF1049,staff,,Departure-Control-System,update_schedule,standard,success,0
OP003059,2026-07-02T09:29:04,STF1131,staff,,Cargo-Manifest-System,export_report,standard,success,0
OP002457,2026-07-02T09:29:56,STF1090,staff,,Gate-Management-System,update_schedule,standard,success,0
OP000947,2026-07-02T09:48:15,STF1043,staff,,Departure-Control-System,export_report,standard,success,0
OP002251,2026-07-02T09:58:21,STF1006,staff,,Airfield-Ops-Portal,create_user,elevated,success,0
OP001252,2026-07-02T10:17:08,STF1010,staff,,Departure-Control-System,export_report,standard,success,0
OP001218,2026-07-02T10:18:30,VND2031,vendor,Meridian Aircraft Maintenance,Departure-Control-System,view_manifest,standard,success,0
OP000492,2026-07-02T11:03:57,STF1154,staff,,Cargo-Manifest-System,view_manifest,standard,denied,0
OP000384,2026-07-02T11:04:14,VND2006,vendor,Coastal Catering Co,Departure-Control-System,view_manifest,standard,success,0
OP002388,2026-07-02T11:14:38,STF1043,staff,,Cargo-Manifest-System,view_manifest,standard,success,0
OP001313,2026-07-02T11:21:59,STF1047,staff,,Airfield-Ops-Portal,export_report,standard,success,0
OP000263,2026-07-02T11:34:42,STF1177,staff,,Airfield-Ops-Portal,admin_config_change,elevated,success,0
OP000485,2026-07-02T11:35:39,STF1157,staff,,Baggage-Handling-System,update_schedule,standard,success,0
OP000285,2026-07-02T11:53:03,STF1001,staff,,Airfield-Ops-Portal,update_schedule,standard,success,0
OP002092,2026-07-02T12:00:30,VND2021,vendor,Falcon Cargo Handling,Airfield-Ops-Portal,view_manifest,standard,success,0
OP002753,2026-07-02T12:20:26,STF1156,staff,,Baggage-Handling-System,export_report,standard,success,0
OP001962,2026-07-02T13:00:25,VND2016,vendor,AeroFuel Solutions,Cargo-Manifest-System,view_manifest,standard,success,0
OP000935,2026-07-02T13:21:38,STF1166,staff,,Airfield-Ops-Portal,read_sensor_status,standard,success,0
OP002094,2026-07-02T13:47:58,STF1099,staff,,Departure-Control-System,update_schedule,standard,success,0
OP002687,2026-07-02T14:16:09,STF1126,staff,,Airfield-Ops-Portal,view_manifest,standard,success,0
OP000005,2026-07-02T14:20:21,STF1002,staff,,Gate-Management-System,update_schedule,standard,success,0
OP001366,2026-07-02T14:33:27,VND2016,vendor,AeroFuel Solutions,Airfield-Ops-Portal,view_manifest,standard,success,0
OP000289,2026-07-02T14:52:35,VND2009,vendor,Falcon Cargo Handling,Airfield-Ops-Portal,read_sensor_status,standard,success,0
OP002141,2026-07-02T15:39:37,VND2026,vendor,Horizon Cleaning Services,Departure-Control-System,export_report,standard,success,0
OP001014,2026-07-02T16:03:13,STF1160,staff,,Baggage-Handling-System,create_user,elevated,success,1
OP001392,2026-07-02T16:12:24,STF1086,staff,,Airfield-Ops-Portal,view_manifest,standard,success,0
OP000279,2026-07-02T16:31:32,STF1092,staff,,Cargo-Manifest-System,read_sensor_status,standard,success,0
OP000768,2026-07-02T16:32:56,VND2005,vendor,AeroFuel Solutions,Gate-Management-System,view_manifest,standard,success,0
OP002884,2026-07-02T16:57:54,STF1047,staff,,Departure-Control-System,update_schedule,standard,success,0
OP002048,2026-07-02T17:19:06,VND2021,vendor,Falcon Cargo Handling,Cargo-Manifest-System,update_schedule,standard,success,0
OP002738,2026-07-02T18:03:38,VND2017,vendor,Horizon Cleaning Services,Cargo-Manifest-System,download_bulk_data,elevated,success,0
OP000704,2026-07-02T18:09:04,STF1140,staff,,Gate-Management-System,download_bulk_data,elevated,success,0
OP000515,2026-07-02T18:11:55,STF1061,staff,,Gate-Management-System,view_manifest,standard,success,0
OP001986,2026-07-02T18:17:44,VND2022,vendor,Falcon Cargo Handling,Cargo-Manifest-System,export_report,standard,success,0
OP001161,2026-07-02T18:42:46,STF1103,staff,,Gate-Management-System,modify_routing_rule,elevated,success,0
OP002156,2026-07-02T18:54:36,STF1150,staff,,Gate-Management-System,update_schedule,standard,success,0
OP001555,2026-07-02T18:56:22,STF1134,staff,,Baggage-Handling-System,view_manifest,standard,success,0
OP002321,2026-07-02T19:06:31,VND2013,vendor,Falcon Cargo Handling,Airfield-Ops-Portal,modify_routing_rule,elevated,success,0
OP002366,2026-07-02T19:24:21,STF1089,staff,,Airfield-Ops-Portal,update_schedule,standard,success,0
OP000453,2026-07-02T20:09:18,STF1100,staff,,Cargo-Manifest-System,view_manifest,standard,success,0
OP000332,2026-07-02T20:12:15,VND2004,vendor,Falcon Cargo Handling,Gate-Management-System,update_schedule,standard,success,0
OP000419,2026-07-02T20:29:43,STF1000,staff,,Baggage-Handling-System,read_sensor_status,standard,success,0
OP000392,2026-07-02T20:57:22,STF1040,staff,,Baggage-Handling-System,modify_routing_rule,elevated,success,0
OP000635,2026-07-02T21:30:01,VND2032,vendor,AeroFuel Solutions,Cargo-Manifest-System,read_sensor_status,standard,success,0
OP001566,2026-07-02T23:23:13,STF1144,staff,,Baggage-Handling-System,read_sensor_status,standard,success,0
OP000579,2026-07-03T01:16:07,VND2009,vendor,Falcon Cargo Handling,Baggage-Handling-System,update_schedule,standard,success,0
OP001856,2026-07-03T01:42:43,STF1049,staff,,Baggage-Handling-System,read_sensor_status,standard,success,0
OP001032,2026-07-03T03:55:12,STF1162,staff,,Cargo-Manifest-System,download_bulk_data,elevated,success,0
OP002244,2026-07-03T06:32:56,STF1150,staff,,Cargo-Manifest-System,update_schedule,standard,success,0
OP002488,2026-07-03T07:02:53,VND2025,vendor,SkyLink Ground Services,Cargo-Manifest-System,update_schedule,standard,success,0
OP001303,2026-07-03T07:09:49,STF1070,staff,,Gate-Management-System,view_manifest,standard,success,0
OP002996,2026-07-03T07:30:14,VND2020,vendor,Coastal Catering Co,Baggage-Handling-System,admin_config_change,elevated,success,0
OP002418,2026-07-03T07:30:51,STF1025,staff,,Departure-Control-System,export_report,standard,success,0
OP002382,2026-07-03T07:32:13,VND2009,vendor,Falcon Cargo Handling,Cargo-Manifest-System,admin_config_change,elevated,success,0
OP002374,2026-07-03T08:02:41,VND2009,vendor,Falcon Cargo Handling,Cargo-Manifest-System,admin_config_change,elevated,success,0
OP001341,2026-07-03T08:20:05,STF1165,staff,,Gate-Management-System,read_sensor_status,standard,success,0
OP000809,2026-07-03T08:22:04,VND2026,vendor,Horizon Cleaning Services,Departure-Control-System,view_manifest,standard,success,0
OP001344,2026-07-03T08:42:53,VND2017,vendor,Horizon Cleaning Services,Departure-Control-System,update_schedule,standard,success,0
OP001971,2026-07-03T09:04:23,VND2002,vendor,Horizon Cleaning Services,Baggage-Handling-System,export_report,standard,success,0
OP001750,2026-07-03T09:05:17,STF1170,staff,,Gate-Management-System,read_sensor_status,standard,success,0
OP002804,2026-07-03T09:13:46,STF1157,staff,,Departure-Control-System,read_sensor_status,standard,success,0
OP001075,2026-07-03T09:20:28,STF1145,staff,,Gate-Management-System,update_schedule,standard,success,0
OP003000,2026-07-03T09:47:51,VND2021,vendor,Falcon Cargo Handling,Airfield-Ops-Portal,export_report,standard,success,0
OP002032,2026-07-03T09:51:42,STF1166,staff,,Baggage-Handling-System,view_manifest,standard,success,0
OP001501,2026-07-03T09:53:04,STF1158,staff,,Baggage-Handling-System,update_schedule,standard,success,0
OP002630,2026-07-03T10:06:32,VND2022,vendor,Falcon Cargo Handling,Gate-Management-System,view_manifest,standard,success,0
OP000792,2026-07-03T10:14:36,VND2027,vendor,Meridian Aircraft Maintenance,Airfield-Ops-Portal,export_report,standard,success,0
OP000779,2026-07-03T10:24:04,STF1068,staff,,Airfield-Ops-Portal,admin_config_change,elevated,success,0
OP000342,2026-07-03T10:27:51,STF1034,staff,,Gate-Management-System,export_report,standard,success,0
OP001447,2026-07-03T10:36:30,STF1008,staff,,Baggage-Handling-System,download_bulk_data,elevated,success,0
OP000514,2026-07-03T11:11:29,VND2000,vendor,SkyLink Ground Services,Airfield-Ops-Portal,view_manifest,standard,success,0
OP000531,2026-07-03T11:36:15,STF1133,staff,,Departure-Control-System,view_manifest,standard,denied,0
OP000096,2026-07-03T11:37:28,STF1161,staff,,Departure-Control-System,view_manifest,standard,success,0
OP000038,2026-07-03T11:54:23,VND2031,vendor,Meridian Aircraft Maintenance,Gate-Management-System,view_manifest,standard,success,0
OP000283,2026-07-03T12:01:02,STF1139,staff,,Cargo-Manifest-System,export_report,standard,success,0
OP002133,2026-07-03T12:01:37,STF1047,staff,,Baggage-Handling-System,read_sensor_status,standard,success,0
OP001118,2026-07-03T12:09:26,STF1100,staff,,Cargo-Manifest-System,update_schedule,standard,success,0
OP001904,2026-07-03T12:27:07,VND2034,vendor,SkyLink Ground Services,Departure-Control-System,view_manifest,standard,success,0
OP000158,2026-07-03T13:02:28,STF1071,staff,,Airfield-Ops-Portal,read_sensor_status,standard,success,0
OP000141,2026-07-03T13:16:09,VND2000,vendor,SkyLink Ground Services,Airfield-Ops-Portal,update_schedule,standard,success,0
OP000388,2026-07-03T13:24:21,STF1050,staff,,Baggage-Handling-System,export_report,standard,denied,0
OP001490,2026-07-03T13:47:15,VND2013,vendor,Falcon Cargo Handling,Departure-Control-System,update_schedule,standard,success,0
OP001397,2026-07-03T14:19:05,STF1070,staff,,Airfield-Ops-Portal,read_sensor_status,standard,success,0
OP002459,2026-07-03T14:27:15,VND2000,vendor,SkyLink Ground Services,Gate-Management-System,update_schedule,standard,success,0
OP002093,2026-07-03T14:29:18,VND2014,vendor,AeroFuel Solutions,Airfield-Ops-Portal,create_user,elevated,success,0
OP002222,2026-07-03T14:35:30,VND2018,vendor,Falcon Cargo Handling,Gate-Management-System,read_sensor_status,standard,success,0
OP002722,2026-07-03T14:45:46,STF1088,staff,,Airfield-Ops-Portal,update_schedule,standard,success,0
OP002564,2026-07-03T14:48:51,STF1037,staff,,Departure-Control-System,read_sensor_status,standard,success,0
OP002587,2026-07-03T14:54:43,STF1119,staff,,Gate-Management-System,update_schedule,standard,success,0
OP002565,2026-07-03T15:53:58,STF1174,staff,,Gate-Management-System,update_schedule,standard,success,0
OP002044,2026-07-03T16:10:58,STF1139,staff,,Cargo-Manifest-System,read_sensor_status,standard,success,0
OP000114,2026-07-03T16:28:19,STF1145,staff,,Baggage-Handling-System,read_sensor_status,standard,success,0
OP000166,2026-07-03T17:19:17,STF1054,staff,,Gate-Management-System,view_manifest,standard,success,0
OP001863,2026-07-03T17:20:25,VND2031,vendor,Meridian Aircraft Maintenance,Baggage-Handling-System,view_manifest,standard,success,0
OP000442,2026-07-03T17:41:29,STF1021,staff,,Departure-Control-System,view_manifest,standard,success,0
OP002733,2026-07-03T17:42:11,STF1122,staff,,Departure-Control-System,update_schedule,standard,success,0
OP002293,2026-07-03T17:47:49,STF1009,staff,,Baggage-Handling-System,export_report,standard,success,0
OP001022,2026-07-03T17:49:40,STF1011,staff,,Cargo-Manifest-System,update_schedule,standard,success,0
OP002301,2026-07-03T18:15:15,STF1127,staff,,Airfield-Ops-Portal,view_manifest,standard,success,0
OP000642,2026-07-03T18:18:43,STF1015,staff,,Cargo-Manifest-System,view_manifest,standard,success,0
OP002838,2026-07-03T18:26:53,STF1114,staff,,Departure-Control-System,read_sensor_status,standard,success,0
OP001658,2026-07-03T18:31:46,VND2000,vendor,SkyLink Ground Services,Airfield-Ops-Portal,view_manifest,standard,success,0
OP001111,2026-07-03T18:47:16,VND2000,vendor,SkyLink Ground Services,Baggage-Handling-System,create_user,elevated,success,0
OP001358,2026-07-03T19:05:36,VND2001,vendor,Meridian Aircraft Maintenance,Gate-Management-System,modify_routing_rule,elevated,success,0
OP002046,2026-07-03T19:55:07,STF1100,staff,,Departure-Control-System,read_sensor_status,standard,success,0
OP000519,2026-07-03T20:08:44,STF1043,staff,,Airfield-Ops-Portal,view_manifest,standard,success,0
OP001988,2026-07-03T20:39:21,VND2015,vendor,AeroFuel Solutions,Baggage-Handling-System,view_manifest,standard,success,0
OP001316,2026-07-03T20:42:24,STF1034,staff,,Cargo-Manifest-System,view_manifest,standard,success,0
OP001687,2026-07-03T20:52:10,VND2016,vendor,AeroFuel Solutions,Cargo-Manifest-System,update_schedule,standard,success,0
OP001721,2026-07-03T21:08:48,VND2014,vendor,AeroFuel Solutions,Baggage-Handling-System,read_sensor_status,standard,success,0
OP000597,2026-07-03T21:21:37,STF1018,staff,,Airfield-Ops-Portal,create_user,elevated,denied,1
OP002627,2026-07-03T21:22:06,STF1098,staff,,Departure-Control-System,modify_routing_rule,elevated,success,1
OP000880,2026-07-03T21:30:03,STF1121,staff,,Airfield-Ops-Portal,modify_routing_rule,elevated,success,0
OP000955,2026-07-03T21:36:27,STF1033,staff,,Airfield-Ops-Portal,update_schedule,standard,success,0
OP000901,2026-07-03T21:55:39,STF1057,staff,,Airfield-Ops-Portal,export_report,standard,success,0
OP002184,2026-07-03T21:58:35,STF1100,staff,,Departure-Control-System,download_bulk_data,elevated,success,0
OP002607,2026-07-04T00:20:14,STF1135,staff,,Baggage-Handling-System,view_manifest,standard,success,0
OP001981,2026-07-04T00:48:30,STF1050,staff,,Baggage-Handling-System,create_user,elevated,success,0
OP001822,2026-07-04T01:01:19,VND2015,vendor,AeroFuel Solutions,Cargo-Manifest-System,view_manifest,standard,success,0
OP001034,2026-07-04T01:07:51,VND2016,vendor,AeroFuel Solutions,Gate-Management-System,view_manifest,standard,success,0
OP002555,2026-07-04T01:46:04,VND2010,vendor,SkyLink Ground Services,Departure-Control-System,update_schedule,standard,success,0
OP002438,2026-07-04T02:19:48,VND2023,vendor,SkyLink Ground Services,Cargo-Manifest-System,admin_config_change,elevated,denied,1
OP003027,2026-07-04T06:28:10,STF1087,staff,,Baggage-Handling-System,read_sensor_status,standard,success,0
OP001084,2026-07-04T06:55:48,VND2015,vendor,AeroFuel Solutions,Baggage-Handling-System,view_manifest,standard,success,0
OP000269,2026-07-04T07:01:44,VND2003,vendor,Falcon Cargo Handling,Departure-Control-System,update_schedule,standard,success,0
OP002116,2026-07-04T07:10:13,STF1067,staff,,Gate-Management-System,admin_config_change,elevated,success,0
OP002403,2026-07-04T07:42:34,STF1123,staff,,Airfield-Ops-Portal,export_report,standard,success,0
OP000119,2026-07-04T08:01:10,STF1169,staff,,Airfield-Ops-Portal,download_bulk_data,elevated,denied,1
OP001370,2026-07-04T08:08:03,STF1155,staff,,Departure-Control-System,modify_routing_rule,elevated,success,0
OP001327,2026-07-04T08:32:29,VND2019,vendor,Falcon Cargo Handling,Departure-Control-System,read_sensor_status,standard,success,0
OP001469,2026-07-04T08:46:35,VND2034,vendor,SkyLink Ground Services,Airfield-Ops-Portal,update_schedule,standard,success,0
OP002646,2026-07-04T08:57:50,VND2018,vendor,Falcon Cargo Handling,Departure-Control-System,read_sensor_status,standard,success,0
OP001717,2026-07-04T09:17:28,VND2003,vendor,Falcon Cargo Handling,Gate-Management-System,update_schedule,standard,success,0
OP001496,2026-07-04T09:18:08,VND2033,vendor,Meridian Aircraft Maintenance,Cargo-Manifest-System,read_sensor_status,standard,success,0
OP001115,2026-07-04T09:19:15,STF1156,staff,,Gate-Management-System,admin_config_change,elevated,success,0
OP002214,2026-07-04T09:45:27,STF1107,staff,,Airfield-Ops-Portal,read_sensor_status,standard,success,0
OP002305,2026-07-04T09:48:33,STF1166,staff,,Baggage-Handling-System,read_sensor_status,standard,success,0
OP000401,2026-07-04T09:55:23,STF1032,staff,,Cargo-Manifest-System,modify_routing_rule,elevated,success,0
OP000910,2026-07-04T10:16:51,STF1079,staff,,Cargo-Manifest-System,read_sensor_status,standard,success,0
OP003025,2026-07-04T10:20:57,VND2023,vendor,SkyLink Ground Services,Gate-Management-System,modify_routing_rule,elevated,denied,1
OP000330,2026-07-04T10:38:31,STF1110,staff,,Departure-Control-System,view_manifest,standard,success,0
OP002138,2026-07-04T11:12:42,STF1076,staff,,Airfield-Ops-Portal,read_sensor_status,standard,success,0
OP002844,2026-07-04T11:30:15,STF1127,staff,,Gate-Management-System,view_manifest,standard,success,0
OP002777,2026-07-04T11:33:31,STF1098,staff,,Departure-Control-System,admin_config_change,elevated,success,1
OP001654,2026-07-04T11:45:56,STF1178,staff,,Airfield-Ops-Portal,create_user,elevated,success,0
OP001894,2026-07-04T11:57:29,STF1008,staff,,Baggage-Handling-System,export_report,standard,success,0
OP002562,2026-07-04T12:21:30,STF1076,staff,,Airfield-Ops-Portal,view_manifest,standard,success,0
OP001951,2026-07-04T12:26:00,STF1021,staff,,Gate-Management-System,download_bulk_data,elevated,success,0
OP001919,2026-07-04T12:32:57,STF1139,staff,,Airfield-Ops-Portal,download_bulk_data,elevated,success,0
OP002453,2026-07-04T12:44:23,STF1087,staff,,Cargo-Manifest-System,export_report,standard,success,0
OP001677,2026-07-04T12:50:19,STF1080,staff,,Cargo-Manifest-System,create_user,elevated,success,0
OP001699,2026-07-04T12:50:20,VND2020,vendor,Coastal Catering Co,Departure-Control-System,admin_config_change,elevated,success,0
OP001683,2026-07-04T13:41:52,VND2020,vendor,Coastal Catering Co,Departure-Control-System,read_sensor_status,standard,success,0
OP000113,2026-07-04T13:53:22,STF1052,staff,,Baggage-Handling-System,export_report,standard,success,0
OP001835,2026-07-04T14:02:48,STF1151,staff,,Baggage-Handling-System,update_schedule,standard,success,0
OP002330,2026-07-04T14:29:24,STF1040,staff,,Departure-Control-System,view_manifest,standard,success,0
OP001464,2026-07-04T14:37:33,STF1117,staff,,Cargo-Manifest-System,view_manifest,standard,success,0
OP000022,2026-07-04T14:38:44,STF1063,staff,,Cargo-Manifest-System,view_manifest,standard,success,0
OP001755,2026-07-04T15:02:24,VND2017,vendor,Horizon Cleaning Services,Cargo-Manifest-System,view_manifest,standard,success,0
OP002060,2026-07-04T15:09:51,STF1057,staff,,Airfield-Ops-Portal,view_manifest,standard,success,0
OP001203,2026-07-04T15:14:54,STF1051,staff,,Gate-Management-System,export_report,standard,success,0
OP001018,2026-07-04T15:16:52,STF1105,staff,,Gate-Management-System,read_sensor_status,standard,success,0
OP001650,2026-07-04T15:25:05,STF1074,staff,,Cargo-Manifest-System,update_schedule,standard,denied,0
OP001848,2026-07-04T16:25:39,VND2003,vendor,Falcon Cargo Handling,Cargo-Manifest-System,update_schedule,standard,success,0
OP001399,2026-07-04T16:36:29,STF1134,staff,,Baggage-Handling-System,view_manifest,standard,success,0
OP000019,2026-07-04T16:41:39,VND2002,vendor,Horizon Cleaning Services,Cargo-Manifest-System,view_manifest,standard,success,0
OP001180,2026-07-04T16:51:05,STF1129,staff,,Cargo-Manifest-System,download_bulk_data,elevated,success,0
OP001925,2026-07-04T16:55:11,STF1144,staff,,Airfield-Ops-Portal,update_schedule,standard,success,0
OP000178,2026-07-04T17:33:55,STF1078,staff,,Departure-Control-System,read_sensor_status,standard,success,0
OP001113,2026-07-04T17:37:35,VND2032,vendor,AeroFuel Solutions,Airfield-Ops-Portal,read_sensor_status,standard,success,0
OP001439,2026-07-04T18:20:03,STF1021,staff,,Baggage-Handling-System,read_sensor_status,standard,success,0
OP000118,2026-07-04T18:21:26,STF1124,staff,,Departure-Control-System,export_report,standard,success,0
OP001900,2026-07-04T18:29:16,VND2024,vendor,AeroFuel Solutions,Cargo-Manifest-System,read_sensor_status,standard,success,0
OP000523,2026-07-04T18:49:28,STF1059,staff,,Airfield-Ops-Portal,view_manifest,standard,success,0
OP002068,2026-07-04T19:00:12,VND2002,vendor,Horizon Cleaning Services,Gate-Management-System,read_sensor_status,standard,success,0
OP002283,2026-07-04T19:04:21,STF1143,staff,,Departure-Control-System,export_report,standard,success,0
OP001728,2026-07-04T19:06:46,STF1025,staff,,Gate-Management-System,view_manifest,standard,success,0
OP002276,2026-07-04T19:14:32,STF1105,staff,,Cargo-Manifest-System,view_manifest,standard,success,0
OP000393,2026-07-04T19:17:33,STF1154,staff,,Departure-Control-System,export_report,standard,success,0
OP002676,2026-07-04T19:38:40,STF1108,staff,,Airfield-Ops-Portal,export_report,standard,success,0
OP001949,2026-07-04T20:23:31,STF1172,staff,,Airfield-Ops-Portal,modify_routing_rule,elevated,success,0
OP002561,2026-07-04T21:05:28,STF1041,staff,,Baggage-Handling-System,view_manifest,standard,success,0
OP000412,2026-07-04T21:15:56,STF1141,staff,,Departure-Control-System,update_schedule,standard,success,0
OP001402,2026-07-04T21:24:11,VND2009,vendor,Falcon Cargo Handling,Cargo-Manifest-System,update_schedule,standard,success,0
OP000693,2026-07-04T21:25:34,STF1066,staff,,Departure-Control-System,update_schedule,standard,success,0
OP002513,2026-07-05T00:39:09,VND2032,vendor,AeroFuel Solutions,Gate-Management-System,update_schedule,standard,success,0
OP001325,2026-07-05T00:53:45,STF1124,staff,,Airfield-Ops-Portal,create_user,elevated,success,0
OP000177,2026-07-05T03:24:59,STF1097,staff,,Gate-Management-System,read_sensor_status,standard,success,0
OP002056,2026-07-05T04:16:45,VND2007,vendor,SkyLink Ground Services,Departure-Control-System,update_schedule,standard,success,0
OP002212,2026-07-05T06:03:52,STF1015,staff,,Cargo-Manifest-System,view_manifest,standard,success,0
OP002249,2026-07-05T06:40:36,STF1176,staff,,Airfield-Ops-Portal,view_manifest,standard,success,0
OP002623,2026-07-05T06:45:07,STF1014,staff,,Airfield-Ops-Portal,view_manifest,standard,success,0
OP000319,2026-07-05T06:47:50,VND2010,vendor,SkyLink Ground Services,Baggage-Handling-System,view_manifest,standard,success,0
OP002737,2026-07-05T06:47:50,STF1143,staff,,Cargo-Manifest-System,admin_config_change,elevated,success,0
OP002202,2026-07-05T06:56:03,STF1019,staff,,Cargo-Manifest-System,view_manifest,standard,denied,0
OP000367,2026-07-05T07:22:33,STF1062,staff,,Airfield-Ops-Portal,view_manifest,standard,success,0
OP002292,2026-07-05T07:48:12,VND2010,vendor,SkyLink Ground Services,Baggage-Handling-System,update_schedule,standard,success,0
OP002192,2026-07-05T08:05:15,STF1101,staff,,Cargo-Manifest-System,view_manifest,standard,success,0
OP000087,2026-07-05T08:08:15,STF1001,staff,,Baggage-Handling-System,view_manifest,standard,success,0
OP001551,2026-07-05T08:15:21,STF1073,staff,,Cargo-Manifest-System,view_manifest,standard,success,0
OP001908,2026-07-05T08:26:21,STF1130,staff,,Gate-Management-System,read_sensor_status,standard,success,0
OP002622,2026-07-05T08:43:42,VND2012,vendor,AeroFuel Solutions,Cargo-Manifest-System,view_manifest,standard,success,0
OP002224,2026-07-05T10:07:36,STF1059,staff,,Baggage-Handling-System,export_report,standard,success,0
OP002765,2026-07-05T10:36:08,STF1073,staff,,Gate-Management-System,read_sensor_status,standard,success,0
OP000617,2026-07-05T10:37:33,STF1156,staff,,Departure-Control-System,update_schedule,standard,denied,0
OP002318,2026-07-05T11:53:41,STF1162,staff,,Departure-Control-System,view_manifest,standard,success,0
OP001246,2026-07-05T11:54:58,VND2025,vendor,SkyLink Ground Services,Departure-Control-System,export_report,standard,success,0
OP001295,2026-07-05T12:02:08,STF1034,staff,,Cargo-Manifest-System,update_schedule,standard,denied,0
OP001534,2026-07-05T12:16:16,STF1039,staff,,Gate-Management-System,export_report,standard,success,0
OP000430,2026-07-05T12:18:03,VND2031,vendor,Meridian Aircraft Maintenance,Baggage-Handling-System,read_sensor_status,standard,success,0
OP002082,2026-07-05T12:34:03,STF1137,staff,,Cargo-Manifest-System,modify_routing_rule,elevated,success,0
OP002649,2026-07-05T12:36:44,VND2026,vendor,Horizon Cleaning Services,Baggage-Handling-System,update_schedule,standard,success,0
OP001768,2026-07-05T13:34:52,VND2024,vendor,AeroFuel Solutions,Departure-Control-System,read_sensor_status,standard,success,0
OP001070,2026-07-05T13:50:40,STF1171,staff,,Baggage-Handling-System,modify_routing_rule,elevated,success,0
OP001625,2026-07-05T13:58:56,STF1046,staff,,Departure-Control-System,view_manifest,standard,success,0
OP001132,2026-07-05T14:02:08,VND2029,vendor,Horizon Cleaning Services,Gate-Management-System,view_manifest,standard,success,0
OP000146,2026-07-05T14:07:53,STF1084,staff,,Cargo-Manifest-System,read_sensor_status,standard,success,0
OP001013,2026-07-05T14:17:47,STF1084,staff,,Baggage-Handling-System,read_sensor_status,standard,success,0
OP000920,2026-07-05T14:43:06,STF1128,staff,,Gate-Management-System,view_manifest,standard,success,0
OP000576,2026-07-05T15:47:24,STF1171,staff,,Gate-Management-System,export_report,standard,success,0
OP002464,2026-07-05T15:47:33,STF1109,staff,,Gate-Management-System,view_manifest,standard,success,0
OP001604,2026-07-05T16:03:31,VND2016,vendor,AeroFuel Solutions,Gate-Management-System,view_manifest,standard,success,0
OP001019,2026-07-05T16:10:22,STF1161,staff,,Cargo-Manifest-System,export_report,standard,success,0
OP000258,2026-07-05T16:14:00,VND2008,vendor,SkyLink Ground Services,Cargo-Manifest-System,view_manifest,standard,success,0
OP002216,2026-07-05T16:28:04,STF1120,staff,,Airfield-Ops-Portal,view_manifest,standard,success,0
OP002493,2026-07-05T16:49:57,VND2018,vendor,Falcon Cargo Handling,Airfield-Ops-Portal,export_report,standard,denied,0
OP000940,2026-07-05T16:51:44,STF1141,staff,,Cargo-Manifest-System,read_sensor_status,standard,success,0
OP001078,2026-07-05T17:51:07,STF1116,staff,,Cargo-Manifest-System,admin_config_change,elevated,success,0
OP001725,2026-07-05T17:58:06,VND2013,vendor,Falcon Cargo Handling,Airfield-Ops-Portal,view_manifest,standard,success,0
OP000341,2026-07-05T18:40:22,VND2016,vendor,AeroFuel Solutions,Airfield-Ops-Portal,modify_routing_rule,elevated,success,0
OP001897,2026-07-05T18:49:50,VND2001,vendor,Meridian Aircraft Maintenance,Baggage-Handling-System,export_report,standard,success,0
OP002440,2026-07-05T18:52:36,VND2024,vendor,AeroFuel Solutions,Baggage-Handling-System,read_sensor_status,standard,success,0
OP001978,2026-07-05T19:15:09,VND2006,vendor,Coastal Catering Co,Cargo-Manifest-System,modify_routing_rule,elevated,success,0
OP001941,2026-07-05T19:18:19,VND2026,vendor,Horizon Cleaning Services,Cargo-Manifest-System,read_sensor_status,standard,success,0
OP002678,2026-07-05T20:14:23,STF1177,staff,,Gate-Management-System,export_report,standard,success,0
OP002642,2026-07-05T20:53:29,VND2016,vendor,AeroFuel Solutions,Gate-Management-System,view_manifest,standard,success,0
OP002750,2026-07-05T20:55:33,VND2010,vendor,SkyLink Ground Services,Baggage-Handling-System,read_sensor_status,standard,success,0
OP002974,2026-07-05T20:57:39,STF1039,staff,,Departure-Control-System,modify_routing_rule,elevated,success,0
OP000084,2026-07-05T21:03:43,STF1127,staff,,Gate-Management-System,read_sensor_status,standard,success,0
OP002391,2026-07-05T21:14:25,STF1011,staff,,Departure-Control-System,read_sensor_status,standard,success,0
OP001667,2026-07-05T21:43:17,VND2027,vendor,Meridian Aircraft Maintenance,Gate-Management-System,export_report,standard,success,0
OP000543,2026-07-05T21:56:16,VND2003,vendor,Falcon Cargo Handling,Cargo-Manifest-System,update_schedule,standard,denied,0
OP003056,2026-07-05T23:49:39,STF1123,staff,,Gate-Management-System,update_schedule,standard,success,0
OP002823,2026-07-06T00:53:34,VND2023,vendor,SkyLink Ground Services,Cargo-Manifest-System,admin_config_change,elevated,success,1
OP003046,2026-07-06T06:41:06,STF1054,staff,,Departure-Control-System,modify_routing_rule,elevated,success,0
OP000204,2026-07-06T06:42:04,STF1109,staff,,Departure-Control-System,read_sensor_status,standard,success,0
OP001072,2026-07-06T07:12:21,STF1129,staff,,Cargo-Manifest-System,admin_config_change,elevated,success,0
OP001110,2026-07-06T07:19:28,STF1067,staff,,Gate-Management-System,view_manifest,standard,success,0
OP000859,2026-07-06T07:25:49,STF1041,staff,,Airfield-Ops-Portal,view_manifest,standard,success,0
OP000954,2026-07-06T08:12:39,STF1029,staff,,Gate-Management-System,create_user,elevated,success,0
OP001982,2026-07-06T08:41:20,STF1101,staff,,Baggage-Handling-System,view_manifest,standard,denied,0
OP002660,2026-07-06T08:44:50,STF1019,staff,,Baggage-Handling-System,read_sensor_status,standard,success,0
OP000089,2026-07-06T08:54:03,STF1006,staff,,Baggage-Handling-System,view_manifest,standard,success,0
OP000912,2026-07-06T08:56:02,VND2019,vendor,Falcon Cargo Handling,Airfield-Ops-Portal,view_manifest,standard,success,0
OP001326,2026-07-06T09:09:41,STF1106,staff,,Airfield-Ops-Portal,view_manifest,standard,success,0
OP001570,2026-07-06T09:29:36,VND2029,vendor,Horizon Cleaning Services,Gate-Management-System,export_report,standard,success,0
OP001806,2026-07-06T10:04:03,VND2021,vendor,Falcon Cargo Handling,Baggage-Handling-System,view_manifest,standard,success,0
OP000577,2026-07-06T10:22:12,STF1034,staff,,Departure-Control-System,modify_routing_rule,elevated,success,0
OP001989,2026-07-06T10:39:19,STF1019,staff,,Gate-Management-System,admin_config_change,elevated,success,0
OP002411,2026-07-06T11:16:48,VND2028,vendor,Horizon Cleaning Services,Cargo-Manifest-System,export_report,standard,success,0
OP001973,2026-07-06T11:21:01,STF1115,staff,,Airfield-Ops-Portal,export_report,standard,success,0
OP003086,2026-07-06T11:40:26,STF1056,staff,,Gate-Management-System,read_sensor_status,standard,success,0
OP001438,2026-07-06T11:59:51,STF1049,staff,,Cargo-Manifest-System,export_report,standard,success,0
OP003049,2026-07-06T12:00:32,STF1091,staff,,Departure-Control-System,view_manifest,standard,success,0
OP001451,2026-07-06T13:05:23,STF1130,staff,,Departure-Control-System,view_manifest,standard,success,0
OP002780,2026-07-06T13:08:15,STF1049,staff,,Departure-Control-System,export_report,standard,success,0
OP000093,2026-07-06T13:21:24,VND2033,vendor,Meridian Aircraft Maintenance,Departure-Control-System,update_schedule,standard,success,0
OP000660,2026-07-06T13:22:36,STF1148,staff,,Baggage-Handling-System,read_sensor_status,standard,success,0
OP002036,2026-07-06T13:26:51,STF1092,staff,,Cargo-Manifest-System,view_manifest,standard,success,0
OP000599,2026-07-06T13:55:55,STF1092,staff,,Departure-Control-System,update_schedule,standard,success,0
OP000211,2026-07-06T14:04:06,STF1022,staff,,Baggage-Handling-System,view_manifest,standard,success,0
OP002238,2026-07-06T14:04:30,STF1030,staff,,Airfield-Ops-Portal,read_sensor_status,standard,success,0
OP001632,2026-07-06T14:57:10,STF1026,staff,,Baggage-Handling-System,view_manifest,standard,success,0
OP000741,2026-07-06T15:22:59,STF1032,staff,,Cargo-Manifest-System,view_manifest,standard,success,0
OP002398,2026-07-06T15:31:14,STF1056,staff,,Cargo-Manifest-System,modify_routing_rule,elevated,success,0
OP001242,2026-07-06T15:39:21,VND2018,vendor,Falcon Cargo Handling,Gate-Management-System,create_user,elevated,success,0
OP002509,2026-07-06T15:55:14,STF1114,staff,,Departure-Control-System,export_report,standard,success,0
OP000981,2026-07-06T16:12:18,STF1086,staff,,Gate-Management-System,update_schedule,standard,success,0
OP001630,2026-07-06T16:31:42,VND2025,vendor,SkyLink Ground Services,Cargo-Manifest-System,update_schedule,standard,success,0
OP000886,2026-07-06T16:50:54,VND2011,vendor,Falcon Cargo Handling,Cargo-Manifest-System,modify_routing_rule,elevated,success,0
OP002121,2026-07-06T16:58:00,STF1125,staff,,Gate-Management-System,modify_routing_rule,elevated,success,0
OP000536,2026-07-06T17:02:27,STF1040,staff,,Gate-Management-System,update_schedule,standard,success,0
OP002429,2026-07-06T17:07:05,STF1050,staff,,Gate-Management-System,admin_config_change,elevated,success,0
OP002162,2026-07-06T17:13:04,VND2024,vendor,AeroFuel Solutions,Baggage-Handling-System,view_manifest,standard,success,0
OP000982,2026-07-06T17:17:59,VND2010,vendor,SkyLink Ground Services,Departure-Control-System,export_report,standard,success,0
OP001073,2026-07-06T17:40:51,VND2003,vendor,Falcon Cargo Handling,Baggage-Handling-System,view_manifest,standard,success,0
OP000851,2026-07-06T18:03:38,STF1081,staff,,Baggage-Handling-System,export_report,standard,success,0
OP002331,2026-07-06T18:07:12,STF1157,staff,,Cargo-Manifest-System,export_report,standard,success,0
OP001202,2026-07-06T18:24:02,VND2020,vendor,Coastal Catering Co,Departure-Control-System,download_bulk_data,elevated,success,0
OP001318,2026-07-06T18:31:19,STF1158,staff,,Baggage-Handling-System,view_manifest,standard,success,0
OP001076,2026-07-06T18:35:13,VND2028,vendor,Horizon Cleaning Services,Airfield-Ops-Portal,download_bulk_data,elevated,success,0
OP002050,2026-07-06T18:51:59,STF1076,staff,,Airfield-Ops-Portal,export_report,standard,success,0
OP002494,2026-07-06T18:54:13,VND2024,vendor,AeroFuel Solutions,Cargo-Manifest-System,read_sensor_status,standard,success,0
OP000767,2026-07-06T18:56:17,STF1093,staff,,Departure-Control-System,read_sensor_status,standard,success,0
OP001459,2026-07-06T19:08:08,STF1116,staff,,Baggage-Handling-System,view_manifest,standard,success,0
OP000719,2026-07-06T19:13:27,VND2019,vendor,Falcon Cargo Handling,Airfield-Ops-Portal,read_sensor_status,standard,success,0
OP002834,2026-07-06T19:13:48,VND2025,vendor,SkyLink Ground Services,Cargo-Manifest-System,update_schedule,standard,success,0
OP002210,2026-07-06T19:26:24,STF1060,staff,,Airfield-Ops-Portal,view_manifest,standard,success,0
OP000619,2026-07-06T19:33:45,STF1178,staff,,Cargo-Manifest-System,export_report,standard,success,0
OP000909,2026-07-06T19:40:14,STF1051,staff,,Airfield-Ops-Portal,view_manifest,standard,success,0
OP002300,2026-07-06T20:00:35,VND2012,vendor,AeroFuel Solutions,Airfield-Ops-Portal,create_user,elevated,success,0
OP000427,2026-07-06T20:01:45,STF1127,staff,,Baggage-Handling-System,update_schedule,standard,success,0
OP000892,2026-07-06T20:31:03,STF1042,staff,,Gate-Management-System,export_report,standard,success,0
OP000608,2026-07-06T20:34:58,STF1018,staff,,Baggage-Handling-System,admin_config_change,elevated,success,1
OP002359,2026-07-06T20:58:29,STF1063,staff,,Gate-Management-System,export_report,standard,success,0
OP001100,2026-07-06T21:06:08,VND2006,vendor,Coastal Catering Co,Departure-Control-System,read_sensor_status,standard,success,0
OP001015,2026-07-06T21:15:11,VND2008,vendor,SkyLink Ground Services,Departure-Control-System,view_manifest,standard,success,0
OP002772,2026-07-06T21:31:18,VND2022,vendor,Falcon Cargo Handling,Cargo-Manifest-System,view_manifest,standard,success,0
OP000508,2026-07-06T21:37:51,STF1134,staff,,Gate-Management-System,admin_config_change,elevated,success,0
OP002229,2026-07-06T21:54:42,VND2004,vendor,Falcon Cargo Handling,Gate-Management-System,view_manifest,standard,success,0
OP000394,2026-07-06T21:57:54,STF1089,staff,,Departure-Control-System,download_bulk_data,elevated,success,0
OP000959,2026-07-07T00:19:04,STF1018,staff,,Gate-Management-System,admin_config_change,elevated,success,1
OP000425,2026-07-07T02:17:25,STF1036,staff,,Gate-Management-System,export_report,standard,success,0
OP000683,2026-07-07T02:20:33,VND2025,vendor,SkyLink Ground Services,Airfield-Ops-Portal,view_manifest,standard,success,0
OP003058,2026-07-07T03:21:28,VND2007,vendor,SkyLink Ground Services,Cargo-Manifest-System,update_schedule,standard,success,0
OP000796,2026-07-07T04:18:24,STF1022,staff,,Departure-Control-System,view_manifest,standard,success,0
OP001486,2026-07-07T06:38:28,VND2021,vendor,Falcon Cargo Handling,Baggage-Handling-System,view_manifest,standard,success,0
OP001508,2026-07-07T06:45:22,STF1120,staff,,Baggage-Handling-System,download_bulk_data,elevated,success,0
OP000681,2026-07-07T06:57:54,VND2024,vendor,AeroFuel Solutions,Airfield-Ops-Portal,view_manifest,standard,success,0
OP000568,2026-07-07T07:09:04,STF1086,staff,,Gate-Management-System,update_schedule,standard,denied,0
OP002725,2026-07-07T07:09:24,STF1109,staff,,Airfield-Ops-Portal,view_manifest,standard,success,0
OP001824,2026-07-07T07:24:35,STF1128,staff,,Cargo-Manifest-System,export_report,standard,success,0
OP001443,2026-07-07T07:42:31,STF1062,staff,,Baggage-Handling-System,read_sensor_status,standard,success,0
OP001655,2026-07-07T07:54:34,VND2032,vendor,AeroFuel Solutions,Departure-Control-System,read_sensor_status,standard,success,0
OP002471,2026-07-07T08:08:50,STF1174,staff,,Cargo-Manifest-System,export_report,standard,success,0
OP002760,2026-07-07T08:37:33,VND2007,vendor,SkyLink Ground Services,Airfield-Ops-Portal,modify_routing_rule,elevated,success,0
OP001039,2026-07-07T08:39:47,STF1158,staff,,Departure-Control-System,update_schedule,standard,success,0
OP003048,2026-07-07T08:57:30,STF1036,staff,,Departure-Control-System,modify_routing_rule,elevated,success,0
OP001322,2026-07-07T09:01:05,VND2024,vendor,AeroFuel Solutions,Baggage-Handling-System,admin_config_change,elevated,success,0
OP002908,2026-07-07T09:07:18,STF1061,staff,,Airfield-Ops-Portal,create_user,elevated,success,0
OP000329,2026-07-07T09:13:39,VND2023,vendor,SkyLink Ground Services,Gate-Management-System,update_schedule,standard,success,0
OP001005,2026-07-07T09:21:15,STF1171,staff,,Gate-Management-System,read_sensor_status,standard,success,0
OP000591,2026-07-07T09:44:54,STF1132,staff,,Departure-Control-System,read_sensor_status,standard,success,0
OP003017,2026-07-07T10:11:35,STF1097,staff,,Cargo-Manifest-System,admin_config_change,elevated,success,0
OP002915,2026-07-07T10:19:11,STF1105,staff,,Baggage-Handling-System,update_schedule,standard,success,0
OP001956,2026-07-07T11:31:29,STF1161,staff,,Airfield-Ops-Portal,read_sensor_status,standard,success,0
OP001460,2026-07-07T11:50:12,STF1016,staff,,Airfield-Ops-Portal,update_schedule,standard,success,0
OP001138,2026-07-07T12:00:36,STF1166,staff,,Baggage-Handling-System,view_manifest,standard,denied,0
OP002245,2026-07-07T12:01:09,STF1138,staff,,Baggage-Handling-System,export_report,standard,success,0
OP001354,2026-07-07T12:19:01,STF1105,staff,,Departure-Control-System,view_manifest,standard,success,0
OP000592,2026-07-07T12:31:01,VND2022,vendor,Falcon Cargo Handling,Departure-Control-System,export_report,standard,success,0
OP001923,2026-07-07T12:39:50,STF1054,staff,,Baggage-Handling-System,read_sensor_status,standard,success,0
OP000690,2026-07-07T12:41:45,STF1072,staff,,Cargo-Manifest-System,modify_routing_rule,elevated,success,0
OP000557,2026-07-07T12:51:46,STF1053,staff,,Departure-Control-System,download_bulk_data,elevated,success,0
OP002937,2026-07-07T13:15:08,STF1049,staff,,Departure-Control-System,read_sensor_status,standard,success,0
OP001367,2026-07-07T13:20:16,STF1134,staff,,Cargo-Manifest-System,read_sensor_status,standard,success,0
OP000818,2026-07-07T13:46:00,VND2027,vendor,Meridian Aircraft Maintenance,Baggage-Handling-System,view_manifest,standard,success,0
OP001752,2026-07-07T14:47:14,STF1142,staff,,Airfield-Ops-Portal,view_manifest,standard,success,0
OP000602,2026-07-07T14:52:12,STF1061,staff,,Baggage-Handling-System,view_manifest,standard,success,0
OP002705,2026-07-07T14:55:19,STF1002,staff,,Cargo-Manifest-System,read_sensor_status,standard,success,0
OP002472,2026-07-07T15:15:06,STF1056,staff,,Baggage-Handling-System,update_schedule,standard,success,0
OP002352,2026-07-07T15:18:48,VND2017,vendor,Horizon Cleaning Services,Airfield-Ops-Portal,view_manifest,standard,success,0
OP000971,2026-07-07T15:38:17,STF1173,staff,,Cargo-Manifest-System,read_sensor_status,standard,success,0
OP002498,2026-07-07T16:01:51,VND2026,vendor,Horizon Cleaning Services,Airfield-Ops-Portal,admin_config_change,elevated,denied,0
OP001395,2026-07-07T16:16:41,STF1039,staff,,Baggage-Handling-System,view_manifest,standard,success,0
OP000736,2026-07-07T16:24:41,STF1139,staff,,Airfield-Ops-Portal,view_manifest,standard,success,0
OP002150,2026-07-07T16:28:06,VND2013,vendor,Falcon Cargo Handling,Cargo-Manifest-System,view_manifest,standard,success,0
OP002745,2026-07-07T16:46:06,STF1013,staff,,Baggage-Handling-System,read_sensor_status,standard,success,0
OP002898,2026-07-07T17:03:01,STF1144,staff,,Airfield-Ops-Portal,view_manifest,standard,success,0
OP000532,2026-07-07T17:25:14,STF1170,staff,,Gate-Management-System,export_report,standard,success,0
OP002761,2026-07-07T17:52:50,VND2016,vendor,AeroFuel Solutions,Gate-Management-System,view_manifest,standard,success,0
OP001808,2026-07-07T17:58:01,STF1147,staff,,Airfield-Ops-Portal,admin_config_change,elevated,success,0
OP000905,2026-07-07T18:02:43,VND2013,vendor,Falcon Cargo Handling,Airfield-Ops-Portal,export_report,standard,success,0
OP001204,2026-07-07T18:33:19,STF1034,staff,,Baggage-Handling-System,export_report,standard,success,0
OP001261,2026-07-07T18:41:14,STF1104,staff,,Baggage-Handling-System,update_schedule,standard,success,0
OP000562,2026-07-07T19:37:58,STF1077,staff,,Gate-Management-System,update_schedule,standard,success,0
OP000074,2026-07-07T19:51:04,STF1094,staff,,Gate-Management-System,view_manifest,standard,success,0
OP000140,2026-07-07T20:06:46,VND2013,vendor,Falcon Cargo Handling,Cargo-Manifest-System,read_sensor_status,standard,success,0
OP000903,2026-07-07T20:21:56,STF1059,staff,,Airfield-Ops-Portal,read_sensor_status,standard,success,0
OP000274,2026-07-07T20:25:01,VND2013,vendor,Falcon Cargo Handling,Gate-Management-System,update_schedule,standard,success,0
OP001544,2026-07-07T20:25:33,VND2006,vendor,Coastal Catering Co,Departure-Control-System,modify_routing_rule,elevated,success,0
OP002309,2026-07-07T20:28:06,STF1103,staff,,Baggage-Handling-System,export_report,standard,success,0
OP000544,2026-07-07T20:44:29,STF1035,staff,,Baggage-Handling-System,view_manifest,standard,success,0
OP000387,2026-07-07T20:52:58,STF1087,staff,,Departure-Control-System,export_report,standard,success,0
OP000371,2026-07-07T21:59:32,STF1137,staff,,Airfield-Ops-Portal,view_manifest,standard,success,0
OP002336,2026-07-07T23:09:23,VND2019,vendor,Falcon Cargo Handling,Cargo-Manifest-System,read_sensor_status,standard,success,0
OP000057,2026-07-07T23:20:44,VND2002,vendor,Horizon Cleaning Services,Cargo-Manifest-System,modify_routing_rule,elevated,success,0
OP002547,2026-07-08T00:04:58,STF1141,staff,,Gate-Management-System,view_manifest,standard,success,0
OP000343,2026-07-08T01:01:15,VND2023,vendor,SkyLink Ground Services,Departure-Control-System,admin_config_change,elevated,denied,1
OP000473,2026-07-08T01:38:04,STF1169,staff,,Cargo-Manifest-System,admin_config_change,elevated,success,1
OP001689,2026-07-08T04:22:50,VND2024,vendor,AeroFuel Solutions,Cargo-Manifest-System,view_manifest,standard,success,0
OP002489,2026-07-08T06:06:03,STF1081,staff,,Airfield-Ops-Portal,update_schedule,standard,success,0
OP000848,2026-07-08T06:33:01,STF1172,staff,,Baggage-Handling-System,view_manifest,standard,success,0
OP002636,2026-07-08T06:39:51,STF1115,staff,,Airfield-Ops-Portal,export_report,standard,success,0
OP001712,2026-07-08T07:25:31,STF1050,staff,,Departure-Control-System,download_bulk_data,elevated,success,0
OP002007,2026-07-08T07:31:43,STF1138,staff,,Gate-Management-System,admin_config_change,elevated,success,0
OP001197,2026-07-08T07:40:12,STF1150,staff,,Airfield-Ops-Portal,update_schedule,standard,success,0
OP001323,2026-07-08T08:35:14,STF1027,staff,,Baggage-Handling-System,update_schedule,standard,success,0
OP001140,2026-07-08T08:37:48,STF1050,staff,,Airfield-Ops-Portal,read_sensor_status,standard,success,0
OP002569,2026-07-08T08:51:33,STF1148,staff,,Departure-Control-System,update_schedule,standard,success,0
OP000968,2026-07-08T09:09:24,STF1179,staff,,Baggage-Handling-System,view_manifest,standard,success,0
OP000962,2026-07-08T09:19:49,STF1057,staff,,Cargo-Manifest-System,export_report,standard,success,0
OP001959,2026-07-08T09:56:56,STF1092,staff,,Baggage-Handling-System,modify_routing_rule,elevated,success,0
OP000570,2026-07-08T10:15:43,VND2025,vendor,SkyLink Ground Services,Baggage-Handling-System,view_manifest,standard,success,0
OP002327,2026-07-08T10:58:41,VND2010,vendor,SkyLink Ground Services,Airfield-Ops-Portal,admin_config_change,elevated,success,0
OP002846,2026-07-08T11:06:15,STF1059,staff,,Baggage-Handling-System,read_sensor_status,standard,success,0
OP001760,2026-07-08T11:22:02,STF1129,staff,,Departure-Control-System,view_manifest,standard,success,0
OP002114,2026-07-08T11:24:57,STF1148,staff,,Gate-Management-System,export_report,standard,success,0
OP000679,2026-07-08T11:44:44,STF1066,staff,,Departure-Control-System,modify_routing_rule,elevated,success,0
OP002356,2026-07-08T11:59:27,STF1011,staff,,Cargo-Manifest-System,update_schedule,standard,success,0
OP002625,2026-07-08T12:00:14,STF1123,staff,,Cargo-Manifest-System,export_report,standard,success,0
OP002548,2026-07-08T12:14:00,STF1036,staff,,Cargo-Manifest-System,download_bulk_data,elevated,success,0
OP000262,2026-07-08T12:17:12,STF1163,staff,,Departure-Control-System,view_manifest,standard,success,0
OP001681,2026-07-08T12:37:56,STF1095,staff,,Airfield-Ops-Portal,update_schedule,standard,success,0
OP002308,2026-07-08T13:43:24,VND2002,vendor,Horizon Cleaning Services,Baggage-Handling-System,export_report,standard,success,0
OP000482,2026-07-08T13:50:37,STF1024,staff,,Baggage-Handling-System,create_user,elevated,success,0
OP003072,2026-07-08T13:55:22,VND2028,vendor,Horizon Cleaning Services,Gate-Management-System,update_schedule,standard,success,0
OP000037,2026-07-08T14:11:19,VND2018,vendor,Falcon Cargo Handling,Gate-Management-System,update_schedule,standard,success,0
OP000740,2026-07-08T14:14:28,VND2009,vendor,Falcon Cargo Handling,Gate-Management-System,export_report,standard,success,0
OP001253,2026-07-08T14:20:17,STF1045,staff,,Airfield-Ops-Portal,export_report,standard,success,0
OP001977,2026-07-08T14:39:17,STF1134,staff,,Gate-Management-System,read_sensor_status,standard,success,0
OP000324,2026-07-08T15:08:29,STF1014,staff,,Airfield-Ops-Portal,modify_routing_rule,elevated,success,0
OP002446,2026-07-08T15:14:15,VND2001,vendor,Meridian Aircraft Maintenance,Departure-Control-System,export_report,standard,success,0
OP002616,2026-07-08T15:30:04,STF1118,staff,,Cargo-Manifest-System,view_manifest,standard,success,0
OP001124,2026-07-08T15:34:57,VND2021,vendor,Falcon Cargo Handling,Baggage-Handling-System,modify_routing_rule,elevated,success,0
OP001688,2026-07-08T15:39:07,VND2024,vendor,AeroFuel Solutions,Cargo-Manifest-System,view_manifest,standard,success,0
OP000168,2026-07-08T15:42:35,VND2024,vendor,AeroFuel Solutions,Departure-Control-System,admin_config_change,elevated,success,0
OP002929,2026-07-08T16:01:33,STF1149,staff,,Cargo-Manifest-System,download_bulk_data,elevated,success,1
OP000280,2026-07-08T16:32:01,VND2027,vendor,Meridian Aircraft Maintenance,Airfield-Ops-Portal,view_manifest,standard,success,0
OP002847,2026-07-08T17:02:50,STF1034,staff,,Airfield-Ops-Portal,read_sensor_status,standard,success,0
OP001748,2026-07-08T17:04:54,VND2020,vendor,Coastal Catering Co,Gate-Management-System,view_manifest,standard,success,0
OP001184,2026-07-08T17:14:58,STF1078,staff,,Cargo-Manifest-System,update_schedule,standard,success,0
OP000331,2026-07-08T17:22:24,VND2006,vendor,Coastal Catering Co,Baggage-Handling-System,view_manifest,standard,success,0
OP000439,2026-07-08T17:35:31,VND2021,vendor,Falcon Cargo Handling,Gate-Management-System,admin_config_change,elevated,success,0
OP001519,2026-07-08T17:40:10,STF1117,staff,,Departure-Control-System,export_report,standard,denied,0
OP003022,2026-07-08T17:42:58,VND2004,vendor,Falcon Cargo Handling,Gate-Management-System,view_manifest,standard,success,0
OP002132,2026-07-08T17:51:34,STF1065,staff,,Airfield-Ops-Portal,view_manifest,standard,success,0
OP000671,2026-07-08T18:07:40,VND2023,vendor,SkyLink Ground Services,Airfield-Ops-Portal,download_bulk_data,elevated,success,1
OP001304,2026-07-08T18:07:53,STF1079,staff,,Gate-Management-System,read_sensor_status,standard,success,0
OP002694,2026-07-08T18:09:25,STF1122,staff,,Airfield-Ops-Portal,download_bulk_data,elevated,success,0
OP000673,2026-07-08T18:24:34,STF1108,staff,,Cargo-Manifest-System,view_manifest,standard,success,0
OP000480,2026-07-08T18:29:40,STF1137,staff,,Airfield-Ops-Portal,view_manifest,standard,success,0
OP002789,2026-07-08T18:36:54,STF1059,staff,,Departure-Control-System,read_sensor_status,standard,success,0
OP000538,2026-07-08T19:02:14,VND2005,vendor,AeroFuel Solutions,Departure-Control-System,read_sensor_status,standard,denied,0
OP000012,2026-07-08T19:10:11,VND2018,vendor,Falcon Cargo Handling,Departure-Control-System,read_sensor_status,standard,success,0
OP001023,2026-07-08T19:11:37,STF1064,staff,,Baggage-Handling-System,modify_routing_rule,elevated,success,0
OP002989,2026-07-08T19:16:31,STF1006,staff,,Gate-Management-System,read_sensor_status,standard,success,0
OP000878,2026-07-08T19:46:41,STF1126,staff,,Departure-Control-System,view_manifest,standard,success,0
OP002317,2026-07-08T20:45:46,VND2003,vendor,Falcon Cargo Handling,Airfield-Ops-Portal,read_sensor_status,standard,success,0
OP002135,2026-07-08T20:58:54,VND2014,vendor,AeroFuel Solutions,Cargo-Manifest-System,modify_routing_rule,elevated,success,0
OP000434,2026-07-08T21:01:05,VND2005,vendor,AeroFuel Solutions,Gate-Management-System,update_schedule,standard,success,0
OP001487,2026-07-08T21:27:36,STF1156,staff,,Gate-Management-System,update_schedule,standard,success,0
OP000073,2026-07-08T21:35:14,VND2012,vendor,AeroFuel Solutions,Baggage-Handling-System,admin_config_change,elevated,success,0
OP001101,2026-07-08T21:38:46,VND2014,vendor,AeroFuel Solutions,Airfield-Ops-Portal,admin_config_change,elevated,success,0
OP002698,2026-07-08T23:53:49,STF1175,staff,,Gate-Management-System,read_sensor_status,standard,success,0
OP001801,2026-07-09T02:30:15,STF1009,staff,,Cargo-Manifest-System,view_manifest,standard,success,0
OP002096,2026-07-09T02:35:28,VND2007,vendor,SkyLink Ground Services,Baggage-Handling-System,create_user,elevated,success,0
OP002942,2026-07-09T02:55:10,STF1058,staff,,Airfield-Ops-Portal,view_manifest,standard,success,0
OP000042,2026-07-09T02:57:38,VND2013,vendor,Falcon Cargo Handling,Departure-Control-System,update_schedule,standard,success,0
OP002659,2026-07-09T04:07:11,STF1092,staff,,Cargo-Manifest-System,export_report,standard,success,0
OP000717,2026-07-09T04:36:26,VND2021,vendor,Falcon Cargo Handling,Departure-Control-System,update_schedule,standard,success,0
OP001177,2026-07-09T04:41:50,STF1132,staff,,Gate-Management-System,admin_config_change,elevated,success,0
OP000261,2026-07-09T06:40:34,STF1050,staff,,Baggage-Handling-System,modify_routing_rule,elevated,success,0
OP001291,2026-07-09T06:43:01,VND2009,vendor,Falcon Cargo Handling,Cargo-Manifest-System,read_sensor_status,standard,success,0
OP002909,2026-07-09T06:45:08,VND2024,vendor,AeroFuel Solutions,Gate-Management-System,export_report,standard,success,0
OP001105,2026-07-09T07:09:46,STF1108,staff,,Gate-Management-System,view_manifest,standard,success,0
OP000793,2026-07-09T07:11:32,VND2016,vendor,AeroFuel Solutions,Baggage-Handling-System,update_schedule,standard,success,0
OP000953,2026-07-09T07:34:07,VND2003,vendor,Falcon Cargo Handling,Departure-Control-System,export_report,standard,success,0
OP001408,2026-07-09T07:44:23,STF1050,staff,,Airfield-Ops-Portal,export_report,standard,success,0
OP001505,2026-07-09T08:03:20,STF1142,staff,,Gate-Management-System,read_sensor_status,standard,success,0
OP002699,2026-07-09T08:35:02,STF1044,staff,,Departure-Control-System,view_manifest,standard,denied,0
OP002154,2026-07-09T08:46:59,STF1081,staff,,Gate-Management-System,view_manifest,standard,success,0
OP001631,2026-07-09T09:36:35,STF1028,staff,,Departure-Control-System,modify_routing_rule,elevated,success,0
OP000126,2026-07-09T09:59:08,STF1039,staff,,Airfield-Ops-Portal,update_schedule,standard,success,0
OP000893,2026-07-09T10:15:34,VND2025,vendor,SkyLink Ground Services,Baggage-Handling-System,read_sensor_status,standard,success,0
OP002148,2026-07-09T10:30:59,STF1026,staff,,Gate-Management-System,read_sensor_status,standard,success,0
OP001559,2026-07-09T10:47:21,VND2017,vendor,Horizon Cleaning Services,Cargo-Manifest-System,view_manifest,standard,success,0
OP001546,2026-07-09T10:53:48,STF1082,staff,,Departure-Control-System,admin_config_change,elevated,success,0
OP000636,2026-07-09T11:02:06,STF1166,staff,,Airfield-Ops-Portal,modify_routing_rule,elevated,success,0
OP000264,2026-07-09T11:05:11,STF1117,staff,,Airfield-Ops-Portal,create_user,elevated,success,0
OP002375,2026-07-09T11:07:02,STF1153,staff,,Baggage-Handling-System,modify_routing_rule,elevated,success,0
OP000321,2026-07-09T11:07:53,VND2028,vendor,Horizon Cleaning Services,Cargo-Manifest-System,read_sensor_status,standard,success,0
OP000502,2026-07-09T11:13:12,STF1091,staff,,Gate-Management-System,view_manifest,standard,success,0
OP000598,2026-07-09T11:37:54,VND2027,vendor,Meridian Aircraft Maintenance,Cargo-Manifest-System,admin_config_change,elevated,success,0
OP000975,2026-07-09T12:33:22,VND2001,vendor,Meridian Aircraft Maintenance,Cargo-Manifest-System,modify_routing_rule,elevated,success,0
OP002213,2026-07-09T12:46:17,STF1042,staff,,Gate-Management-System,admin_config_change,elevated,success,0
OP000150,2026-07-09T12:52:02,STF1017,staff,,Cargo-Manifest-System,create_user,elevated,success,0
OP001466,2026-07-09T12:56:43,STF1008,staff,,Baggage-Handling-System,modify_routing_rule,elevated,success,0
OP000676,2026-07-09T13:24:09,STF1080,staff,,Airfield-Ops-Portal,update_schedule,standard,success,0
OP002505,2026-07-09T13:26:22,STF1145,staff,,Cargo-Manifest-System,create_user,elevated,success,0
OP001817,2026-07-09T13:46:59,VND2034,vendor,SkyLink Ground Services,Airfield-Ops-Portal,view_manifest,standard,success,0
OP002602,2026-07-09T14:02:38,STF1062,staff,,Cargo-Manifest-System,read_sensor_status,standard,success,0
OP002279,2026-07-09T14:31:50,VND2019,vendor,Falcon Cargo Handling,Departure-Control-System,view_manifest,standard,success,0
OP002302,2026-07-09T14:36:45,STF1130,staff,,Baggage-Handling-System,update_schedule,standard,success,0
OP000441,2026-07-09T14:41:27,STF1143,staff,,Cargo-Manifest-System,modify_routing_rule,elevated,success,0
OP001656,2026-07-09T15:10:08,STF1035,staff,,Airfield-Ops-Portal,read_sensor_status,standard,success,0
OP001701,2026-07-09T15:53:41,VND2008,vendor,SkyLink Ground Services,Baggage-Handling-System,read_sensor_status,standard,success,0
OP002868,2026-07-09T15:58:50,VND2030,vendor,Meridian Aircraft Maintenance,Cargo-Manifest-System,view_manifest,standard,success,0
OP000824,2026-07-09T16:07:02,STF1095,staff,,Baggage-Handling-System,view_manifest,standard,success,0
OP001907,2026-07-09T16:27:30,VND2019,vendor,Falcon Cargo Handling,Airfield-Ops-Portal,view_manifest,standard,success,0
OP000250,2026-07-09T17:30:28,VND2011,vendor,Falcon Cargo Handling,Gate-Management-System,view_manifest,standard,success,0
OP001036,2026-07-09T17:37:17,STF1124,staff,,Gate-Management-System,view_manifest,standard,denied,0
OP003008,2026-07-09T17:49:59,VND2012,vendor,AeroFuel Solutions,Cargo-Manifest-System,view_manifest,standard,success,0
OP002073,2026-07-09T18:36:58,STF1104,staff,,Departure-Control-System,export_report,standard,success,0
OP001163,2026-07-09T18:46:43,STF1148,staff,,Baggage-Handling-System,update_schedule,standard,success,0
OP002072,2026-07-09T18:47:51,STF1114,staff,,Gate-Management-System,read_sensor_status,standard,success,0
OP002104,2026-07-09T18:48:41,STF1011,staff,,Airfield-Ops-Portal,export_report,standard,success,0
OP001595,2026-07-09T19:19:13,STF1167,staff,,Baggage-Handling-System,export_report,standard,success,0
OP000231,2026-07-09T19:38:54,VND2030,vendor,Meridian Aircraft Maintenance,Airfield-Ops-Portal,export_report,standard,success,0
OP001640,2026-07-09T20:11:40,STF1165,staff,,Cargo-Manifest-System,view_manifest,standard,success,0
OP000236,2026-07-09T20:14:45,VND2031,vendor,Meridian Aircraft Maintenance,Gate-Management-System,read_sensor_status,standard,success,0
OP000798,2026-07-09T20:20:27,STF1094,staff,,Baggage-Handling-System,view_manifest,standard,success,0
OP000431,2026-07-09T20:23:21,VND2000,vendor,SkyLink Ground Services,Gate-Management-System,view_manifest,standard,success,0
OP001749,2026-07-09T20:24:55,VND2014,vendor,AeroFuel Solutions,Departure-Control-System,view_manifest,standard,success,0
OP001901,2026-07-09T20:39:33,STF1028,staff,,Baggage-Handling-System,view_manifest,standard,success,0
OP002681,2026-07-09T20:40:13,STF1065,staff,,Gate-Management-System,download_bulk_data,elevated,success,0
OP001946,2026-07-09T20:41:32,VND2001,vendor,Meridian Aircraft Maintenance,Baggage-Handling-System,read_sensor_status,standard,success,0
OP003076,2026-07-09T20:43:48,STF1115,staff,,Airfield-Ops-Portal,read_sensor_status,standard,success,0
OP000720,2026-07-09T21:01:34,VND2031,vendor,Meridian Aircraft Maintenance,Airfield-Ops-Portal,view_manifest,standard,success,0
OP001223,2026-07-09T21:22:10,STF1150,staff,,Departure-Control-System,update_schedule,standard,success,0
OP000587,2026-07-09T21:27:49,STF1146,staff,,Airfield-Ops-Portal,view_manifest,standard,success,0
OP001330,2026-07-09T21:34:02,STF1079,staff,,Departure-Control-System,download_bulk_data,elevated,success,0
OP000668,2026-07-09T21:45:30,STF1105,staff,,Departure-Control-System,create_user,elevated,success,0
OP001416,2026-07-09T21:54:50,VND2020,vendor,Coastal Catering Co,Departure-Control-System,read_sensor_status,standard,success,0
OP000993,2026-07-09T23:04:56,STF1092,staff,,Cargo-Manifest-System,update_schedule,standard,denied,0
OP002807,2026-07-10T00:20:31,STF1169,staff,,Gate-Management-System,admin_config_change,elevated,success,1
OP000252,2026-07-10T04:12:03,STF1098,staff,,Gate-Management-System,modify_routing_rule,elevated,denied,1
OP000397,2026-07-10T06:16:11,STF1064,staff,,Departure-Control-System,create_user,elevated,success,0
OP001533,2026-07-10T06:34:46,STF1043,staff,,Gate-Management-System,view_manifest,standard,success,0
OP002869,2026-07-10T06:34:53,STF1082,staff,,Cargo-Manifest-System,view_manifest,standard,success,0
OP002266,2026-07-10T06:58:47,STF1050,staff,,Baggage-Handling-System,read_sensor_status,standard,success,0
OP000306,2026-07-10T07:43:11,VND2030,vendor,Meridian Aircraft Maintenance,Baggage-Handling-System,admin_config_change,elevated,success,0
OP001584,2026-07-10T08:54:57,STF1056,staff,,Cargo-Manifest-System,export_report,standard,success,0
OP002428,2026-07-10T09:06:11,STF1130,staff,,Departure-Control-System,read_sensor_status,standard,success,0
OP001148,2026-07-10T09:28:54,STF1041,staff,,Gate-Management-System,view_manifest,standard,success,0
OP001736,2026-07-10T09:33:30,STF1121,staff,,Gate-Management-System,update_schedule,standard,success,0
OP000721,2026-07-10T10:07:52,STF1105,staff,,Departure-Control-System,view_manifest,standard,success,0
OP001515,2026-07-10T10:41:46,STF1165,staff,,Baggage-Handling-System,view_manifest,standard,success,0
OP001369,2026-07-10T10:57:02,STF1030,staff,,Gate-Management-System,view_manifest,standard,success,0
OP002803,2026-07-10T11:02:03,VND2033,vendor,Meridian Aircraft Maintenance,Airfield-Ops-Portal,modify_routing_rule,elevated,success,0
OP001277,2026-07-10T11:08:38,STF1005,staff,,Departure-Control-System,update_schedule,standard,success,0
OP001691,2026-07-10T11:26:22,STF1077,staff,,Gate-Management-System,view_manifest,standard,success,0
OP003030,2026-07-10T11:52:18,STF1068,staff,,Baggage-Handling-System,view_manifest,standard,success,0
OP001754,2026-07-10T11:54:59,VND2001,vendor,Meridian Aircraft Maintenance,Gate-Management-System,export_report,standard,success,0
OP002818,2026-07-10T12:07:49,STF1004,staff,,Gate-Management-System,view_manifest,standard,success,0
OP000633,2026-07-10T12:18:07,VND2009,vendor,Falcon Cargo Handling,Airfield-Ops-Portal,create_user,elevated,success,0
OP001613,2026-07-10T12:31:18,STF1061,staff,,Gate-Management-System,update_schedule,standard,success,0
OP000937,2026-07-10T12:41:37,STF1111,staff,,Cargo-Manifest-System,view_manifest,standard,success,0
OP000548,2026-07-10T13:14:12,VND2033,vendor,Meridian Aircraft Maintenance,Cargo-Manifest-System,download_bulk_data,elevated,success,1
OP000549,2026-07-10T14:36:08,STF1110,staff,,Airfield-Ops-Portal,admin_config_change,elevated,success,0
OP000561,2026-07-10T14:36:09,STF1073,staff,,Gate-Management-System,view_manifest,standard,success,0
OP002728,2026-07-10T14:45:00,VND2024,vendor,AeroFuel Solutions,Gate-Management-System,view_manifest,standard,success,0
OP001081,2026-07-10T14:59:50,STF1065,staff,,Gate-Management-System,view_manifest,standard,success,0
OP002577,2026-07-10T15:08:31,STF1098,staff,,Baggage-Handling-System,read_sensor_status,standard,success,0
OP002842,2026-07-10T15:17:14,STF1132,staff,,Departure-Control-System,read_sensor_status,standard,success,0
OP002819,2026-07-10T15:38:41,VND2016,vendor,AeroFuel Solutions,Departure-Control-System,view_manifest,standard,success,0
OP001284,2026-07-10T15:40:19,VND2028,vendor,Horizon Cleaning Services,Baggage-Handling-System,export_report,standard,success,0
OP000308,2026-07-10T15:49:05,VND2013,vendor,Falcon Cargo Handling,Baggage-Handling-System,read_sensor_status,standard,success,0
OP001825,2026-07-10T16:09:42,STF1147,staff,,Gate-Management-System,modify_routing_rule,elevated,success,0
OP001066,2026-07-10T16:16:04,VND2022,vendor,Falcon Cargo Handling,Baggage-Handling-System,view_manifest,standard,success,0
OP002539,2026-07-10T16:18:46,STF1139,staff,,Cargo-Manifest-System,read_sensor_status,standard,success,0
OP000569,2026-07-10T16:36:50,VND2031,vendor,Meridian Aircraft Maintenance,Cargo-Manifest-System,update_schedule,standard,success,0
OP002540,2026-07-10T16:43:47,VND2009,vendor,Falcon Cargo Handling,Baggage-Handling-System,download_bulk_data,elevated,success,0
OP000407,2026-07-10T17:01:06,STF1052,staff,,Baggage-Handling-System,read_sensor_status,standard,success,0
OP002319,2026-07-10T17:02:54,VND2021,vendor,Falcon Cargo Handling,Baggage-Handling-System,view_manifest,standard,success,0
OP001396,2026-07-10T17:20:33,VND2018,vendor,Falcon Cargo Handling,Departure-Control-System,read_sensor_status,standard,success,0
OP001424,2026-07-10T17:30:37,VND2029,vendor,Horizon Cleaning Services,Gate-Management-System,view_manifest,standard,denied,0
OP001282,2026-07-10T18:00:36,STF1091,staff,,Airfield-Ops-Portal,view_manifest,standard,success,0
OP001549,2026-07-10T18:00:59,STF1106,staff,,Gate-Management-System,read_sensor_status,standard,success,0
OP002404,2026-07-10T18:01:42,STF1079,staff,,Airfield-Ops-Portal,view_manifest,standard,success,0
OP000375,2026-07-10T18:07:57,STF1156,staff,,Cargo-Manifest-System,view_manifest,standard,success,0
OP002695,2026-07-10T18:10:07,VND2028,vendor,Horizon Cleaning Services,Departure-Control-System,view_manifest,standard,success,0
OP003007,2026-07-10T18:12:45,VND2025,vendor,SkyLink Ground Services,Gate-Management-System,view_manifest,standard,success,0
OP002285,2026-07-10T18:45:26,VND2028,vendor,Horizon Cleaning Services,Cargo-Manifest-System,view_manifest,standard,success,0
OP002069,2026-07-10T19:02:07,STF1157,staff,,Cargo-Manifest-System,read_sensor_status,standard,success,0
OP000028,2026-07-10T19:10:01,STF1075,staff,,Baggage-Handling-System,update_schedule,standard,success,0
OP000064,2026-07-10T19:24:38,STF1139,staff,,Gate-Management-System,view_manifest,standard,success,0
OP003091,2026-07-10T19:40:34,STF1030,staff,,Airfield-Ops-Portal,view_manifest,standard,success,0
OP002817,2026-07-10T20:09:42,STF1121,staff,,Baggage-Handling-System,modify_routing_rule,elevated,success,0
OP001321,2026-07-10T20:16:18,STF1066,staff,,Departure-Control-System,modify_routing_rule,elevated,success,0
OP001001,2026-07-10T20:30:22,VND2011,vendor,Falcon Cargo Handling,Departure-Control-System,export_report,standard,success,0
OP001611,2026-07-10T20:43:07,VND2017,vendor,Horizon Cleaning Services,Airfield-Ops-Portal,view_manifest,standard,success,0
OP001511,2026-07-10T20:50:30,STF1174,staff,,Airfield-Ops-Portal,update_schedule,standard,denied,0
OP001775,2026-07-10T21:09:59,STF1097,staff,,Departure-Control-System,export_report,standard,success,0
OP002686,2026-07-10T21:29:09,VND2027,vendor,Meridian Aircraft Maintenance,Cargo-Manifest-System,view_manifest,standard,success,0
OP002983,2026-07-10T21:36:50,VND2001,vendor,Meridian Aircraft Maintenance,Gate-Management-System,view_manifest,standard,success,0
OP000885,2026-07-10T21:47:04,STF1175,staff,,Gate-Management-System,download_bulk_data,elevated,success,0
OP002718,2026-07-11T02:15:33,STF1037,staff,,Airfield-Ops-Portal,view_manifest,standard,success,0
OP001586,2026-07-11T02:19:49,VND2012,vendor,AeroFuel Solutions,Cargo-Manifest-System,admin_config_change,elevated,success,0
OP000727,2026-07-11T06:02:08,STF1041,staff,,Cargo-Manifest-System,admin_config_change,elevated,success,0
OP000505,2026-07-11T06:13:26,VND2025,vendor,SkyLink Ground Services,Departure-Control-System,download_bulk_data,elevated,success,0
OP001488,2026-07-11T06:50:23,STF1178,staff,,Departure-Control-System,read_sensor_status,standard,success,0
OP000469,2026-07-11T07:01:44,VND2001,vendor,Meridian Aircraft Maintenance,Departure-Control-System,view_manifest,standard,success,0
OP002826,2026-07-11T07:07:31,VND2026,vendor,Horizon Cleaning Services,Cargo-Manifest-System,modify_routing_rule,elevated,success,0
OP001764,2026-07-11T07:25:46,STF1157,staff,,Baggage-Handling-System,admin_config_change,elevated,success,0
OP001523,2026-07-11T07:40:54,VND2015,vendor,AeroFuel Solutions,Baggage-Handling-System,view_manifest,standard,success,0
OP001269,2026-07-11T07:54:35,VND2011,vendor,Falcon Cargo Handling,Airfield-Ops-Portal,view_manifest,standard,success,0
OP001315,2026-07-11T07:57:52,STF1149,staff,,Airfield-Ops-Portal,read_sensor_status,standard,success,0
OP000265,2026-07-11T08:00:55,STF1049,staff,,Airfield-Ops-Portal,export_report,standard,success,0
OP002570,2026-07-11T08:12:26,VND2003,vendor,Falcon Cargo Handling,Cargo-Manifest-System,update_schedule,standard,success,0
OP000990,2026-07-11T08:44:44,VND2029,vendor,Horizon Cleaning Services,Airfield-Ops-Portal,read_sensor_status,standard,success,0
OP002837,2026-07-11T09:13:11,STF1073,staff,,Gate-Management-System,update_schedule,standard,success,0
OP001285,2026-07-11T09:20:15,STF1030,staff,,Airfield-Ops-Portal,read_sensor_status,standard,success,0
OP002123,2026-07-11T09:30:45,STF1049,staff,,Baggage-Handling-System,view_manifest,standard,success,0
OP001257,2026-07-11T10:17:00,VND2003,vendor,Falcon Cargo Handling,Baggage-Handling-System,read_sensor_status,standard,success,0
OP001423,2026-07-11T10:26:48,VND2002,vendor,Horizon Cleaning Services,Airfield-Ops-Portal,modify_routing_rule,elevated,success,0
OP000939,2026-07-11T10:27:43,VND2008,vendor,SkyLink Ground Services,Cargo-Manifest-System,modify_routing_rule,elevated,success,0
OP001703,2026-07-11T10:37:44,STF1054,staff,,Baggage-Handling-System,read_sensor_status,standard,success,0
OP002984,2026-07-11T10:39:35,VND2019,vendor,Falcon Cargo Handling,Gate-Management-System,read_sensor_status,standard,success,0
OP002806,2026-07-11T10:47:50,STF1176,staff,,Cargo-Manifest-System,update_schedule,standard,success,0
OP003085,2026-07-11T10:57:03,STF1111,staff,,Gate-Management-System,download_bulk_data,elevated,success,0
OP001662,2026-07-11T11:04:54,STF1124,staff,,Cargo-Manifest-System,read_sensor_status,standard,success,0
OP000396,2026-07-11T11:23:03,STF1063,staff,,Airfield-Ops-Portal,view_manifest,standard,success,0
OP000778,2026-07-11T11:35:59,VND2024,vendor,AeroFuel Solutions,Cargo-Manifest-System,update_schedule,standard,success,0
OP000765,2026-07-11T11:44:53,STF1021,staff,,Gate-Management-System,view_manifest,standard,success,0
OP000297,2026-07-11T12:12:58,STF1079,staff,,Airfield-Ops-Portal,modify_routing_rule,elevated,success,0
OP001390,2026-07-11T12:18:46,STF1053,staff,,Cargo-Manifest-System,export_report,standard,success,0
OP001405,2026-07-11T12:22:29,VND2019,vendor,Falcon Cargo Handling,Baggage-Handling-System,export_report,standard,denied,0
OP001499,2026-07-11T12:42:57,STF1119,staff,,Cargo-Manifest-System,read_sensor_status,standard,success,0
OP002617,2026-07-11T13:07:05,STF1179,staff,,Cargo-Manifest-System,update_schedule,standard,success,0
OP001572,2026-07-11T13:17:21,STF1178,staff,,Airfield-Ops-Portal,update_schedule,standard,success,0
OP000488,2026-07-11T13:18:00,VND2002,vendor,Horizon Cleaning Services,Airfield-Ops-Portal,download_bulk_data,elevated,success,0
OP002735,2026-07-11T13:32:41,VND2012,vendor,AeroFuel Solutions,Gate-Management-System,view_manifest,standard,success,0
OP001705,2026-07-11T14:07:43,STF1090,staff,,Cargo-Manifest-System,view_manifest,standard,success,0
OP003013,2026-07-11T14:14:50,STF1179,staff,,Baggage-Handling-System,admin_config_change,elevated,success,0
OP000950,2026-07-11T14:23:02,STF1139,staff,,Cargo-Manifest-System,read_sensor_status,standard,success,0
OP001010,2026-07-11T14:29:59,STF1147,staff,,Departure-Control-System,modify_routing_rule,elevated,success,0
OP002006,2026-07-11T14:48:14,STF1039,staff,,Gate-Management-System,export_report,standard,success,0
OP000630,2026-07-11T14:55:41,STF1160,staff,,Airfield-Ops-Portal,create_user,elevated,success,1
OP002491,2026-07-11T14:59:25,VND2001,vendor,Meridian Aircraft Maintenance,Departure-Control-System,read_sensor_status,standard,success,0
OP002326,2026-07-11T15:40:18,VND2029,vendor,Horizon Cleaning Services,Cargo-Manifest-System,view_manifest,standard,success,0
OP001906,2026-07-11T16:18:17,STF1097,staff,,Cargo-Manifest-System,update_schedule,standard,success,0
OP002593,2026-07-11T16:23:53,STF1159,staff,,Departure-Control-System,view_manifest,standard,success,0
OP001425,2026-07-11T16:29:10,VND2028,vendor,Horizon Cleaning Services,Baggage-Handling-System,update_schedule,standard,success,0
OP002003,2026-07-11T16:53:41,STF1056,staff,,Departure-Control-System,admin_config_change,elevated,success,0
OP001383,2026-07-11T17:00:10,STF1014,staff,,Airfield-Ops-Portal,modify_routing_rule,elevated,success,0
OP000916,2026-07-11T17:01:32,STF1083,staff,,Departure-Control-System,create_user,elevated,success,0
OP000743,2026-07-11T17:28:21,VND2024,vendor,AeroFuel Solutions,Baggage-Handling-System,update_schedule,standard,success,0
OP002511,2026-07-11T17:31:16,STF1008,staff,,Departure-Control-System,admin_config_change,elevated,success,0
OP001891,2026-07-11T17:32:25,VND2028,vendor,Horizon Cleaning Services,Departure-Control-System,update_schedule,standard,success,0
OP000312,2026-07-11T17:45:25,STF1128,staff,,Gate-Management-System,view_manifest,standard,success,0
OP002820,2026-07-11T18:04:05,STF1064,staff,,Departure-Control-System,update_schedule,standard,success,0
OP001847,2026-07-11T18:08:00,STF1067,staff,,Gate-Management-System,export_report,standard,success,0
OP002191,2026-07-11T18:15:04,STF1041,staff,,Airfield-Ops-Portal,view_manifest,standard,success,0
OP000977,2026-07-11T18:15:56,VND2016,vendor,AeroFuel Solutions,Baggage-Handling-System,view_manifest,standard,success,0
OP000449,2026-07-11T18:30:53,STF1001,staff,,Airfield-Ops-Portal,export_report,standard,success,0
OP000437,2026-07-11T18:39:04,STF1155,staff,,Baggage-Handling-System,view_manifest,standard,success,0
OP000680,2026-07-11T18:42:35,STF1007,staff,,Departure-Control-System,update_schedule,standard,success,0
OP002663,2026-07-11T19:00:46,STF1170,staff,,Gate-Management-System,admin_config_change,elevated,success,0
OP000987,2026-07-11T19:06:18,STF1063,staff,,Gate-Management-System,update_schedule,standard,success,0
OP001690,2026-07-11T19:31:51,STF1001,staff,,Airfield-Ops-Portal,admin_config_change,elevated,success,0
OP002181,2026-07-11T19:53:11,VND2030,vendor,Meridian Aircraft Maintenance,Gate-Management-System,download_bulk_data,elevated,success,0
OP000706,2026-07-11T20:29:34,VND2016,vendor,AeroFuel Solutions,Departure-Control-System,admin_config_change,elevated,success,0
OP001206,2026-07-11T20:44:37,STF1014,staff,,Gate-Management-System,modify_routing_rule,elevated,success,0
OP001787,2026-07-11T21:10:44,STF1046,staff,,Gate-Management-System,download_bulk_data,elevated,success,0
OP002502,2026-07-11T21:13:22,STF1079,staff,,Departure-Control-System,admin_config_change,elevated,success,0
OP001332,2026-07-11T21:46:40,STF1041,staff,,Cargo-Manifest-System,modify_routing_rule,elevated,denied,0
OP002095,2026-07-11T23:49:00,VND2030,vendor,Meridian Aircraft Maintenance,Cargo-Manifest-System,view_manifest,standard,success,0
OP001536,2026-07-12T02:27:53,STF1098,staff,,Baggage-Handling-System,download_bulk_data,elevated,success,1
OP001618,2026-07-12T04:42:10,STF1097,staff,,Gate-Management-System,read_sensor_status,standard,success,0
OP001175,2026-07-12T06:01:41,VND2009,vendor,Falcon Cargo Handling,Baggage-Handling-System,update_schedule,standard,success,0
OP001445,2026-07-12T06:10:21,VND2030,vendor,Meridian Aircraft Maintenance,Departure-Control-System,create_user,elevated,success,0
OP000710,2026-07-12T06:21:38,STF1082,staff,,Cargo-Manifest-System,view_manifest,standard,success,0
OP000164,2026-07-12T06:36:04,STF1024,staff,,Airfield-Ops-Portal,read_sensor_status,standard,success,0
OP002351,2026-07-12T06:44:36,STF1128,staff,,Baggage-Handling-System,view_manifest,standard,success,0
OP001996,2026-07-12T06:44:53,VND2012,vendor,AeroFuel Solutions,Departure-Control-System,download_bulk_data,elevated,success,0
OP002797,2026-07-12T06:56:14,VND2020,vendor,Coastal Catering Co,Gate-Management-System,export_report,standard,success,0
OP001831,2026-07-12T06:56:17,STF1140,staff,,Cargo-Manifest-System,export_report,standard,success,0
OP002241,2026-07-12T07:23:30,VND2014,vendor,AeroFuel Solutions,Cargo-Manifest-System,view_manifest,standard,success,0
OP001375,2026-07-12T07:34:30,STF1079,staff,,Baggage-Handling-System,read_sensor_status,standard,success,0
OP002152,2026-07-12T07:37:32,STF1029,staff,,Baggage-Handling-System,modify_routing_rule,elevated,denied,0
OP002546,2026-07-12T07:37:59,STF1070,staff,,Gate-Management-System,update_schedule,standard,success,0
OP000227,2026-07-12T07:45:51,STF1177,staff,,Gate-Management-System,export_report,standard,success,0
OP002784,2026-07-12T07:50:45,VND2011,vendor,Falcon Cargo Handling,Airfield-Ops-Portal,update_schedule,standard,success,0
OP002140,2026-07-12T07:57:45,STF1009,staff,,Departure-Control-System,update_schedule,standard,success,0
OP001889,2026-07-12T07:59:04,STF1020,staff,,Baggage-Handling-System,view_manifest,standard,success,0
OP001968,2026-07-12T08:25:42,STF1040,staff,,Departure-Control-System,update_schedule,standard,success,0
OP000428,2026-07-12T08:36:33,VND2031,vendor,Meridian Aircraft Maintenance,Baggage-Handling-System,update_schedule,standard,denied,0
OP002170,2026-07-12T08:37:34,VND2026,vendor,Horizon Cleaning Services,Departure-Control-System,read_sensor_status,standard,success,0
OP001616,2026-07-12T08:40:16,STF1131,staff,,Gate-Management-System,read_sensor_status,standard,success,0
OP002993,2026-07-12T08:51:44,STF1162,staff,,Cargo-Manifest-System,read_sensor_status,standard,success,0
OP001916,2026-07-12T09:03:57,STF1065,staff,,Gate-Management-System,update_schedule,standard,success,0
OP002821,2026-07-12T09:16:04,STF1168,staff,,Gate-Management-System,admin_config_change,elevated,success,0
OP002954,2026-07-12T09:54:01,STF1142,staff,,Airfield-Ops-Portal,update_schedule,standard,denied,0
OP001208,2026-07-12T09:54:15,STF1040,staff,,Cargo-Manifest-System,view_manifest,standard,success,0
OP001680,2026-07-12T10:02:27,VND2003,vendor,Falcon Cargo Handling,Departure-Control-System,view_manifest,standard,success,0
OP001145,2026-07-12T10:39:36,VND2005,vendor,AeroFuel Solutions,Airfield-Ops-Portal,read_sensor_status,standard,success,0
OP000170,2026-07-12T11:12:52,VND2014,vendor,AeroFuel Solutions,Departure-Control-System,view_manifest,standard,success,0
OP001583,2026-07-12T12:50:56,STF1008,staff,,Cargo-Manifest-System,view_manifest,standard,success,0
OP001249,2026-07-12T12:59:12,VND2012,vendor,AeroFuel Solutions,Baggage-Handling-System,update_schedule,standard,success,0
OP000334,2026-07-12T13:04:42,STF1002,staff,,Cargo-Manifest-System,modify_routing_rule,elevated,success,0
OP001791,2026-07-12T13:11:16,VND2003,vendor,Falcon Cargo Handling,Baggage-Handling-System,view_manifest,standard,success,0
OP001301,2026-07-12T13:13:31,STF1034,staff,,Gate-Management-System,update_schedule,standard,success,0
OP001361,2026-07-12T13:15:19,STF1041,staff,,Baggage-Handling-System,view_manifest,standard,success,0
OP000701,2026-07-12T13:19:39,VND2024,vendor,AeroFuel Solutions,Cargo-Manifest-System,view_manifest,standard,success,0
OP002759,2026-07-12T13:21:42,STF1005,staff,,Cargo-Manifest-System,view_manifest,standard,success,0
OP002949,2026-07-12T13:22:37,STF1033,staff,,Airfield-Ops-Portal,update_schedule,standard,success,0
OP001673,2026-07-12T13:34:02,STF1022,staff,,Departure-Control-System,export_report,standard,success,0
OP002076,2026-07-12T13:37:47,STF1031,staff,,Cargo-Manifest-System,read_sensor_status,standard,success,0
OP002111,2026-07-12T13:40:29,VND2001,vendor,Meridian Aircraft Maintenance,Baggage-Handling-System,read_sensor_status,standard,success,0
OP002364,2026-07-12T13:43:45,STF1089,staff,,Gate-Management-System,read_sensor_status,standard,success,0
OP001739,2026-07-12T13:48:35,VND2034,vendor,SkyLink Ground Services,Baggage-Handling-System,view_manifest,standard,success,0
OP002603,2026-07-12T13:56:34,STF1098,staff,,Baggage-Handling-System,admin_config_change,elevated,success,1
OP001788,2026-07-12T14:15:41,VND2020,vendor,Coastal Catering Co,Airfield-Ops-Portal,read_sensor_status,standard,success,0
OP001480,2026-07-12T14:19:54,VND2011,vendor,Falcon Cargo Handling,Gate-Management-System,read_sensor_status,standard,success,0
OP001233,2026-07-12T14:29:13,STF1116,staff,,Cargo-Manifest-System,update_schedule,standard,success,0
OP003011,2026-07-12T14:42:27,STF1140,staff,,Baggage-Handling-System,view_manifest,standard,success,0
OP001872,2026-07-12T14:46:16,VND2011,vendor,Falcon Cargo Handling,Airfield-Ops-Portal,read_sensor_status,standard,success,0
OP000739,2026-07-12T15:32:37,VND2014,vendor,AeroFuel Solutions,Airfield-Ops-Portal,view_manifest,standard,success,0
OP002145,2026-07-12T15:57:09,STF1176,staff,,Cargo-Manifest-System,update_schedule,standard,success,0
OP002338,2026-07-12T16:08:47,STF1047,staff,,Baggage-Handling-System,download_bulk_data,elevated,success,0
OP001368,2026-07-12T16:14:53,VND2014,vendor,AeroFuel Solutions,Airfield-Ops-Portal,read_sensor_status,standard,success,0
OP001117,2026-07-12T16:16:39,STF1144,staff,,Baggage-Handling-System,view_manifest,standard,success,0
OP001004,2026-07-12T16:26:49,STF1129,staff,,Departure-Control-System,update_schedule,standard,success,0
OP001120,2026-07-12T16:57:52,STF1057,staff,,Cargo-Manifest-System,download_bulk_data,elevated,success,0
OP002574,2026-07-12T17:07:08,STF1118,staff,,Gate-Management-System,view_manifest,standard,success,0
OP001360,2026-07-12T17:13:15,VND2005,vendor,AeroFuel Solutions,Baggage-Handling-System,create_user,elevated,success,0
OP000742,2026-07-12T17:15:31,STF1028,staff,,Cargo-Manifest-System,read_sensor_status,standard,success,0
OP000018,2026-07-12T18:20:55,STF1170,staff,,Departure-Control-System,update_schedule,standard,success,0
OP000728,2026-07-12T19:03:00,STF1106,staff,,Gate-Management-System,view_manifest,standard,success,0
OP000938,2026-07-12T19:29:08,STF1101,staff,,Airfield-Ops-Portal,create_user,elevated,success,0
OP002685,2026-07-12T19:30:14,STF1091,staff,,Airfield-Ops-Portal,modify_routing_rule,elevated,success,0
OP001722,2026-07-12T19:38:42,STF1170,staff,,Gate-Management-System,export_report,standard,success,0
OP002000,2026-07-12T20:09:17,STF1090,staff,,Baggage-Handling-System,update_schedule,standard,success,0
OP001664,2026-07-12T20:23:02,STF1121,staff,,Cargo-Manifest-System,modify_routing_rule,elevated,success,0
OP002575,2026-07-12T20:25:33,VND2012,vendor,AeroFuel Solutions,Gate-Management-System,view_manifest,standard,success,0
OP002816,2026-07-12T20:26:10,STF1096,staff,,Airfield-Ops-Portal,update_schedule,standard,success,0
OP002707,2026-07-12T20:33:54,STF1098,staff,,Gate-Management-System,download_bulk_data,elevated,success,1
OP000409,2026-07-12T20:42:02,STF1155,staff,,Cargo-Manifest-System,read_sensor_status,standard,success,0
OP002247,2026-07-12T20:56:15,VND2007,vendor,SkyLink Ground Services,Cargo-Manifest-System,update_schedule,standard,success,0
OP001419,2026-07-12T21:48:07,STF1164,staff,,Cargo-Manifest-System,download_bulk_data,elevated,success,1
OP001199,2026-07-12T23:16:46,VND2023,vendor,SkyLink Ground Services,Gate-Management-System,admin_config_change,elevated,success,1
OP002005,2026-07-13T00:14:08,STF1035,staff,,Departure-Control-System,export_report,standard,success,0
OP001813,2026-07-13T03:37:30,VND2024,vendor,AeroFuel Solutions,Airfield-Ops-Portal,download_bulk_data,elevated,success,0
OP002298,2026-07-13T04:28:34,STF1150,staff,,Airfield-Ops-Portal,modify_routing_rule,elevated,success,0
OP000149,2026-07-13T06:02:42,STF1047,staff,,Baggage-Handling-System,export_report,standard,success,0
OP002924,2026-07-13T06:32:28,STF1105,staff,,Gate-Management-System,export_report,standard,denied,0
OP000941,2026-07-13T06:34:44,STF1113,staff,,Airfield-Ops-Portal,modify_routing_rule,elevated,success,0
OP001529,2026-07-13T06:38:43,VND2011,vendor,Falcon Cargo Handling,Departure-Control-System,view_manifest,standard,success,0
OP002255,2026-07-13T06:48:10,STF1043,staff,,Airfield-Ops-Portal,export_report,standard,success,0
OP000083,2026-07-13T07:03:20,VND2030,vendor,Meridian Aircraft Maintenance,Baggage-Handling-System,read_sensor_status,standard,success,0
OP001404,2026-07-13T07:12:04,STF1067,staff,,Cargo-Manifest-System,update_schedule,standard,success,0
OP002261,2026-07-13T07:16:17,STF1169,staff,,Gate-Management-System,create_user,elevated,denied,1
OP000266,2026-07-13T07:19:02,VND2010,vendor,SkyLink Ground Services,Airfield-Ops-Portal,modify_routing_rule,elevated,success,0
OP002263,2026-07-13T07:52:51,VND2012,vendor,AeroFuel Solutions,Airfield-Ops-Portal,admin_config_change,elevated,success,0
OP003029,2026-07-13T07:55:53,VND2002,vendor,Horizon Cleaning Services,Baggage-Handling-System,read_sensor_status,standard,success,0
OP000230,2026-07-13T08:08:57,STF1013,staff,,Baggage-Handling-System,create_user,elevated,success,0
OP002702,2026-07-13T08:38:02,VND2000,vendor,SkyLink Ground Services,Departure-Control-System,view_manifest,standard,success,0
OP002424,2026-07-13T09:05:52,STF1145,staff,,Baggage-Handling-System,read_sensor_status,standard,success,0
OP001176,2026-07-13T09:43:29,STF1051,staff,,Gate-Management-System,create_user,elevated,success,0
OP002553,2026-07-13T10:20:42,VND2011,vendor,Falcon Cargo Handling,Baggage-Handling-System,view_manifest,standard,success,0
OP002794,2026-07-13T10:26:41,VND2022,vendor,Falcon Cargo Handling,Baggage-Handling-System,view_manifest,standard,success,0
OP002071,2026-07-13T10:32:09,STF1121,staff,,Gate-Management-System,export_report,standard,success,0
OP002980,2026-07-13T11:03:58,STF1109,staff,,Airfield-Ops-Portal,update_schedule,standard,success,0
OP002486,2026-07-13T11:05:34,STF1157,staff,,Baggage-Handling-System,download_bulk_data,elevated,success,0
OP000926,2026-07-13T11:21:49,STF1070,staff,,Departure-Control-System,admin_config_change,elevated,success,0
OP002057,2026-07-13T11:46:45,STF1039,staff,,Airfield-Ops-Portal,export_report,standard,success,0
OP001679,2026-07-13T11:49:51,VND2034,vendor,SkyLink Ground Services,Baggage-Handling-System,view_manifest,standard,success,0
OP002632,2026-07-13T11:52:33,STF1105,staff,,Departure-Control-System,read_sensor_status,standard,success,0
OP000724,2026-07-13T12:34:49,STF1098,staff,,Baggage-Handling-System,modify_routing_rule,elevated,success,1
OP000296,2026-07-13T12:55:41,STF1079,staff,,Departure-Control-System,export_report,standard,success,0
OP001696,2026-07-13T13:04:04,STF1103,staff,,Baggage-Handling-System,update_schedule,standard,success,0
OP001567,2026-07-13T14:23:58,STF1101,staff,,Baggage-Handling-System,read_sensor_status,standard,success,0
OP002237,2026-07-13T14:33:55,STF1091,staff,,Airfield-Ops-Portal,view_manifest,standard,success,0
OP002029,2026-07-13T14:42:26,VND2027,vendor,Meridian Aircraft Maintenance,Departure-Control-System,view_manifest,standard,success,0
OP000245,2026-07-13T15:00:25,STF1124,staff,,Gate-Management-System,modify_routing_rule,elevated,success,0
OP000320,2026-07-13T15:00:39,VND2022,vendor,Falcon Cargo Handling,Cargo-Manifest-System,export_report,standard,success,0
OP001169,2026-07-13T15:15:41,STF1108,staff,,Departure-Control-System,read_sensor_status,standard,success,0
OP000890,2026-07-13T15:58:48,STF1163,staff,,Departure-Control-System,export_report,standard,success,0
OP003096,2026-07-13T16:09:14,VND2018,vendor,Falcon Cargo Handling,Departure-Control-System,export_report,standard,success,0
OP002265,2026-07-13T16:23:47,VND2001,vendor,Meridian Aircraft Maintenance,Departure-Control-System,modify_routing_rule,elevated,success,0
OP000583,2026-07-13T16:40:47,STF1152,staff,,Cargo-Manifest-System,download_bulk_data,elevated,success,0
OP002706,2026-07-13T17:06:41,STF1010,staff,,Departure-Control-System,update_schedule,standard,success,0
OP002278,2026-07-13T17:26:50,STF1115,staff,,Departure-Control-System,view_manifest,standard,success,0
OP000731,2026-07-13T17:32:21,VND2005,vendor,AeroFuel Solutions,Airfield-Ops-Portal,export_report,standard,success,0
OP000194,2026-07-13T18:19:15,VND2008,vendor,SkyLink Ground Services,Cargo-Manifest-System,view_manifest,standard,success,0
OP002911,2026-07-13T18:57:16,STF1172,staff,,Baggage-Handling-System,update_schedule,standard,success,0
OP002054,2026-07-13T19:17:38,STF1009,staff,,Gate-Management-System,read_sensor_status,standard,success,0
OP000985,2026-07-13T19:24:24,STF1127,staff,,Departure-Control-System,view_manifest,standard,success,0
OP001497,2026-07-13T19:55:15,STF1009,staff,,Cargo-Manifest-System,export_report,standard,success,0
OP000670,2026-07-13T20:20:17,STF1111,staff,,Baggage-Handling-System,export_report,standard,success,0
OP001080,2026-07-13T20:37:45,VND2007,vendor,SkyLink Ground Services,Cargo-Manifest-System,update_schedule,standard,success,0
OP001448,2026-07-13T20:56:29,STF1047,staff,,Baggage-Handling-System,update_schedule,standard,success,0
OP001532,2026-07-13T20:59:34,STF1156,staff,,Baggage-Handling-System,download_bulk_data,elevated,success,0
OP001976,2026-07-13T21:15:48,VND2009,vendor,Falcon Cargo Handling,Baggage-Handling-System,admin_config_change,elevated,denied,0
OP001950,2026-07-13T21:18:53,VND2011,vendor,Falcon Cargo Handling,Cargo-Manifest-System,view_manifest,standard,success,0
OP001046,2026-07-13T21:51:45,STF1101,staff,,Cargo-Manifest-System,download_bulk_data,elevated,success,0
OP002704,2026-07-14T00:33:06,STF1124,staff,,Cargo-Manifest-System,create_user,elevated,success,0
OP002004,2026-07-14T00:35:32,STF1009,staff,,Airfield-Ops-Portal,view_manifest,standard,success,0
OP000013,2026-07-14T01:53:49,STF1077,staff,,Gate-Management-System,update_schedule,standard,success,0
OP002679,2026-07-14T01:55:04,STF1169,staff,,Airfield-Ops-Portal,download_bulk_data,elevated,success,1
OP001435,2026-07-14T02:24:19,STF1155,staff,,Airfield-Ops-Portal,create_user,elevated,success,0
OP002970,2026-07-14T02:54:11,STF1113,staff,,Gate-Management-System,modify_routing_rule,elevated,success,0
OP001452,2026-07-14T06:06:58,STF1042,staff,,Baggage-Handling-System,create_user,elevated,success,0
OP000226,2026-07-14T06:17:17,VND2011,vendor,Falcon Cargo Handling,Airfield-Ops-Portal,update_schedule,standard,success,0
OP000207,2026-07-14T06:30:18,VND2003,vendor,Falcon Cargo Handling,Airfield-Ops-Portal,export_report,standard,success,0
OP001400,2026-07-14T07:10:11,STF1077,staff,,Gate-Management-System,read_sensor_status,standard,success,0
OP000167,2026-07-14T07:12:26,VND2012,vendor,AeroFuel Solutions,Gate-Management-System,admin_config_change,elevated,success,0
OP000282,2026-07-14T07:40:50,VND2025,vendor,SkyLink Ground Services,Airfield-Ops-Portal,read_sensor_status,standard,success,0
OP000755,2026-07-14T07:56:46,STF1109,staff,,Cargo-Manifest-System,update_schedule,standard,success,0
OP001581,2026-07-14T08:03:09,STF1176,staff,,Gate-Management-System,read_sensor_status,standard,success,0
OP001431,2026-07-14T08:15:07,STF1161,staff,,Gate-Management-System,update_schedule,standard,success,0
OP000542,2026-07-14T08:29:34,STF1131,staff,,Airfield-Ops-Portal,update_schedule,standard,success,0
OP001558,2026-07-14T08:35:56,STF1136,staff,,Departure-Control-System,download_bulk_data,elevated,success,0
OP000769,2026-07-14T09:12:01,STF1117,staff,,Baggage-Handling-System,download_bulk_data,elevated,success,0
OP002709,2026-07-14T09:23:26,VND2023,vendor,SkyLink Ground Services,Gate-Management-System,download_bulk_data,elevated,success,0
OP002450,2026-07-14T09:31:45,STF1134,staff,,Departure-Control-System,read_sensor_status,standard,success,0
OP002122,2026-07-14T09:40:50,VND2029,vendor,Horizon Cleaning Services,Departure-Control-System,read_sensor_status,standard,success,0
OP002240,2026-07-14T10:25:32,STF1020,staff,,Baggage-Handling-System,admin_config_change,elevated,success,0
OP002836,2026-07-14T10:31:49,STF1103,staff,,Cargo-Manifest-System,modify_routing_rule,elevated,success,0
OP003074,2026-07-14T10:41:48,VND2031,vendor,Meridian Aircraft Maintenance,Cargo-Manifest-System,view_manifest,standard,success,0
OP001126,2026-07-14T10:53:24,VND2002,vendor,Horizon Cleaning Services,Airfield-Ops-Portal,update_schedule,standard,success,0
OP001065,2026-07-14T11:07:58,STF1085,staff,,Departure-Control-System,export_report,standard,success,0
OP001888,2026-07-14T11:25:01,VND2007,vendor,SkyLink Ground Services,Airfield-Ops-Portal,read_sensor_status,standard,success,0
OP002129,2026-07-14T11:27:17,STF1006,staff,,Gate-Management-System,download_bulk_data,elevated,success,0
OP001106,2026-07-14T11:39:00,STF1165,staff,,Cargo-Manifest-System,read_sensor_status,standard,success,0
OP001552,2026-07-14T11:43:42,VND2031,vendor,Meridian Aircraft Maintenance,Airfield-Ops-Portal,read_sensor_status,standard,success,0
OP001485,2026-07-14T11:46:22,STF1049,staff,,Departure-Control-System,modify_routing_rule,elevated,success,0
OP000872,2026-07-14T12:09:47,STF1156,staff,,Baggage-Handling-System,read_sensor_status,standard,success,0
OP002084,2026-07-14T12:18:44,VND2002,vendor,Horizon Cleaning Services,Departure-Control-System,read_sensor_status,standard,success,0
OP000747,2026-07-14T12:21:41,VND2018,vendor,Falcon Cargo Handling,Baggage-Handling-System,export_report,standard,success,0
OP002288,2026-07-14T13:10:44,STF1141,staff,,Cargo-Manifest-System,view_manifest,standard,success,0
OP000357,2026-07-14T13:37:22,STF1179,staff,,Baggage-Handling-System,view_manifest,standard,success,0
OP002850,2026-07-14T13:41:20,STF1086,staff,,Cargo-Manifest-System,view_manifest,standard,success,0
OP002982,2026-07-14T14:39:04,STF1176,staff,,Baggage-Handling-System,modify_routing_rule,elevated,success,0
OP000192,2026-07-14T14:53:55,VND2002,vendor,Horizon Cleaning Services,Airfield-Ops-Portal,admin_config_change,elevated,success,0
OP000456,2026-07-14T15:27:39,STF1170,staff,,Cargo-Manifest-System,create_user,elevated,success,0
OP002385,2026-07-14T15:33:49,STF1058,staff,,Airfield-Ops-Portal,update_schedule,standard,success,0
OP002950,2026-07-14T15:39:51,VND2007,vendor,SkyLink Ground Services,Baggage-Handling-System,view_manifest,standard,success,0
OP001185,2026-07-14T16:26:44,STF1035,staff,,Cargo-Manifest-System,view_manifest,standard,success,0
OP002870,2026-07-14T16:30:53,VND2027,vendor,Meridian Aircraft Maintenance,Departure-Control-System,download_bulk_data,elevated,success,0
OP002227,2026-07-14T16:48:36,VND2014,vendor,AeroFuel Solutions,Departure-Control-System,create_user,elevated,success,0
OP001830,2026-07-14T17:01:46,STF1159,staff,,Departure-Control-System,view_manifest,standard,success,0
OP002106,2026-07-14T17:07:33,STF1051,staff,,Departure-Control-System,read_sensor_status,standard,success,0
OP001700,2026-07-14T17:14:52,VND2028,vendor,Horizon Cleaning Services,Departure-Control-System,view_manifest,standard,success,0
OP002644,2026-07-14T17:16:05,VND2017,vendor,Horizon Cleaning Services,Gate-Management-System,update_schedule,standard,success,0
OP002978,2026-07-14T17:21:10,STF1157,staff,,Cargo-Manifest-System,view_manifest,standard,success,0
OP001251,2026-07-14T17:37:11,STF1165,staff,,Departure-Control-System,read_sensor_status,standard,success,0
OP001509,2026-07-14T17:42:36,STF1046,staff,,Cargo-Manifest-System,update_schedule,standard,success,0
OP000229,2026-07-14T18:00:16,STF1087,staff,,Cargo-Manifest-System,modify_routing_rule,elevated,success,0
OP002480,2026-07-14T18:00:34,STF1012,staff,,Airfield-Ops-Portal,view_manifest,standard,success,0
OP000076,2026-07-14T18:42:29,STF1030,staff,,Airfield-Ops-Portal,export_report,standard,success,0
OP000750,2026-07-14T19:23:16,STF1062,staff,,Departure-Control-System,view_manifest,standard,success,0
OP001641,2026-07-14T19:41:37,VND2005,vendor,AeroFuel Solutions,Baggage-Handling-System,view_manifest,standard,denied,0
OP002485,2026-07-14T20:08:07,STF1087,staff,,Gate-Management-System,read_sensor_status,standard,success,0
OP000490,2026-07-14T20:44:55,VND2010,vendor,SkyLink Ground Services,Gate-Management-System,export_report,standard,success,0
OP000806,2026-07-14T20:59:45,VND2013,vendor,Falcon Cargo Handling,Baggage-Handling-System,read_sensor_status,standard,success,0
OP002360,2026-07-14T21:03:39,STF1001,staff,,Gate-Management-System,update_schedule,standard,success,0
OP002506,2026-07-14T21:04:01,STF1001,staff,,Baggage-Handling-System,read_sensor_status,standard,success,0
OP000525,2026-07-14T21:23:03,STF1017,staff,,Airfield-Ops-Portal,read_sensor_status,standard,success,0
OP001412,2026-07-14T21:45:17,STF1113,staff,,Cargo-Manifest-System,export_report,standard,success,0
OP000686,2026-07-14T21:48:56,STF1156,staff,,Airfield-Ops-Portal,read_sensor_status,standard,success,0
OP001522,2026-07-14T21:49:10,STF1124,staff,,Cargo-Manifest-System,view_manifest,standard,success,0
OP002225,2026-07-14T21:51:43,VND2004,vendor,Falcon Cargo Handling,Cargo-Manifest-System,update_schedule,standard,success,0
OP000082,2026-07-14T23:15:05,STF1151,staff,,Baggage-Handling-System,view_manifest,standard,success,0
OP002526,2026-07-15T00:12:54,VND2020,vendor,Coastal Catering Co,Airfield-Ops-Portal,export_report,standard,success,0
OP002392,2026-07-15T00:24:39,STF1149,staff,,Departure-Control-System,download_bulk_data,elevated,success,1
OP002786,2026-07-15T01:04:56,STF1111,staff,,Airfield-Ops-Portal,view_manifest,standard,success,0
OP002127,2026-07-15T01:05:22,VND2029,vendor,Horizon Cleaning Services,Departure-Control-System,export_report,standard,success,0
OP002312,2026-07-15T01:07:45,VND2021,vendor,Falcon Cargo Handling,Baggage-Handling-System,view_manifest,standard,success,0
OP002969,2026-07-15T02:18:54,STF1037,staff,,Departure-Control-System,read_sensor_status,standard,success,0
OP000436,2026-07-15T03:08:16,STF1106,staff,,Airfield-Ops-Portal,modify_routing_rule,elevated,success,0
OP003005,2026-07-15T04:44:53,STF1149,staff,,Departure-Control-System,export_report,standard,success,0
OP002904,2026-07-15T06:33:37,VND2021,vendor,Falcon Cargo Handling,Departure-Control-System,read_sensor_status,standard,success,0
OP002011,2026-07-15T06:44:19,STF1112,staff,,Gate-Management-System,update_schedule,standard,success,0
OP002597,2026-07-15T06:44:32,VND2015,vendor,AeroFuel Solutions,Airfield-Ops-Portal,export_report,standard,success,0
OP002932,2026-07-15T06:47:56,STF1142,staff,,Gate-Management-System,export_report,standard,success,0
OP000043,2026-07-15T07:15:50,STF1140,staff,,Baggage-Handling-System,view_manifest,standard,denied,0
OP001090,2026-07-15T07:43:02,VND2013,vendor,Falcon Cargo Handling,Cargo-Manifest-System,export_report,standard,success,0
OP001957,2026-07-15T07:49:16,STF1173,staff,,Departure-Control-System,update_schedule,standard,success,0
OP000843,2026-07-15T08:06:58,STF1077,staff,,Departure-Control-System,read_sensor_status,standard,success,0
OP002031,2026-07-15T08:08:39,STF1100,staff,,Departure-Control-System,read_sensor_status,standard,success,0
OP002827,2026-07-15T09:05:12,STF1013,staff,,Airfield-Ops-Portal,export_report,standard,success,0
OP000614,2026-07-15T09:11:17,VND2026,vendor,Horizon Cleaning Services,Airfield-Ops-Portal,read_sensor_status,standard,success,0
OP000015,2026-07-15T09:14:30,VND2019,vendor,Falcon Cargo Handling,Gate-Management-System,download_bulk_data,elevated,success,0
OP000179,2026-07-15T09:24:31,STF1025,staff,,Airfield-Ops-Portal,view_manifest,standard,success,0
OP002881,2026-07-15T09:48:41,STF1049,staff,,Departure-Control-System,view_manifest,standard,success,0
OP002401,2026-07-15T09:52:12,STF1143,staff,,Departure-Control-System,read_sensor_status,standard,success,0
OP000291,2026-07-15T10:11:40,VND2015,vendor,AeroFuel Solutions,Airfield-Ops-Portal,modify_routing_rule,elevated,success,0
OP001456,2026-07-15T10:15:50,STF1113,staff,,Departure-Control-System,read_sensor_status,standard,success,0
OP000432,2026-07-15T10:19:53,VND2014,vendor,AeroFuel Solutions,Cargo-Manifest-System,read_sensor_status,standard,success,0
OP001741,2026-07-15T10:41:56,STF1069,staff,,Departure-Control-System,admin_config_change,elevated,success,0
OP001899,2026-07-15T10:43:11,STF1099,staff,,Airfield-Ops-Portal,view_manifest,standard,success,0
OP000800,2026-07-15T11:11:04,VND2014,vendor,AeroFuel Solutions,Departure-Control-System,read_sensor_status,standard,success,0
OP000017,2026-07-15T11:17:32,VND2001,vendor,Meridian Aircraft Maintenance,Departure-Control-System,export_report,standard,success,0
OP002531,2026-07-15T11:29:20,STF1141,staff,,Baggage-Handling-System,read_sensor_status,standard,success,0
OP002879,2026-07-15T11:48:47,STF1142,staff,,Baggage-Handling-System,view_manifest,standard,success,0
OP002042,2026-07-15T11:56:38,VND2005,vendor,AeroFuel Solutions,Baggage-Handling-System,update_schedule,standard,success,0
OP000216,2026-07-15T12:19:48,VND2030,vendor,Meridian Aircraft Maintenance,Baggage-Handling-System,read_sensor_status,standard,success,0
OP002648,2026-07-15T12:44:16,STF1164,staff,,Baggage-Handling-System,create_user,elevated,success,1
OP001597,2026-07-15T12:48:02,STF1015,staff,,Airfield-Ops-Portal,view_manifest,standard,success,0
OP001980,2026-07-15T12:53:05,STF1062,staff,,Departure-Control-System,modify_routing_rule,elevated,success,0
OP000637,2026-07-15T13:16:22,STF1069,staff,,Airfield-Ops-Portal,view_manifest,standard,success,0
OP001543,2026-07-15T13:27:33,STF1106,staff,,Gate-Management-System,create_user,elevated,success,0
OP001052,2026-07-15T13:37:30,VND2008,vendor,SkyLink Ground Services,Cargo-Manifest-System,update_schedule,standard,success,0
OP002712,2026-07-15T13:42:59,VND2008,vendor,SkyLink Ground Services,Gate-Management-System,update_schedule,standard,success,0
OP001860,2026-07-15T13:48:41,STF1030,staff,,Cargo-Manifest-System,view_manifest,standard,success,0
OP001896,2026-07-15T14:29:10,VND2009,vendor,Falcon Cargo Handling,Departure-Control-System,read_sensor_status,standard,success,0
OP002083,2026-07-15T14:33:27,STF1073,staff,,Gate-Management-System,update_schedule,standard,success,0
OP002620,2026-07-15T15:01:07,STF1024,staff,,Cargo-Manifest-System,update_schedule,standard,success,0
OP002299,2026-07-15T15:46:52,VND2010,vendor,SkyLink Ground Services,Cargo-Manifest-System,create_user,elevated,success,0
OP002208,2026-07-15T15:52:51,VND2004,vendor,Falcon Cargo Handling,Gate-Management-System,view_manifest,standard,success,0
OP000445,2026-07-15T15:57:49,STF1037,staff,,Departure-Control-System,view_manifest,standard,success,0
OP002365,2026-07-15T15:58:28,STF1159,staff,,Baggage-Handling-System,export_report,standard,success,0
OP001063,2026-07-15T16:25:42,VND2000,vendor,SkyLink Ground Services,Baggage-Handling-System,read_sensor_status,standard,success,0
OP000071,2026-07-15T16:26:41,STF1140,staff,,Airfield-Ops-Portal,modify_routing_rule,elevated,success,0
OP000716,2026-07-15T16:32:18,STF1173,staff,,Gate-Management-System,admin_config_change,elevated,success,0
OP000881,2026-07-15T16:39:21,VND2017,vendor,Horizon Cleaning Services,Baggage-Handling-System,read_sensor_status,standard,success,0
OP001882,2026-07-15T16:46:35,VND2015,vendor,AeroFuel Solutions,Cargo-Manifest-System,create_user,elevated,success,0
OP001256,2026-07-15T16:59:46,STF1106,staff,,Departure-Control-System,update_schedule,standard,success,0
OP002802,2026-07-15T17:01:57,STF1108,staff,,Gate-Management-System,admin_config_change,elevated,success,0
OP000271,2026-07-15T17:08:22,STF1013,staff,,Cargo-Manifest-System,modify_routing_rule,elevated,success,0
OP001378,2026-07-15T17:51:37,STF1167,staff,,Gate-Management-System,create_user,elevated,success,1
OP000507,2026-07-15T18:00:05,STF1013,staff,,Departure-Control-System,view_manifest,standard,success,0
OP002886,2026-07-15T18:36:11,VND2014,vendor,AeroFuel Solutions,Airfield-Ops-Portal,update_schedule,standard,success,0
OP003009,2026-07-15T18:37:35,STF1179,staff,,Gate-Management-System,modify_routing_rule,elevated,success,0
OP001815,2026-07-15T19:09:39,STF1139,staff,,Baggage-Handling-System,export_report,standard,success,0
OP000970,2026-07-15T19:10:27,VND2026,vendor,Horizon Cleaning Services,Gate-Management-System,read_sensor_status,standard,success,0
OP002166,2026-07-15T19:56:07,STF1008,staff,,Gate-Management-System,read_sensor_status,standard,success,0
OP000222,2026-07-15T19:59:22,STF1011,staff,,Baggage-Handling-System,read_sensor_status,standard,success,0
OP001675,2026-07-15T20:21:17,STF1074,staff,,Cargo-Manifest-System,read_sensor_status,standard,success,0
OP000944,2026-07-15T20:25:13,VND2029,vendor,Horizon Cleaning Services,Baggage-Handling-System,read_sensor_status,standard,success,0
OP000122,2026-07-15T21:02:29,VND2031,vendor,Meridian Aircraft Maintenance,Gate-Management-System,read_sensor_status,standard,success,0
OP000001,2026-07-15T21:20:17,VND2026,vendor,Horizon Cleaning Services,Airfield-Ops-Portal,view_manifest,standard,success,0
OP002510,2026-07-15T21:21:51,STF1156,staff,,Airfield-Ops-Portal,view_manifest,standard,success,0
OP001887,2026-07-15T21:54:05,VND2020,vendor,Coastal Catering Co,Airfield-Ops-Portal,view_manifest,standard,success,0
